cid,bdate,gen
NASAW00011000,1971-10-06,Male
NASAW00011001,1976-05-10,Male
NASAW00011002,1971-02-09,Male
NASAW00011003,1973-08-14,Female
NASAW00011004,1979-08-05,Female
NASAW00011005,1976-08-01,Male
NASAW00011006,1976-12-02,Female
NASAW00011007,1969-11-06,Male
NASAW00011008,1975-07-04,Female
NASAW00011009,1969-09-29,Male
NASAW00011010,1969-08-05,Female
NASAW00011011,1969-05-03,Male
NASAW00011012,1979-01-14,Female
NASAW00011013,1979-08-03,Male
NASAW00011014,1973-11-06,Female
NASAW00011015,1984-08-26,Female
NASAW00011016,1984-10-25,Male
NASAW00011017,1949-12-24,Female
NASAW00011018,1955-10-06,Male
NASAW00011019,1983-09-04,Male
NASAW00011020,1984-03-19,Male
NASAW00011021,1984-03-02,Female
NASAW00011022,1984-04-10,Female
NASAW00011023,1984-04-09,Female
NASAW00011024,1984-03-16,Female
NASAW00011025,1951-06-22,Female
NASAW00011026,1951-10-01,Female
NASAW00011027,1952-06-05,Female
NASAW00011028,1951-10-09,Female
NASAW00011029,1952-06-19,Female
NASAW00011030,1958-02-18,Female
NASAW00011031,1953-02-18,Female
NASAW00011032,1952-12-08,Female
NASAW00011033,1958-09-19,Female
NASAW00011034,1952-12-16,Female
NASAW00011035,1953-08-23,Female
NASAW00011036,1984-06-16,Female
NASAW00011037,1983-05-27,Female
NASAW00011038,1953-09-20,Female
NASAW00011039,1954-06-16,"  "
NASAW00011040,1983-01-29," "
NASAW00011041,1983-04-15," "
NASAW00011042,1982-12-11,Female
NASAW00011043,1981-08-23,Female
NASAW00011044,1954-11-21,Female
NASAW00011045,1955-11-16,Female
NASAW00011046,1955-09-19,Female
NASAW00011047,1955-08-27,Female
NASAW00011048,1956-05-21,Female
NASAW00011049,1986-01-15,Female
NASAW00011050,1957-03-06,Female
NASAW00011051,1957-01-31,Female
NASAW00011052,1957-02-03,Female
NASAW00011053,1986-02-17,Female
NASAW00011054,1957-09-07,Female
NASAW00011055,1957-09-02,"M "
NASAW00011056,1958-10-01,"F "
NASAW00011057,1970-04-07,Female
NASAW00011058,1965-04-23,Female
NASAW00011059,1959-09-29,Female
NASAW00011060,1959-09-14,Female
NASAW00011061,1976-02-20,Male
NASAW00011062,1981-03-01,Male
NASAW00011063,1980-10-04,Female
NASAW00011064,1981-06-05,Male
NASAW00011065,1979-04-08,Female
NASAW00011066,1979-05-27,Female
NASAW00011067,1982-03-25,Male
NASAW00011068,1966-09-19,Female
NASAW00011069,1966-09-17,Female
NASAW00011070,1960-10-02,Male
NASAW00011071,1960-12-23,Female
NASAW00011072,1960-08-05,Female
NASAW00011073,1962-02-11,Female
NASAW00011074,1962-02-25,Male
NASAW00011075,1963-05-16,Female
NASAW00011076,1963-01-10,Male
NASAW00011077,1963-03-19,Female
NASAW00011078,1985-01-06,Female
NASAW00011079,1970-03-07,Male
NASAW00011080,1965-01-13,Male
NASAW00011081,1972-01-21,Female
NASAW00011082,1972-02-01,Female
NASAW00011083,1977-03-11,Female
NASAW00011084,1963-03-12,Male
NASAW00011085,1963-01-16,Female
NASAW00011086,1963-06-22,Male
NASAW00011087,1963-04-02,Female
NASAW00011088,1963-05-25,Male
NASAW00011089,1962-08-05,Female
NASAW00011090,1968-12-13,Male
NASAW00011091,1962-10-02,Male
NASAW00011092,1972-11-02,Female
NASAW00011093,1978-09-06,Female
NASAW00011094,1967-09-29,Male
NASAW00011095,1968-02-29,Male
NASAW00011096,1968-02-07,Male
NASAW00011097,1972-10-23,Male
NASAW00011098,1966-10-29,Female
NASAW00011099,1966-09-05,Male
NASAW00011100,1966-03-15,Female
NASAW00011101,1970-11-05,Female
NASAW00011102,1970-10-19,Female
NASAW00011103,1981-04-12,Female
NASAW00011104,1975-03-08,Male
NASAW00011105,1970-06-27,Female
NASAW00011106,1970-03-11,Male
NASAW00011107,1976-03-04,Female
NASAW00011108,1969-01-10,Female
NASAW00011109,1980-04-30,Male
NASAW00011110,1967-12-04,Male
NASAW00011111,1967-08-23,Female
NASAW00011112,1968-03-08,Female
NASAW00011113,1973-02-17,Male
NASAW00011114,1967-11-25,Female
NASAW00011115,1967-08-12,Male
NASAW00011116,1979-04-02,Male
NASAW00011117,1966-08-21,Female
NASAW00011118,1962-12-31,Male
NASAW00011119,1940-10-07,Male
NASAW00011120,1942-02-06,Female
NASAW00011121,1966-05-18,Male
NASAW00011122,1965-09-30,Male
NASAW00011123,1965-12-18,Male
NASAW00011124,1968-07-23,Male
NASAW00011125,1961-10-06,Female
NASAW00011126,1954-10-05,Male
NASAW00011127,1981-04-19,Female
NASAW00011128,1981-06-03,Female
NASAW00011129,1981-02-01,Female
NASAW00011130,1985-07-05,Female
NASAW00011131,1985-09-09,Female
NASAW00011132,1986-04-25,Female
NASAW00011133,1986-03-08,Female
NASAW00011134,1957-02-22,Male
NASAW00011135,1985-05-02,Male
NASAW00011136,1984-04-24,Female
NASAW00011137,1984-01-17,Female
NASAW00011138,1984-03-14,Female
NASAW00011139,1949-11-05,Female
NASAW00011140,1982-08-11,Male
NASAW00011141,1982-12-19,F
NASAW00011142,1983-02-11,M
NASAW00011143,1982-08-04,Male
NASAW00011144,1985-03-08,Male
NASAW00011145,1985-06-06,Female
NASAW00011146,1945-02-22,Female
NASAW00011147,1944-08-04,Male
NASAW00011148,1947-02-13,Male
NASAW00011149,1946-10-18,Male
NASAW00011150,1946-09-12,Male
NASAW00011151,1947-08-25,Female
NASAW00011152,1981-07-09,Male
NASAW00011153,1981-12-21,Female
NASAW00011154,1982-02-18,Female
NASAW00011155,1981-07-25,Male
NASAW00011156,1981-08-06,Female
NASAW00011157,1980-12-08,Female
NASAW00011158,1981-04-06,Male
NASAW00011159,1981-03-16,Female
NASAW00011160,1979-07-08,Male
NASAW00011161,1979-10-20,Female
NASAW00011162,1979-09-02,Male
NASAW00011163,1980-06-18,Male
NASAW00011164,1979-11-02,Male
NASAW00011165,1979-01-15,Female
NASAW00011166,1977-10-22,Female
NASAW00011167,1978-01-29,Female
NASAW00011168,1973-11-12,Male
NASAW00011169,1973-12-20,Male
NASAW00011170,1973-08-04,Female
NASAW00011171,1978-10-05,Male
NASAW00011172,1973-05-20,Female
NASAW00011173,1973-02-28,Female
NASAW00011174,1973-01-09,Male
NASAW00011175,1968-09-01,Male
NASAW00011176,1979-01-21,Male
NASAW00011177,1948-01-01,Male
NASAW00011178,1954-08-20,Male
NASAW00011179,1959-12-08,Female
NASAW00011180,1948-07-01,Female
NASAW00011181,1960-02-01,Male
NASAW00011182,1950-02-22,Female
NASAW00011183,1950-01-12,Female
NASAW00011184,1955-11-13,Female
NASAW00011185,1950-04-07,Female
NASAW00011186,1949-11-18,Female
NASAW00011187,1949-08-21,Female
NASAW00011188,1950-03-06,Female
NASAW00011189,1950-01-12,Male
NASAW00011190,1949-12-20,Male
NASAW00011191,1951-06-17,Female
NASAW00011192,1951-03-13,Male
NASAW00011193,1950-08-13,Male
NASAW00011194,1950-12-08,Female
NASAW00011195,1951-08-10,Female
NASAW00011196,1951-12-05,Male
NASAW00011197,1951-12-16,Female
NASAW00011198,1952-05-25,Female
NASAW00011199,1957-11-02,Female
NASAW00011200,1953-05-21,Male
NASAW00011201,1953-02-14,Female
NASAW00011202,1958-08-22,Female
NASAW00011203,1959-08-18,Male
NASAW00011204,1953-11-29,Female
NASAW00011205,1954-01-21,Female
NASAW00011206,1954-03-24,Male
NASAW00011207,1954-01-16,Female
NASAW00011208,1953-08-03,Female
NASAW00011209,1953-07-12,Female
NASAW00011210,1953-12-06,Male
NASAW00011211,1960-10-08,Female
NASAW00011212,1955-05-05,Female
NASAW00011213,1954-11-11,Female
NASAW00011214,1955-05-07,Male
NASAW00011215,1961-06-17,Female
NASAW00011216,1955-11-17,Female
NASAW00011217,1955-08-11,Female
NASAW00011218,1961-09-07,Female
NASAW00011219,1956-05-31,Male
NASAW00011220,1961-02-19,Female
NASAW00011221,1955-12-08,Male
NASAW00011222,1956-02-14,Female
NASAW00011223,1957-03-15,Female
NASAW00011224,1957-03-05,Female
NASAW00011225,1962-02-12,Female
NASAW00011226,1962-09-23,Female
NASAW00011227,1962-08-08,Male
NASAW00011228,1956-10-16,Female
NASAW00011229,1957-06-01,Male
NASAW00011230,1956-09-30,Female
NASAW00011231,1963-11-11,Male
NASAW00011232,1958-03-27,Female
NASAW00011233,1963-09-06,Male
NASAW00011234,1958-05-19,Female
NASAW00011235,1957-08-07,Male
NASAW00011236,1957-09-02,Male
NASAW00011237,1964-03-22,Male
NASAW00011238,1964-02-07,Female
NASAW00011239,1969-10-02,Female
NASAW00011240,1964-06-09,Female
NASAW00011241,1974-04-06,Female
NASAW00011242,1963-05-11,Male
NASAW00011243,1963-04-08,Female
NASAW00011244,1968-11-22,Female
NASAW00011245,1962-04-26,Male
NASAW00011246,1962-04-08,Female
NASAW00011247,1961-12-04,Female
NASAW00011248,1966-03-22,Male
NASAW00011249,1966-07-09,Female
NASAW00011250,1966-03-08,Female
NASAW00011251,1938-01-01,Male
NASAW00011252,1937-12-05,Male
NASAW00011253,1949-08-24,Male
NASAW00011254,1938-08-31,Male
NASAW00011255,1938-10-02,Male
NASAW00011256,1939-03-20,Female
NASAW00011257,2050-07-06,Female
NASAW00011258,1938-12-26,Male
NASAW00011259,1970-09-24,Female
NASAW00011260,1976-04-08,Female
NASAW00011261,1970-10-22,Female
NASAW00011262,1975-05-01,Female
NASAW00011263,1970-03-11,Female
NASAW00011264,1969-12-15,Male
NASAW00011265,1970-01-10,Female
NASAW00011266,1969-11-02,Female
NASAW00011267,1975-09-29,Male
NASAW00011268,1969-10-31,Female
NASAW00011269,1975-10-10,Male
NASAW00011270,1975-05-01,Male
NASAW00011271,1969-12-03,Female
NASAW00011272,1962-05-10,Female
NASAW00011273,1962-03-31,Male
NASAW00011274,1939-10-10,Male
NASAW00011275,1939-07-18,Female
NASAW00011276,1974-09-15,Female
NASAW00011277,1968-12-07,Male
NASAW00011278,1969-02-16,Male
NASAW00011279,1974-09-08,Female
NASAW00011280,1969-02-17,Male
NASAW00011281,1974-10-06,Female
NASAW00011282,1967-07-16,Male
NASAW00011283,1968-04-24,Male
NASAW00011284,1967-09-24,Female
NASAW00011285,1973-03-15,Male
NASAW00011286,1967-08-31,Male
NASAW00011287,1966-07-16,Male
NASAW00011288,1978-03-12,Female
NASAW00011289,1972-03-03,Female
NASAW00011290,1972-08-14,Female
NASAW00011291,1972-05-01,Female
NASAW00011292,1967-05-05,Male
NASAW00011293,1960-11-23,Male
NASAW00011294,1961-03-02,Male
NASAW00011295,1959-11-13,Female
NASAW00011296,1941-04-05,Female
NASAW00011297,1940-08-01,Male
NASAW00011298,1940-08-30,Male
NASAW00011299,1941-09-29,Male
NASAW00011300,1965-08-31,Male
NASAW00011301,1965-12-07,Male
NASAW00011302,1971-12-09,Male
NASAW00011303,1966-04-10,Female
NASAW00011304,1971-03-14,Female
NASAW00011305,1965-12-17,Male
NASAW00011306,1965-12-20,Male
NASAW00011307,1965-10-31,Male
NASAW00011308,1959-09-02,Male
NASAW00011309,1959-12-10,Female
NASAW00011310,1964-07-05,Female
NASAW00011311,1959-02-21,Female
NASAW00011312,1958-10-01,Female
NASAW00011313,1958-08-27,Male
NASAW00011314,1970-06-16,Female
NASAW00011315,1959-03-31,Female
NASAW00011316,1959-05-17,Male
NASAW00011317,1963-09-14,Female
NASAW00011318,1958-04-25,Female
NASAW00011319,1948-04-23,Female
NASAW00011320,1942-12-24,Female
NASAW00011321,1944-01-05,Male
NASAW00011322,1943-09-12,Female
NASAW00011323,1943-12-18,Male
NASAW00011324,1944-11-10,Male
NASAW00011325,1944-12-29,Male
NASAW00011326,1944-12-23,Male
NASAW00011327,1945-09-01,Male
NASAW00011328,1945-06-30,Male
NASAW00011329,1946-01-22,Male
NASAW00011330,1945-11-10,Male
NASAW00011331,1974-01-03,Female
NASAW00011332,1968-04-02,Female
NASAW00011333,1968-01-07,Female
NASAW00011334,1966-09-19,Female
NASAW00011335,1977-12-18,Female
NASAW00011336,1973-03-08,Male
NASAW00011337,1967-03-21,Male
NASAW00011338,1972-08-06,Male
NASAW00011339,1967-01-05,Male
NASAW00011340,1947-04-03,Female
NASAW00011341,1942-02-18,Male
NASAW00011342,1973-03-07,Male
NASAW00011343,1975-03-09,Male
NASAW00011344,1963-01-21,Female
NASAW00011345,1962-09-09,Female
NASAW00011346,1966-05-18,Female
NASAW00011347,1972-06-17,Male
NASAW00011348,1961-03-21,Male
NASAW00011349,1965-08-30,Female
NASAW00011350,1942-07-14,Female
NASAW00011351,1950-04-02,Female
NASAW00011352,1945-09-04,Male
NASAW00011353,1946-12-09,Female
NASAW00011354,1947-08-23,Female
NASAW00011355,1948-06-26,Male
NASAW00011356,1985-11-24,Male
NASAW00011357,1984-09-19,Male
NASAW00011358,1984-05-10,Female
NASAW00011359,1984-03-03,Male
NASAW00011360,1984-01-30,Male
NASAW00011361,1982-10-26,Female
NASAW00011362,1983-05-11,Male
NASAW00011363,1983-04-19,Male
NASAW00011364,1985-03-22,Female
NASAW00011365,1984-12-06,Female
NASAW00011366,1985-04-23,Female
NASAW00011367,1984-08-21,Male
NASAW00011368,1984-05-24,Male
NASAW00011369,1984-02-01,Female
NASAW00011370,1983-09-29,Female
NASAW00011371,1983-11-24,Female
NASAW00011372,1983-11-12,Female
NASAW00011373,1954-09-16,Female
NASAW00011374,1948-12-25,Male
NASAW00011375,1948-11-05,Male
NASAW00011376,1948-12-07,Male
NASAW00011377,1966-08-23,Male
NASAW00011378,1965-11-19,Female
NASAW00011379,1976-05-13,Male
NASAW00011380,1964-08-29,Male
NASAW00011381,1970-08-18,Female
NASAW00011382,1974-07-15,Male
NASAW00011383,1966-02-25,Female
NASAW00011384,1971-10-13,Female
NASAW00011385,1971-08-08,Male
NASAW00011386,1971-11-02,Female
NASAW00011387,1964-11-29,Female
NASAW00011388,1965-01-20,Male
NASAW00011389,1981-04-20,Male
NASAW00011390,1976-04-17,Female
NASAW00011391,1976-06-25,Female
NASAW00011392,1981-02-03,Male
NASAW00011393,1974-07-17,Male
NASAW00011394,1975-04-22,Male
NASAW00011395,1976-04-16,Female
NASAW00011396,1975-04-04,Male
NASAW00011397,1974-12-02,Female
NASAW00011398,1975-03-09,Male
NASAW00011399,1975-02-01,Female
NASAW00011400,1980-04-15,Male
NASAW00011401,1975-02-23,Female
NASAW00011402,1975-05-20,Female
NASAW00011403,1980-01-06,Female
NASAW00011404,1957-06-30,Female
NASAW00011405,1957-08-16,Female
NASAW00011406,1957-12-31,Female
NASAW00011407,1957-09-30,Male
NASAW00011408,1964-05-10,Male
NASAW00011409,1979-03-02,Female
NASAW00011410,2042-02-22,Male
NASAW00011411,1959-08-12,Male
NASAW00011412,1959-10-07,Female
NASAW00011413,1959-10-13,Female
NASAW00011414,1959-09-15,Male
NASAW00011415,1949-12-03,Male
NASAW00011416,1950-09-16,Female
NASAW00011417,1950-08-26,Female
NASAW00011418,1950-08-09,Male
NASAW00011419,1950-08-18,Male
NASAW00011420,1952-01-09,Male
NASAW00011421,1952-01-16,Female
NASAW00011422,1952-02-29,Male
NASAW00011423,1960-05-04,Female
NASAW00011424,1964-12-03,Female
NASAW00011425,1965-08-02,Female
NASAW00011426,1959-04-01,Male
NASAW00011427,1959-06-17,Female
NASAW00011428,1959-02-19,Female
NASAW00011429,1958-01-13,Male
NASAW00011430,1957-09-21,Female
NASAW00011431,1974-10-20,Male
NASAW00011432,1957-03-10,Female
NASAW00011433,1957-03-01,Male
NASAW00011434,1962-05-02,Male
NASAW00011435,1955-09-03,Female
NASAW00011436,1956-03-17,Female
NASAW00011437,1955-06-16,Male
NASAW00011438,1955-04-13,Female
NASAW00011439,1953-11-14,Female
NASAW00011440,1953-03-26,Male
NASAW00011441,1952-12-09,Female
NASAW00011442,1953-05-13,Male
NASAW00011443,1981-11-19,Female
NASAW00011444,1981-10-26,Female
NASAW00011445,1980-01-18,Female
NASAW00011446,1980-02-09,Female
NASAW00011447,1980-02-13,Female
NASAW00011448,1980-10-25,Male
NASAW00011449,1980-08-01,Male
NASAW00011450,1981-05-11,Male
NASAW00011451,1980-05-08,Male
NASAW00011452,1979-05-05,Female
NASAW00011453,1984-08-17,Male
NASAW00011454,1979-10-20,Female
NASAW00011455,1979-10-19,Male
NASAW00011456,1980-01-05,Male
NASAW00011457,1978-11-18,Female
NASAW00011458,1978-10-03,Female
NASAW00011459,1978-04-12,Female
NASAW00011460,1983-10-04,Male
NASAW00011461,1977-09-22,Male
NASAW00011462,1977-07-18,Female
NASAW00011463,1977-09-09,Female
NASAW00011464,1977-05-15,Male
NASAW00011465,1976-08-18,Male
NASAW00011466,1977-01-30,Male
NASAW00011467,1975-04-06,Male
NASAW00011468,1980-12-15,Female
NASAW00011469,1978-10-14,Male
NASAW00011470,1979-03-25,Male
NASAW00011471,1979-03-25,Female
NASAW00011472,1968-09-30,Male
NASAW00011473,1986-01-30,Female
NASAW00011474,1985-08-21,Male
NASAW00011475,1984-04-07,Male
NASAW00011476,1980-05-16,Female
NASAW00011477,1984-06-21,Male
NASAW00011478,1984-02-22,Male
NASAW00011479,1978-10-20,Male
NASAW00011480,1984-03-07,Female
NASAW00011481,1978-11-20,Female
NASAW00011482,1978-01-16,Female
NASAW00011483,1983-05-19,Male
NASAW00011484,1983-03-03,Male
NASAW00011485,1978-02-04,Male
NASAW00011486,1982-05-21,Female
NASAW00011487,1977-01-05,Female
NASAW00011488,1977-03-20,Male
NASAW00011489,1976-09-03,Female
NASAW00011490,1976-07-05,Male
NASAW00011491,1982-04-02,Male
NASAW00011492,1982-11-15,Male
NASAW00011493,1976-05-31,Female
NASAW00011494,1976-01-25,Male
NASAW00011495,1977-03-03,Male
NASAW00011496,1976-04-15,Male
NASAW00011497,1981-11-22,Female
NASAW00011498,1979-07-15,Male
NASAW00011499,1980-05-13,Male
NASAW00011500,1980-03-17,Female
NASAW00011501,1981-01-03,Female
NASAW00011502,1980-09-03,Male
NASAW00011503,1936-04-11,Male
NASAW00011504,1936-10-17,Female
NASAW00011505,1972-01-04,Female
NASAW00011506,1971-11-14,Male
NASAW00011507,1972-05-19,Female
NASAW00011508,1972-01-04,Female
NASAW00011509,1964-07-22,Female
NASAW00011510,1959-01-10,Male
NASAW00011511,1964-06-10,Male
NASAW00011512,1976-08-05,Female
NASAW00011513,1965-09-23,Female
NASAW00011514,1965-04-16,Male
NASAW00011515,1959-08-25,Female
NASAW00011516,1976-10-13,Female
NASAW00011517,1959-12-18,Female
NASAW00011518,1960-11-06,Male
NASAW00011519,1960-09-13,Male
NASAW00011520,1960-10-08,Female
NASAW00011521,1977-12-01,Female
NASAW00011522,1972-06-17,Male
NASAW00011523,1962-02-07,Male
NASAW00011524,1961-07-22,Female
NASAW00011525,1961-07-08,Female
NASAW00011526,1973-01-30,Female
NASAW00011527,1961-12-02,Female
NASAW00011528,1968-08-15,Female
NASAW00011529,1963-05-16,Male
NASAW00011530,1963-01-23,Male
NASAW00011531,1962-07-07,Female
NASAW00011532,1962-08-26,Female
NASAW00011533,1968-07-17,Female
NASAW00011534,1964-05-12,Male
NASAW00011535,1963-12-31,Male
NASAW00011536,1969-04-13,Male
NASAW00011537,1963-09-21,Male
NASAW00011538,1965-02-24,Female
NASAW00011539,1970-08-18,Male
NASAW00011540,1970-01-24,Male
NASAW00011541,1964-10-09,Male
NASAW00011542,1979-09-07,Male
NASAW00011543,1973-08-16,Female
NASAW00011544,1979-05-04,Male
NASAW00011545,1973-09-22,Male
NASAW00011546,1973-09-11,Female
NASAW00011547,1979-03-05,Female
NASAW00011548,1974-04-11,Male
NASAW00011549,1979-09-03,Female
NASAW00011550,1979-08-05,Female
NASAW00011551,2050-05-21,Male
NASAW00011552,1972-11-23,Male
NASAW00011553,1973-03-08,Female
NASAW00011554,1932-03-27,Female
NASAW00011555,1937-07-04,Female
NASAW00011556,1972-11-10,Male
NASAW00011557,1972-07-14,Female
NASAW00011558,1973-02-18,Male
NASAW00011559,1978-12-12,Male
NASAW00011560,1978-08-09,Female
NASAW00011561,1972-01-21,Female
NASAW00011562,2038-10-17,Male
NASAW00011563,1971-08-01,Male
NASAW00011564,1972-01-09,Male
NASAW00011565,1971-12-30,Male
NASAW00011566,1973-03-01,Female
NASAW00011567,1978-09-19,Female
NASAW00011568,1972-04-21,Female
NASAW00011569,1977-05-06,Male
NASAW00011570,1971-07-22,Female
NASAW00011571,1971-11-15,Male
NASAW00011572,1977-03-11,Male
NASAW00011573,1976-11-11,Female
NASAW00011574,1971-01-14,Female
NASAW00011575,1970-10-19,Male
NASAW00011576,1970-08-10,Male
NASAW00011577,1971-04-21,Female
NASAW00011578,1970-05-08,Female
NASAW00011579,1981-02-13,Male
NASAW00011580,1939-03-12,Male
NASAW00011581,2045-03-03,Female
NASAW00011582,1974-04-09,Female
NASAW00011583,1971-03-26,Female
NASAW00011584,1971-05-22,Male
NASAW00011585,1976-03-04,Female
NASAW00011586,1971-06-14,Male
NASAW00011587,1975-10-18,Male
NASAW00011588,1970-01-11,Female
NASAW00011589,1975-05-01,Female
NASAW00011590,1980-04-12,Female
NASAW00011591,1968-11-12,Female
NASAW00011592,1984-03-03,Male
NASAW00011593,1982-09-22,Male
NASAW00011594,1985-05-03,Male
NASAW00011595,1984-12-29,Male
NASAW00011596,1969-03-02,Male
NASAW00011597,1983-08-06,Female
NASAW00011598,1983-12-30,Female
NASAW00011599,1983-03-16,Female
NASAW00011600,1982-10-05,Female
NASAW00011601,1983-02-18,Male
NASAW00011602,1982-10-11,Male
NASAW00011603,1982-08-06,Male
NASAW00011604,1982-12-01,Male
NASAW00011605,1982-05-20,Female
NASAW00011606,1986-01-30,Female
NASAW00011607,1986-05-05,Male
NASAW00011608,1981-09-01,Male
NASAW00011609,1981-12-24,Male
NASAW00011610,1980-10-20,Male
NASAW00011611,1985-02-23,Male
NASAW00011612,1985-10-07,Male
NASAW00011613,1981-05-02,Female
NASAW00011614,1981-02-13,Female
NASAW00011615,1981-05-20,Male
NASAW00011616,1980-09-05,Female
NASAW00011617,1964-10-01,Male
NASAW00011618,1964-10-21,Male
NASAW00011619,1978-10-29,Female
NASAW00011620,1978-10-18,Female
NASAW00011621,1978-08-19,Female
NASAW00011622,1979-06-16,Male
NASAW00011623,1978-12-25,Female
NASAW00011624,1984-03-19,Male
NASAW00011625,1978-07-19,Male
NASAW00011626,1978-12-12,Female
NASAW00011627,1978-08-27,Male
NASAW00011628,1977-11-14,Female
NASAW00011629,1976-08-07,Male
NASAW00011630,1977-06-23,Female
NASAW00011631,1976-08-12,Male
NASAW00011632,1982-05-02,Female
NASAW00011633,1977-11-23,Male
NASAW00011634,1977-12-10,Male
NASAW00011635,1983-08-11,Male
NASAW00011636,1978-06-21,Female
NASAW00011637,1983-08-11,Female
NASAW00011638,1977-09-09,Male
NASAW00011639,1978-06-22,Female
NASAW00011640,1975-10-31,Female
NASAW00011641,1976-02-09,Male
NASAW00011642,1976-06-24,Female
NASAW00011643,1976-01-24,Female
NASAW00011644,1975-04-06,Male
NASAW00011645,1975-04-18,Female
NASAW00011646,1980-03-15,Female
NASAW00011647,1975-03-22,Male
NASAW00011648,1980-04-12,Male
NASAW00011649,1980-01-23,Male
NASAW00011650,1975-01-23,Male
NASAW00011651,1982-12-13,Female
NASAW00011652,1982-05-01,Male
NASAW00011653,1982-06-04,Female
NASAW00011654,1977-03-18,Female
NASAW00011655,1982-03-28,Female
NASAW00011656,1977-03-19,Female
NASAW00011657,1976-10-31,Female
NASAW00011658,1985-08-03,Male
NASAW00011659,1974-10-20,Male
NASAW00011660,1980-01-19,Female
NASAW00011661,1981-01-03,Male
NASAW00011662,1976-01-01,Male
NASAW00011663,1975-08-25,Male
NASAW00011664,1975-08-09,Female
NASAW00011665,1976-06-11,Female
NASAW00011666,1981-12-13,Male
NASAW00011667,1972-12-18,Male
NASAW00011668,1984-03-02,Female
NASAW00011669,1978-10-17,Female
NASAW00011670,1973-04-15,Female
NASAW00011671,1971-11-15,Female
NASAW00011672,1972-03-20,Male
NASAW00011673,1977-02-03,Female
NASAW00011674,1972-02-15,Female
NASAW00011675,1977-01-29,Male
NASAW00011676,1971-08-13,Male
NASAW00011677,1980-10-10,Male
NASAW00011678,1974-07-28,Male
NASAW00011679,1974-11-05,Male
NASAW00011680,1975-03-04,Female
NASAW00011681,1975-02-04,Female
NASAW00011682,1980-03-12,Female
NASAW00011683,1974-07-05,Male
NASAW00011684,1971-03-31,Male
NASAW00011685,1970-08-07,Male
NASAW00011686,1976-04-09,Male
NASAW00011687,1976-07-09,Male
NASAW00011688,1976-12-21,Female
NASAW00011689,1971-03-06,Male
NASAW00011690,1976-01-10,Female
NASAW00011691,1974-12-30,Female
NASAW00011692,1969-12-17,Male
NASAW00011693,1975-09-21,Female
NASAW00011694,1969-09-21,Male
NASAW00011695,1969-07-10,Male
NASAW00011696,1975-04-02,Female
NASAW00011697,1975-06-21,Male
NASAW00011698,1975-11-22,Male
NASAW00011699,1968-09-12,Male
NASAW00011700,1969-05-24,Male
NASAW00011701,1985-08-16,Male
NASAW00011702,1974-10-13,Female
NASAW00011703,1973-12-22,Female
NASAW00011704,1973-11-29,Male
NASAW00011705,1979-05-18,Female
NASAW00011706,1968-08-13,Male
NASAW00011707,1969-06-20,Female
NASAW00011708,1974-09-15,Female
NASAW00011709,1968-08-18,Female
NASAW00011710,1967-09-17,Female
NASAW00011711,1973-12-04,Male
NASAW00011712,1968-05-02,Female
NASAW00011713,1967-09-17,Male
NASAW00011714,1968-04-16,Female
NASAW00011715,1968-03-20,Female
NASAW00011716,1967-04-20,Male
NASAW00011717,1972-08-29,Male
NASAW00011718,1972-11-10,Female
NASAW00011719,1971-05-05,Male
NASAW00011720,1965-09-23,Female
NASAW00011721,1971-01-18,Female
NASAW00011722,1965-12-30,Male
NASAW00011723,1973-02-17,Male
NASAW00011724,1972-10-12,Male
NASAW00011725,1973-03-16,Male
NASAW00011726,1973-01-13,Male
NASAW00011727,1973-01-05,Male
NASAW00011728,1965-07-06,Male
NASAW00011729,1971-05-03,Male
NASAW00011730,1966-04-01,Female
NASAW00011731,1966-02-16,Female
NASAW00011732,1970-02-04,Male
NASAW00011733,1970-07-23,Female
NASAW00011734,1970-08-21,Male
NASAW00011735,1964-07-21,Female
NASAW00011736,1970-09-21,Male
NASAW00011737,1970-02-04,Female
NASAW00011738,1970-10-05,Male
NASAW00011739,1964-11-10,Male
NASAW00011740,1964-10-21,Female
NASAW00011741,1965-01-22,Female
NASAW00011742,1964-05-01,Male
NASAW00011743,1974-09-09,Male
NASAW00011744,1964-03-06,Female
NASAW00011745,1964-04-11,Female
NASAW00011746,1964-05-30,Male
NASAW00011747,1963-08-09,Female
NASAW00011748,1964-01-15,Male
NASAW00011749,1980-09-09,Male
NASAW00011750,1984-09-17,Female
NASAW00011751,1976-01-14,Female
NASAW00011752,1981-05-03,Female
NASAW00011753,1975-09-15,Female
NASAW00011754,1976-01-05,Female
NASAW00011755,1973-11-12,Male
NASAW00011756,1974-03-13,Female
NASAW00011757,1979-05-11,Male
NASAW00011758,1979-12-19,Male
NASAW00011759,1980-11-18,Female
NASAW00011760,1973-04-25,Female
NASAW00011761,1972-10-16,Male
NASAW00011762,1984-02-17,Male
NASAW00011763,1972-08-10,Male
NASAW00011764,1973-01-13,Female
NASAW00011765,1983-04-06,Male
NASAW00011766,1972-01-01,Female
NASAW00011767,1977-05-20,Female
NASAW00011768,1983-04-03,Male
NASAW00011769,1979-02-14,Female
NASAW00011770,1979-02-20,Male
NASAW00011771,1979-04-07,Male
NASAW00011772,1984-01-21,Male
NASAW00011773,1979-01-03,Male
NASAW00011774,1978-10-10,Female
NASAW00011775,2050-11-22,Female
NASAW00011776,1978-12-31,Male
NASAW00011777,1978-01-21,Female
NASAW00011778,1976-09-17,Female
NASAW00011779,1977-01-15,Female
NASAW00011780,1977-05-19,Female
NASAW00011781,1976-09-06,Male
NASAW00011782,1982-03-13,Female
NASAW00011783,1982-11-13,Female
NASAW00011784,1978-06-18,Male
NASAW00011785,1983-02-21,Male
NASAW00011786,1978-03-13,Male
NASAW00011787,1978-03-05,Male
NASAW00011788,1977-08-18,Female
NASAW00011789,1981-02-16,Female
NASAW00011790,1981-05-17,Male
NASAW00011791,1975-10-19,Male
NASAW00011792,1974-11-24,Female
NASAW00011793,1980-03-16,Male
NASAW00011794,1975-05-01,Female
NASAW00011795,1974-08-15,Female
NASAW00011796,1985-08-03,Female
NASAW00011797,1980-03-03,Male
NASAW00011798,1974-08-12,Male
NASAW00011799,1980-09-09,Male
NASAW00011800,1975-05-07,Female
NASAW00011801,1975-03-16,Male
NASAW00011802,1977-02-05,Female
NASAW00011803,1977-03-11,Female
NASAW00011804,1976-10-15,Female
NASAW00011805,1976-09-08,Male
NASAW00011806,1982-08-06,Female
NASAW00011807,1977-03-03,Male
NASAW00011808,1974-10-10,Male
NASAW00011809,1973-07-01,Male
NASAW00011810,1978-01-03,Male
NASAW00011811,1978-06-11,Female
NASAW00011812,1973-03-21,Male
NASAW00011813,1973-05-11,Female
NASAW00011814,1976-01-05,Male
NASAW00011815,1981-04-20,Female
NASAW00011816,1981-10-19,Male
NASAW00011817,1981-11-23,Female
NASAW00011818,1975-10-20,Male
NASAW00011819,1973-04-08,Male
NASAW00011820,1977-08-22,Female
NASAW00011821,1971-10-13,Male
NASAW00011822,1971-12-11,Female
NASAW00011823,1977-10-20,Female
NASAW00011824,1977-10-03,Female
NASAW00011825,1971-11-15,Female
NASAW00011826,1971-08-15,Female
NASAW00011827,1980-09-16,Female
NASAW00011828,1980-06-04,Female
NASAW00011829,1975-05-02,Female
NASAW00011830,1974-07-15,Female
NASAW00011831,1975-05-24,Male
NASAW00011832,1976-04-01,Female
NASAW00011833,1982-01-16,Male
NASAW00011834,1982-04-20,M
NASAW00011835,1970-12-17,Male
NASAW00011836,1970-10-25,M
NASAW00011837,1976-08-05,F
NASAW00011838,1970-08-09,Male
NASAW00011839,1976-07-21,Male
NASAW00011840,1976-05-13,Male
NASAW00011841,1969-09-13,Male
NASAW00011842,1970-04-03,Male
NASAW00011843,1975-11-08,Female
NASAW00011844,1969-10-06,Female
NASAW00011845,1930-02-15,Female
NASAW00011846,1969-12-13,Female
NASAW00011847,1970-05-31,Female
NASAW00011848,1975-02-24,Male
NASAW00011849,1970-03-13,Female
NASAW00011850,1980-09-16,Female
NASAW00011851,1969-03-07,Female
NASAW00011852,1969-04-23,Male
NASAW00011853,1979-11-15,Female
NASAW00011854,1973-10-16,Male
NASAW00011855,1974-08-09,Male
NASAW00011856,1969-02-13,Male
NASAW00011857,1974-03-08,Female
NASAW00011858,1968-06-05,Male
NASAW00011859,1968-03-08,Male
NASAW00011860,1967-07-09,Female
NASAW00011861,1967-10-22,Female
NASAW00011862,1972-09-11,Female
NASAW00011863,1967-04-10,Female
NASAW00011864,1967-03-06,Female
NASAW00011865,1966-08-06,Female
NASAW00011866,1966-12-30,Male
NASAW00011867,1971-04-21,Male
NASAW00011868,1973-01-31,Female
NASAW00011869,1984-05-01,Female
NASAW00011870,1978-07-10,Female
NASAW00011871,1978-08-12,Male
NASAW00011872,1978-07-17,Female
NASAW00011873,1972-10-09,Male
NASAW00011874,1978-03-06,Male
NASAW00011875,1966-01-31,Male
NASAW00011876,1966-05-13,Female
NASAW00011877,1966-04-06,Female
NASAW00011878,1971-02-04,Female
NASAW00011879,1971-09-30,Male
NASAW00011880,1965-02-16,Female
NASAW00011881,1965-01-20,Male
NASAW00011882,1975-09-05,Male
NASAW00011883,1965-02-10,Female
NASAW00011884,1970-04-22,Female
NASAW00011885,1970-09-21,Male
NASAW00011886,1963-07-20,Female
NASAW00011887,1963-10-03,Male
NASAW00011888,1969-12-18,Male
NASAW00011889,1963-11-25,Male
NASAW00011890,1964-05-14,Female
NASAW00011891,1969-09-13,Female
NASAW00011892,1975-04-07,Male
NASAW00011893,1974-08-09,Male
NASAW00011894,1980-04-30,Female
NASAW00011895,1975-01-18,Male
NASAW00011896,1975-05-18,Male
NASAW00011897,1974-05-28,Male
NASAW00011898,1975-12-31,Female
NASAW00011899,1976-03-15,Female
NASAW00011900,1981-03-03,Male
NASAW00011901,1973-08-18,Female
NASAW00011902,1972-09-14,Male
NASAW00011903,1985-10-21,Female
NASAW00011904,1986-05-05,Female
NASAW00011905,1974-12-14,Male
NASAW00011906,1972-08-17,Female
NASAW00011907,1973-03-07,Female
NASAW00011908,1972-01-08,Male
NASAW00011909,1971-08-10,Female
NASAW00011910,1971-12-10,Female
NASAW00011911,1972-05-15,Female
NASAW00011912,2066-06-16,Female
NASAW00011913,1970-12-09,Female
NASAW00011914,1979-05-05,Female
NASAW00011915,9999-09-13,Male
NASAW00011916,1976-09-03,Male
NASAW00011917,1971-04-21,Male
NASAW00011918,1969-08-31,Female
NASAW00011919,1969-08-17,Male
NASAW00011920,1975-02-24,Female
NASAW00011921,1970-06-22,Male
NASAW00011922,1985-02-13,Male
NASAW00011923,1985-04-21,Female
NASAW00011924,1985-04-23,Male
NASAW00011925,1984-05-05,Female
NASAW00011926,1983-09-15,Male
NASAW00011927,1984-01-21,Female
NASAW00011928,1984-03-06,Female
NASAW00011929,1962-08-08,Female
NASAW00011930,1952-10-31,Female
NASAW00011931,1984-05-12,Male
NASAW00011932,1984-02-08,Female
NASAW00011933,1982-09-01,Male
NASAW00011934,1983-04-13,Male
NASAW00011935,1983-05-19,Female
NASAW00011936,1982-10-09,Male
NASAW00011937,1982-12-03,Male
NASAW00011938,1983-03-21,Male
NASAW00011939,1982-12-20,Male
NASAW00011940,1983-01-09,Male
NASAW00011941,1982-05-26,Male
NASAW00011942,1954-12-11,Male
NASAW00011943,1954-08-27,Female
NASAW00011944,1956-04-13,Female
NASAW00011945,1986-03-11,Male
NASAW00011946,1956-07-02,Female
NASAW00011947,1957-04-20,Female
NASAW00011948,1956-10-07,Female
NASAW00011949,1986-05-05,Female
NASAW00011950,1985-03-09,Female
NASAW00011951,1958-02-03,Female
NASAW00011952,1960-03-22,Male
NASAW00011953,1981-03-03,Female
NASAW00011954,1981-02-13,Male
NASAW00011955,1980-10-02,Male
NASAW00011956,1985-08-30,Female
NASAW00011957,1979-02-09,Female
NASAW00011958,1978-07-06,Male
NASAW00011959,1978-10-05,Female
NASAW00011960,1978-12-31,Female
NASAW00011961,1978-12-22,Female
NASAW00011962,1982-05-28,Female
NASAW00011963,1960-12-10,Male
NASAW00011964,1967-02-13,Male
NASAW00011965,1962-04-18,Female
NASAW00011966,1967-02-13,Male
NASAW00011967,1962-08-10,Female
NASAW00011968,1964-04-19,Female
NASAW00011969,1964-01-22,Male
NASAW00011970,1984-11-12,Female
NASAW00011971,1979-03-03,Female
NASAW00011972,1979-09-20,Female
NASAW00011973,1979-08-03,Female
NASAW00011974,1979-08-07,Male
NASAW00011975,1980-04-02,Female
NASAW00011976,1970-05-22,Female
NASAW00011977,1964-11-19,Female
NASAW00011978,1977-10-18,Male
NASAW00011979,1962-11-05,Male
NASAW00011980,1963-06-17,Female
NASAW00011981,1962-08-03,Female
NASAW00011982,1962-10-02,Female
NASAW00011983,1968-02-24,Female
NASAW00011984,1962-12-04,Male
NASAW00011985,1963-05-18,Female
NASAW00011986,1969-01-20,Male
NASAW00011987,1973-05-26,Female
NASAW00011988,1968-02-17,Female
NASAW00011989,1984-03-20,Female
NASAW00011990,1968-01-12,Female
NASAW00011991,1968-02-07,Male
NASAW00011992,1972-06-09,Female
NASAW00011993,1977-09-12,Female
NASAW00011994,1977-10-18,Female
NASAW00011995,1965-12-12,Male
NASAW00011996,1966-01-30,Female
NASAW00011997,1971-04-04,Female
NASAW00011998,1966-02-07,Female
NASAW00011999,1965-12-03,Male
