order_number,product_key,customer_key,order_date,shipping_date,due_date,sales_amount,quantity,price
SO43697,20,10769,2010-12-29,2011-01-05,2011-01-10,3578,1,3578
SO43698,9,17390,2010-12-29,2011-01-05,2011-01-10,3400,1,3400
SO43699,9,14864,2010-12-29,2011-01-05,2011-01-10,3400,1,3400
SO43700,41,3502,2010-12-29,2011-01-05,2011-01-10,699,1,699
SO43701,9,4,2010-12-29,2011-01-05,2011-01-10,3400,1,3400
SO43702,16,16646,2010-12-30,2011-01-06,2011-01-11,3578,1,3578
SO43703,20,5625,2010-12-30,2011-01-06,2011-01-11,3578,1,3578
SO43704,6,6,2010-12-30,2011-01-06,2011-01-11,3375,1,3375
SO43705,7,12,2010-12-30,2011-01-06,2011-01-11,3400,1,3400
SO43706,17,16622,2010-12-31,2011-01-07,2011-01-12,3578,1,3578
SO43707,17,16617,2010-12-31,2011-01-07,2011-01-12,3578,1,3578
SO43708,44,9043,2010-12-31,2011-01-07,2011-01-12,699,1,699
SO43709,18,5352,2010-12-31,2011-01-07,2011-01-12,3578,1,3578
SO43710,19,5518,2010-12-31,2011-01-07,2011-01-12,3578,1,3578
SO43711,19,16607,2011-01-01,2011-01-08,2011-01-13,3578,1,3578
SO43712,16,2514,2011-01-01,2011-01-08,2011-01-13,3578,1,3578
SO43713,20,16602,2011-01-02,2011-01-09,2011-01-14,3578,1,3578
SO43714,16,2592,2011-01-02,2011-01-09,2011-01-14,3578,1,3578
SO43715,19,5484,2011-01-02,2011-01-09,2011-01-14,3578,1,3578
SO43716,16,5530,2011-01-02,2011-01-09,2011-01-14,3578,1,3578
SO43717,41,14250,2011-01-02,2011-01-09,2011-01-14,699,1,699
SO43718,16,16669,2011-01-03,2011-01-10,2011-01-15,3578,1,3578
SO43719,17,16613,2011-01-03,2011-01-10,2011-01-15,3578,1,3578
SO43720,16,2265,2011-01-03,2011-01-10,2011-01-15,3578,1,3578
SO43721,20,2591,2011-01-03,2011-01-10,2011-01-15,3578,1,3578
SO43722,17,2582,2011-01-04,2011-01-11,2011-01-16,3578,1,3578
SO43723,39,3521,2011-01-04,2011-01-11,2011-01-16,699,1,699
SO43724,16,5521,2011-01-04,2011-01-11,2011-01-16,3578,1,3578
SO43725,16,2259,2011-01-05,2011-01-12,2011-01-17,3578,1,3578
SO43726,39,3561,2011-01-05,2011-01-12,2011-01-17,699,1,699
SO43727,16,5608,2011-01-05,2011-01-12,2011-01-17,3578,1,3578
SO43728,18,16667,2011-01-06,2011-01-13,2011-01-18,3578,1,3578
SO43729,9,239,2011-01-06,2011-01-13,2011-01-18,3400,1,3400
SO43730,9,14862,2011-01-06,2011-01-13,2011-01-18,3400,1,3400
SO43731,19,5630,2011-01-06,2011-01-13,2011-01-18,3578,1,3578
SO43732,5,26,2011-01-06,2011-01-13,2011-01-18,3375,1,3375
SO43733,17,16578,2011-01-06,2011-01-13,2011-01-18,3578,1,3578
SO43734,17,16605,2011-01-07,2011-01-14,2011-01-19,3578,1,3578
SO43735,20,5523,2011-01-07,2011-01-14,2011-01-19,3578,1,3578
SO43736,9,3,2011-01-07,2011-01-14,2011-01-19,3400,1,3400
SO43737,16,2262,2011-01-08,2011-01-15,2011-01-20,3578,1,3578
SO43738,17,607,2011-01-08,2011-01-15,2011-01-20,3578,1,3578
SO43739,20,2564,2011-01-08,2011-01-15,2011-01-20,3578,1,3578
SO43740,17,5528,2011-01-08,2011-01-15,2011-01-20,3578,1,3578
SO43741,20,16672,2011-01-09,2011-01-16,2011-01-21,3578,1,3578
SO43742,19,2577,2011-01-09,2011-01-16,2011-01-21,3578,1,3578
SO43743,10,8,2011-01-09,2011-01-16,2011-01-21,3400,1,3400
SO43744,18,5632,2011-01-09,2011-01-16,2011-01-21,3578,1,3578
SO43745,16,5515,2011-01-10,2011-01-17,2011-01-22,3578,1,3578
SO43746,17,5617,2011-01-10,2011-01-17,2011-01-22,3578,1,3578
SO43747,19,16624,2011-01-11,2011-01-18,2011-01-23,3578,1,3578
SO43748,18,16626,2011-01-11,2011-01-18,2011-01-23,3578,1,3578
SO43749,19,16637,2011-01-11,2011-01-18,2011-01-23,3578,1,3578
SO43750,16,592,2011-01-11,2011-01-18,2011-01-23,3578,1,3578
SO43751,18,593,2011-01-11,2011-01-18,2011-01-23,3578,1,3578
SO43752,16,2266,2011-01-11,2011-01-18,2011-01-23,3578,1,3578
SO43753,20,5483,2011-01-11,2011-01-18,2011-01-23,3578,1,3578
SO43754,17,16618,2011-01-12,2011-01-19,2011-01-24,3578,1,3578
SO43755,16,16671,2011-01-12,2011-01-19,2011-01-24,3578,1,3578
SO43756,39,8942,2011-01-12,2011-01-19,2011-01-24,699,1,699
SO43757,5,18,2011-01-12,2011-01-19,2011-01-24,3375,1,3375
SO43758,20,16647,2011-01-13,2011-01-20,2011-01-25,3578,1,3578
SO43759,20,2258,2011-01-13,2011-01-20,2011-01-25,3578,1,3578
SO43760,19,5353,2011-01-13,2011-01-20,2011-01-25,3578,1,3578
SO43761,20,5494,2011-01-13,2011-01-20,2011-01-25,3578,1,3578
SO43762,19,16579,2011-01-14,2011-01-21,2011-01-26,3578,1,3578
SO43763,18,5526,2011-01-14,2011-01-21,2011-01-26,3578,1,3578
SO43764,20,5613,2011-01-14,2011-01-21,2011-01-26,3578,1,3578
SO43765,9,11,2011-01-14,2011-01-21,2011-01-26,3400,1,3400
SO43766,18,5519,2011-01-15,2011-01-22,2011-01-27,3578,1,3578
SO43767,5,2,2011-01-15,2011-01-22,2011-01-27,3375,1,3375
SO43768,17,16650,2011-01-16,2011-01-23,2011-01-28,3578,1,3578
SO43769,17,10660,2011-01-16,2011-01-23,2011-01-28,3578,1,3578
SO43770,17,16615,2011-01-16,2011-01-23,2011-01-28,3578,1,3578
SO43771,44,3560,2011-01-16,2011-01-23,2011-01-28,699,1,699
SO43772,17,5525,2011-01-16,2011-01-23,2011-01-28,3578,1,3578
SO43773,19,5527,2011-01-16,2011-01-23,2011-01-28,3578,1,3578
SO43774,18,5349,2011-01-16,2011-01-23,2011-01-28,3578,1,3578
SO43775,10,28,2011-01-16,2011-01-23,2011-01-28,3400,1,3400
SO43776,19,2261,2011-01-17,2011-01-24,2011-01-29,3578,1,3578
SO43777,16,5516,2011-01-17,2011-01-24,2011-01-29,3578,1,3578
SO43778,8,19,2011-01-17,2011-01-24,2011-01-29,3400,1,3400
SO43779,42,14253,2011-01-17,2011-01-24,2011-01-29,699,1,699
SO43780,16,600,2011-01-18,2011-01-25,2011-01-30,3578,1,3578
SO43781,17,5496,2011-01-18,2011-01-25,2011-01-30,3578,1,3578
SO43782,17,5517,2011-01-18,2011-01-25,2011-01-30,3578,1,3578
SO43783,17,5621,2011-01-18,2011-01-25,2011-01-30,3578,1,3578
SO43784,20,16668,2011-01-19,2011-01-26,2011-01-31,3578,1,3578
SO43785,16,602,2011-01-19,2011-01-26,2011-01-31,3578,1,3578
SO43786,16,608,2011-01-19,2011-01-26,2011-01-31,3578,1,3578
SO43787,7,18386,2011-01-19,2011-01-26,2011-01-31,3400,1,3400
SO43788,6,240,2011-01-19,2011-01-26,2011-01-31,3375,1,3375
SO43789,6,14866,2011-01-19,2011-01-26,2011-01-31,3375,1,3375
SO43790,7,14858,2011-01-19,2011-01-26,2011-01-31,3400,1,3400
SO43791,19,5485,2011-01-19,2011-01-26,2011-01-31,3578,1,3578
SO43792,17,5624,2011-01-19,2011-01-26,2011-01-31,3578,1,3578
SO43793,7,1,2011-01-19,2011-01-26,2011-01-31,3400,1,3400
SO43794,10,30,2011-01-19,2011-01-26,2011-01-31,3400,1,3400
SO43795,17,16616,2011-01-20,2011-01-27,2011-02-01,3578,1,3578
SO43796,38,6957,2011-01-20,2011-01-27,2011-02-01,699,1,699
SO43797,17,5346,2011-01-20,2011-01-27,2011-02-01,3578,1,3578
SO43798,20,5522,2011-01-20,2011-01-27,2011-02-01,3578,1,3578
SO43799,17,5637,2011-01-20,2011-01-27,2011-02-01,3578,1,3578
SO43800,16,10711,2011-01-21,2011-01-28,2011-02-02,3578,1,3578
SO43801,16,2584,2011-01-21,2011-01-28,2011-02-02,3578,1,3578
SO43802,17,594,2011-01-21,2011-01-28,2011-02-02,3578,1,3578
SO43803,19,10742,2011-01-22,2011-01-29,2011-02-03,3578,1,3578
SO43804,20,2586,2011-01-22,2011-01-29,2011-02-03,3578,1,3578
SO43805,43,3511,2011-01-22,2011-01-29,2011-02-03,699,1,699
SO43806,17,5524,2011-01-22,2011-01-29,2011-02-03,3578,1,3578
SO43807,17,612,2011-01-23,2011-01-30,2011-02-04,3578,1,3578
SO43808,18,2260,2011-01-23,2011-01-30,2011-02-04,3578,1,3578
SO43809,20,5351,2011-01-23,2011-01-30,2011-02-04,3578,1,3578
SO43810,8,5,2011-01-23,2011-01-30,2011-02-04,3400,1,3400
SO43811,9,27,2011-01-23,2011-01-30,2011-02-04,3400,1,3400
SO43812,17,16663,2011-01-24,2011-01-31,2011-02-05,3578,1,3578
SO43813,5,17391,2011-01-24,2011-01-31,2011-02-05,3375,1,3375
SO43814,5,14867,2011-01-24,2011-01-31,2011-02-05,3375,1,3375
SO43815,16,5495,2011-01-24,2011-01-31,2011-02-05,3578,1,3578
SO43816,19,5497,2011-01-24,2011-01-31,2011-02-05,3578,1,3578
SO43817,20,5520,2011-01-24,2011-01-31,2011-02-05,3578,1,3578
SO43818,17,5529,2011-01-24,2011-01-31,2011-02-05,3578,1,3578
SO43819,9,7,2011-01-24,2011-01-31,2011-02-05,3400,1,3400
SO43820,17,16652,2011-01-25,2011-02-01,2011-02-06,3578,1,3578
SO43821,20,16664,2011-01-25,2011-02-01,2011-02-06,3578,1,3578
SO43822,18,16670,2011-01-25,2011-02-01,2011-02-06,3578,1,3578
SO43823,38,8943,2011-01-25,2011-02-01,2011-02-06,699,1,699
SO43824,36,3559,2011-01-25,2011-02-01,2011-02-06,699,1,699
SO43825,18,5350,2011-01-25,2011-02-01,2011-02-06,3578,1,3578
SO43826,3,9,2011-01-25,2011-02-01,2011-02-06,3375,1,3375
SO43827,36,14251,2011-01-25,2011-02-01,2011-02-06,699,1,699
SO43828,20,16606,2011-01-26,2011-02-02,2011-02-07,3578,1,3578
SO43829,20,16612,2011-01-26,2011-02-02,2011-02-07,3578,1,3578
SO43830,16,5348,2011-01-26,2011-02-02,2011-02-07,3578,1,3578
SO43831,4,29,2011-01-26,2011-02-02,2011-02-07,3375,1,3375
SO43832,20,2585,2011-01-26,2011-02-02,2011-02-07,3578,1,3578
SO43833,20,10728,2011-01-27,2011-02-03,2011-02-08,3578,1,3578
SO43834,3,17394,2011-01-27,2011-02-03,2011-02-08,3375,1,3375
SO43835,3,8803,2011-01-27,2011-02-03,2011-02-08,3375,1,3375
SO43836,47,15621,2011-01-27,2011-02-03,2011-02-08,699,1,699
SO43837,5,10,2011-01-27,2011-02-03,2011-02-08,3375,1,3375
SO43838,18,16642,2011-01-28,2011-02-04,2011-02-09,3578,1,3578
SO43839,16,16674,2011-01-28,2011-02-04,2011-02-09,3578,1,3578
SO43840,42,6958,2011-01-28,2011-02-04,2011-02-09,699,1,699
SO43841,19,2407,2011-01-28,2011-02-04,2011-02-09,3578,1,3578
SO43842,17,5631,2011-01-28,2011-02-04,2011-02-09,3578,1,3578
SO43918,18,11042,2011-01-29,2011-02-05,2011-02-10,3578,1,3578
SO43919,19,1125,2011-01-29,2011-02-05,2011-02-10,3578,1,3578
SO43920,18,17067,2011-01-29,2011-02-05,2011-02-10,3578,1,3578
SO43921,18,5744,2011-01-29,2011-02-05,2011-02-10,3578,1,3578
SO43922,20,2547,2011-01-29,2011-02-05,2011-02-10,3578,1,3578
SO43923,17,17019,2011-01-30,2011-02-06,2011-02-11,3578,1,3578
SO43924,20,1133,2011-01-30,2011-02-06,2011-02-11,3578,1,3578
SO43925,19,5662,2011-01-30,2011-02-06,2011-02-11,3578,1,3578
SO43926,6,56,2011-01-31,2011-02-07,2011-02-12,3375,1,3375
SO43927,19,5663,2011-01-31,2011-02-07,2011-02-12,3578,1,3578
SO43928,18,5741,2011-01-31,2011-02-07,2011-02-12,3578,1,3578
SO43929,46,14271,2011-01-31,2011-02-07,2011-02-12,699,1,699
SO43930,17,17039,2011-02-01,2011-02-08,2011-02-13,3578,1,3578
SO43931,18,2549,2011-02-01,2011-02-08,2011-02-13,3578,1,3578
SO43932,19,5742,2011-02-01,2011-02-08,2011-02-13,3578,1,3578
SO43933,10,32,2011-02-01,2011-02-08,2011-02-13,3400,1,3400
SO43934,9,35,2011-02-01,2011-02-08,2011-02-13,3400,1,3400
SO43935,40,9049,2011-02-02,2011-02-09,2011-02-14,699,1,699
SO43936,16,17066,2011-02-02,2011-02-09,2011-02-14,3578,1,3578
SO43937,17,6048,2011-02-02,2011-02-09,2011-02-14,3578,1,3578
SO43938,20,5687,2011-02-02,2011-02-09,2011-02-14,3578,1,3578
SO43939,17,5660,2011-02-02,2011-02-09,2011-02-14,3578,1,3578
SO43940,41,14295,2011-02-02,2011-02-09,2011-02-14,699,1,699
SO43941,19,2601,2011-02-03,2011-02-10,2011-02-15,3578,1,3578
SO43942,20,6052,2011-02-03,2011-02-10,2011-02-15,3578,1,3578
SO43943,36,3566,2011-02-03,2011-02-10,2011-02-15,699,1,699
SO43944,7,55,2011-02-03,2011-02-10,2011-02-15,3400,1,3400
SO43945,20,5676,2011-02-03,2011-02-10,2011-02-15,3578,1,3578
SO43946,18,5688,2011-02-03,2011-02-10,2011-02-15,3578,1,3578
SO43947,20,5713,2011-02-03,2011-02-10,2011-02-15,3578,1,3578
SO43948,8,48,2011-02-03,2011-02-10,2011-02-15,3400,1,3400
SO43949,20,16727,2011-02-04,2011-02-11,2011-02-16,3578,1,3578
SO43950,16,17015,2011-02-04,2011-02-11,2011-02-16,3578,1,3578
SO43951,16,5697,2011-02-04,2011-02-11,2011-02-16,3578,1,3578
SO43952,17,5640,2011-02-04,2011-02-11,2011-02-16,3578,1,3578
SO43953,38,9050,2011-02-05,2011-02-12,2011-02-17,699,1,699
SO43954,16,2603,2011-02-05,2011-02-12,2011-02-17,3578,1,3578
SO43955,19,2662,2011-02-05,2011-02-12,2011-02-17,3578,1,3578
SO43956,7,31,2011-02-05,2011-02-12,2011-02-17,3400,1,3400
SO43957,18,17069,2011-02-06,2011-02-13,2011-02-18,3578,1,3578
SO43958,17,5659,2011-02-06,2011-02-13,2011-02-18,3578,1,3578
SO43959,3,36,2011-02-06,2011-02-13,2011-02-18,3375,1,3375
SO43960,4,47,2011-02-06,2011-02-13,2011-02-18,3375,1,3375
SO43961,16,17032,2011-02-07,2011-02-14,2011-02-19,3578,1,3578
SO43962,17,17077,2011-02-07,2011-02-14,2011-02-19,3578,1,3578
SO43963,19,5686,2011-02-07,2011-02-14,2011-02-19,3578,1,3578
SO43964,17,5746,2011-02-07,2011-02-14,2011-02-19,3578,1,3578
SO43965,6,39,2011-02-07,2011-02-14,2011-02-19,3375,1,3375
SO43966,10,40,2011-02-07,2011-02-14,2011-02-19,3400,1,3400
SO43967,18,17041,2011-02-08,2011-02-15,2011-02-20,3578,1,3578
SO43968,18,17068,2011-02-08,2011-02-15,2011-02-20,3578,1,3578
SO43969,20,17072,2011-02-08,2011-02-15,2011-02-20,3578,1,3578
SO43970,16,5685,2011-02-08,2011-02-15,2011-02-20,3578,1,3578
SO43971,19,5658,2011-02-08,2011-02-15,2011-02-20,3578,1,3578
SO43972,19,10940,2011-02-09,2011-02-16,2011-02-21,3578,1,3578
SO43973,17,17040,2011-02-09,2011-02-16,2011-02-21,3578,1,3578
SO43974,17,2688,2011-02-09,2011-02-16,2011-02-21,3578,1,3578
SO43975,17,2541,2011-02-09,2011-02-16,2011-02-21,3578,1,3578
SO43976,20,17064,2011-02-09,2011-02-16,2011-02-21,3578,1,3578
SO43977,17,5704,2011-02-09,2011-02-16,2011-02-21,3578,1,3578
SO43978,20,17031,2011-02-10,2011-02-17,2011-02-22,3578,1,3578
SO43979,46,3577,2011-02-10,2011-02-17,2011-02-22,699,1,699
SO43980,6,49,2011-02-10,2011-02-17,2011-02-22,3375,1,3375
SO43981,19,5665,2011-02-10,2011-02-17,2011-02-22,3578,1,3578
SO43982,38,14272,2011-02-10,2011-02-17,2011-02-22,699,1,699
SO43983,19,17018,2011-02-11,2011-02-18,2011-02-23,3578,1,3578
SO43984,16,2546,2011-02-11,2011-02-18,2011-02-23,3578,1,3578
SO43985,18,2516,2011-02-11,2011-02-18,2011-02-23,3578,1,3578
SO43986,20,17071,2011-02-11,2011-02-18,2011-02-23,3578,1,3578
SO43987,20,17043,2011-02-12,2011-02-19,2011-02-24,3578,1,3578
SO43988,7,245,2011-02-12,2011-02-19,2011-02-24,3400,1,3400
SO43989,17,17084,2011-02-12,2011-02-19,2011-02-24,3578,1,3578
SO43990,7,14873,2011-02-12,2011-02-19,2011-02-24,3400,1,3400
SO43991,20,5661,2011-02-12,2011-02-19,2011-02-24,3578,1,3578
SO43992,16,5639,2011-02-12,2011-02-19,2011-02-24,3578,1,3578
SO43993,19,5930,2011-02-14,2011-02-21,2011-02-26,3578,1,3578
SO43994,19,16682,2011-02-15,2011-02-22,2011-02-27,3578,1,3578
SO43995,17,10814,2011-02-15,2011-02-22,2011-02-27,3578,1,3578
SO43996,20,16921,2011-02-15,2011-02-22,2011-02-27,3578,1,3578
SO43997,20,17023,2011-02-15,2011-02-22,2011-02-27,3578,1,3578
SO43998,3,34,2011-02-15,2011-02-22,2011-02-27,3375,1,3375
SO43999,16,17048,2011-02-15,2011-02-22,2011-02-27,3578,1,3578
SO44000,16,16919,2011-02-16,2011-02-23,2011-02-28,3578,1,3578
SO44001,18,17045,2011-02-16,2011-02-23,2011-02-28,3578,1,3578
SO44002,41,3573,2011-02-16,2011-02-23,2011-02-28,699,1,699
SO44003,38,8326,2011-02-16,2011-02-23,2011-02-28,699,1,699
SO44004,20,17062,2011-02-16,2011-02-23,2011-02-28,3578,1,3578
SO44005,40,15630,2011-02-16,2011-02-23,2011-02-28,699,1,699
SO44006,20,5745,2011-02-16,2011-02-23,2011-02-28,3578,1,3578
SO44007,45,14556,2011-02-16,2011-02-23,2011-02-28,699,1,699
SO44008,17,16679,2011-02-17,2011-02-24,2011-03-01,3578,1,3578
SO44009,19,16760,2011-02-17,2011-02-24,2011-03-01,3578,1,3578
SO44010,20,2681,2011-02-17,2011-02-24,2011-03-01,3578,1,3578
SO44011,20,2515,2011-02-17,2011-02-24,2011-03-01,3578,1,3578
SO44012,4,53,2011-02-17,2011-02-24,2011-03-01,3375,1,3375
SO44013,17,5929,2011-02-17,2011-02-24,2011-03-01,3578,1,3578
SO44014,18,16918,2011-02-18,2011-02-25,2011-03-02,3578,1,3578
SO44015,16,2694,2011-02-18,2011-02-25,2011-03-02,3578,1,3578
SO44016,5,248,2011-02-18,2011-02-25,2011-03-02,3375,1,3375
SO44017,20,17079,2011-02-18,2011-02-25,2011-03-02,3578,1,3578
SO44018,5,14877,2011-02-18,2011-02-25,2011-03-02,3375,1,3375
SO44019,20,5702,2011-02-18,2011-02-25,2011-03-02,3578,1,3578
SO44020,16,5932,2011-02-18,2011-02-25,2011-03-02,3578,1,3578
SO44021,3,33,2011-02-18,2011-02-25,2011-03-02,3375,1,3375
SO44022,18,11009,2011-02-19,2011-02-26,2011-03-03,3578,1,3578
SO44023,4,8831,2011-02-19,2011-02-26,2011-03-03,3375,1,3375
SO44024,19,5664,2011-02-19,2011-02-26,2011-03-03,3578,1,3578
SO44025,19,5709,2011-02-19,2011-02-26,2011-03-03,3578,1,3578
SO44026,20,6046,2011-02-19,2011-02-26,2011-03-03,3578,1,3578
SO44027,20,10922,2011-02-20,2011-02-27,2011-03-04,3578,1,3578
SO44028,17,6049,2011-02-20,2011-02-27,2011-03-04,3578,1,3578
SO44029,5,51,2011-02-20,2011-02-27,2011-03-04,3375,1,3375
SO44030,16,1132,2011-02-21,2011-02-28,2011-03-05,3578,1,3578
SO44031,18,2690,2011-02-21,2011-02-28,2011-03-05,3578,1,3578
SO44032,7,244,2011-02-21,2011-02-28,2011-03-05,3400,1,3400
SO44033,19,5694,2011-02-21,2011-02-28,2011-03-05,3578,1,3578
SO44034,18,5703,2011-02-21,2011-02-28,2011-03-05,3578,1,3578
SO44035,17,5708,2011-02-21,2011-02-28,2011-03-05,3578,1,3578
SO44036,20,6047,2011-02-21,2011-02-28,2011-03-05,3578,1,3578
SO44037,43,14273,2011-02-21,2011-02-28,2011-03-05,699,1,699
SO44038,7,14869,2011-02-21,2011-02-28,2011-03-05,3400,1,3400
SO44039,38,6972,2011-02-22,2011-03-01,2011-03-06,699,1,699
SO44040,6,58,2011-02-22,2011-03-01,2011-03-06,3375,1,3375
SO44041,18,5743,2011-02-22,2011-03-01,2011-03-06,3578,1,3578
SO44042,18,2679,2011-02-23,2011-03-02,2011-03-07,3578,1,3578
SO44043,16,2680,2011-02-23,2011-03-02,2011-03-07,3578,1,3578
SO44044,19,2691,2011-02-23,2011-03-02,2011-03-07,3578,1,3578
SO44045,7,17395,2011-02-23,2011-03-02,2011-03-07,3400,1,3400
SO44046,18,17065,2011-02-23,2011-03-02,2011-03-07,3578,1,3578
SO44047,7,14879,2011-02-23,2011-03-02,2011-03-07,3400,1,3400
SO44048,19,5714,2011-02-23,2011-03-02,2011-03-07,3578,1,3578
SO44049,19,2539,2011-02-24,2011-03-03,2011-03-08,3578,1,3578
SO44050,20,6051,2011-02-24,2011-03-03,2011-03-08,3578,1,3578
SO44051,20,2692,2011-02-25,2011-03-04,2011-03-09,3578,1,3578
SO44052,19,5638,2011-02-25,2011-03-04,2011-03-09,3578,1,3578
SO44053,36,8330,2011-02-26,2011-03-05,2011-03-10,699,1,699
SO44054,19,2543,2011-02-26,2011-03-05,2011-03-10,3578,1,3578
SO44055,20,2544,2011-02-26,2011-03-05,2011-03-10,3578,1,3578
SO44056,19,2560,2011-02-26,2011-03-05,2011-03-10,3578,1,3578
SO44057,36,3578,2011-02-26,2011-03-05,2011-03-10,699,1,699
SO44058,5,57,2011-02-26,2011-03-05,2011-03-10,3375,1,3375
SO44059,18,5689,2011-02-26,2011-03-05,2011-03-10,3578,1,3578
SO44060,38,14274,2011-02-26,2011-03-05,2011-03-10,699,1,699
SO44061,20,16920,2011-02-27,2011-03-06,2011-03-11,3578,1,3578
SO44062,20,17042,2011-02-27,2011-03-06,2011-03-11,3578,1,3578
SO44063,7,241,2011-02-27,2011-03-06,2011-03-11,3400,1,3400
SO44064,20,11051,2011-02-27,2011-03-06,2011-03-11,3578,1,3578
SO44065,20,17063,2011-02-27,2011-03-06,2011-03-11,3578,1,3578
SO44066,7,14868,2011-02-27,2011-03-06,2011-03-11,3400,1,3400
SO44067,20,6050,2011-02-27,2011-03-06,2011-03-11,3578,1,3578
SO44068,18,2542,2011-02-28,2011-03-07,2011-03-12,3578,1,3578
SO44069,4,17396,2011-02-28,2011-03-07,2011-03-12,3375,1,3375
SO44070,4,8830,2011-02-28,2011-03-07,2011-03-12,3375,1,3375
SO44071,18,5692,2011-02-28,2011-03-07,2011-03-12,3578,1,3578
SO44072,16,5657,2011-02-28,2011-03-07,2011-03-12,3578,1,3578
SO44073,6,45,2011-02-28,2011-03-07,2011-03-12,3375,1,3375
SO44134,20,2822,2011-03-01,2011-03-08,2011-03-13,3578,1,3578
SO44135,20,17157,2011-03-01,2011-03-08,2011-03-13,3578,1,3578
SO44136,16,11115,2011-03-01,2011-03-08,2011-03-13,3578,1,3578
SO44137,19,6329,2011-03-01,2011-03-08,2011-03-13,3578,1,3578
SO44138,20,2766,2011-03-02,2011-03-09,2011-03-14,3578,1,3578
SO44139,16,2793,2011-03-02,2011-03-09,2011-03-14,3578,1,3578
SO44140,16,1222,2011-03-02,2011-03-09,2011-03-14,3578,1,3578
SO44141,18,2573,2011-03-02,2011-03-09,2011-03-14,3578,1,3578
SO44142,18,11059,2011-03-02,2011-03-09,2011-03-14,3578,1,3578
SO44143,18,17146,2011-03-02,2011-03-09,2011-03-14,3578,1,3578
SO44144,17,6072,2011-03-02,2011-03-09,2011-03-14,3578,1,3578
SO44145,20,6310,2011-03-02,2011-03-09,2011-03-14,3578,1,3578
SO44146,18,6311,2011-03-02,2011-03-09,2011-03-14,3578,1,3578
SO44147,20,6321,2011-03-02,2011-03-09,2011-03-14,3578,1,3578
SO44148,20,17173,2011-03-03,2011-03-10,2011-03-15,3578,1,3578
SO44149,17,6243,2011-03-03,2011-03-10,2011-03-15,3578,1,3578
SO44150,17,6316,2011-03-03,2011-03-10,2011-03-15,3578,1,3578
SO44151,43,14559,2011-03-03,2011-03-10,2011-03-15,699,1,699
SO44152,9,335,2011-03-04,2011-03-11,2011-03-16,3400,1,3400
SO44153,17,17169,2011-03-04,2011-03-11,2011-03-16,3578,1,3578
SO44154,16,17182,2011-03-04,2011-03-11,2011-03-16,3578,1,3578
SO44155,18,17132,2011-03-04,2011-03-11,2011-03-16,3578,1,3578
SO44156,9,14888,2011-03-04,2011-03-11,2011-03-16,3400,1,3400
SO44157,19,6056,2011-03-04,2011-03-11,2011-03-16,3578,1,3578
SO44158,16,2568,2011-03-05,2011-03-12,2011-03-17,3578,1,3578
SO44159,16,17183,2011-03-05,2011-03-12,2011-03-17,3578,1,3578
SO44160,17,17187,2011-03-05,2011-03-12,2011-03-17,3578,1,3578
SO44161,19,2773,2011-03-06,2011-03-13,2011-03-18,3578,1,3578
SO44162,16,17186,2011-03-06,2011-03-13,2011-03-18,3578,1,3578
SO44163,19,17194,2011-03-06,2011-03-13,2011-03-18,3578,1,3578
SO44164,20,17089,2011-03-06,2011-03-13,2011-03-18,3578,1,3578
SO44165,18,6066,2011-03-06,2011-03-13,2011-03-18,3578,1,3578
SO44166,36,3582,2011-03-06,2011-03-13,2011-03-18,699,1,699
SO44167,19,6309,2011-03-06,2011-03-13,2011-03-18,3578,1,3578
SO44168,18,1212,2011-03-07,2011-03-14,2011-03-19,3578,1,3578
SO44169,16,17180,2011-03-07,2011-03-14,2011-03-19,3578,1,3578
SO44170,19,17184,2011-03-07,2011-03-14,2011-03-19,3578,1,3578
SO44171,18,17113,2011-03-07,2011-03-14,2011-03-19,3578,1,3578
SO44172,36,3585,2011-03-07,2011-03-14,2011-03-19,699,1,699
SO44173,17,2785,2011-03-08,2011-03-15,2011-03-20,3578,1,3578
SO44174,16,6230,2011-03-08,2011-03-15,2011-03-20,3578,1,3578
SO44175,18,6247,2011-03-08,2011-03-15,2011-03-20,3578,1,3578
SO44176,19,1221,2011-03-09,2011-03-16,2011-03-21,3578,1,3578
SO44177,5,338,2011-03-09,2011-03-16,2011-03-21,3375,1,3375
SO44178,17,17098,2011-03-09,2011-03-16,2011-03-21,3578,1,3578
SO44179,5,14889,2011-03-09,2011-03-16,2011-03-21,3375,1,3375
SO44180,10,59,2011-03-09,2011-03-16,2011-03-21,3400,1,3400
SO44181,17,6295,2011-03-09,2011-03-16,2011-03-21,3578,1,3578
SO44182,20,6300,2011-03-09,2011-03-16,2011-03-21,3578,1,3578
SO44183,20,17159,2011-03-10,2011-03-17,2011-03-22,3578,1,3578
SO44184,19,6248,2011-03-10,2011-03-17,2011-03-22,3578,1,3578
SO44185,20,6281,2011-03-10,2011-03-17,2011-03-22,3578,1,3578
SO44186,10,14890,2011-03-12,2011-03-19,2011-03-24,3400,1,3400
SO44187,18,6070,2011-03-12,2011-03-19,2011-03-24,3578,1,3578
SO44188,40,9053,2011-03-13,2011-03-20,2011-03-25,699,1,699
SO44189,46,9055,2011-03-13,2011-03-20,2011-03-25,699,1,699
SO44190,3,62,2011-03-13,2011-03-20,2011-03-25,3375,1,3375
SO44191,20,6249,2011-03-13,2011-03-20,2011-03-25,3578,1,3578
SO44192,17,2571,2011-03-14,2011-03-21,2011-03-26,3578,1,3578
SO44193,17,17165,2011-03-14,2011-03-21,2011-03-26,3578,1,3578
SO44194,20,6065,2011-03-14,2011-03-21,2011-03-26,3578,1,3578
SO44195,18,6250,2011-03-14,2011-03-21,2011-03-26,3578,1,3578
SO44196,19,6296,2011-03-14,2011-03-21,2011-03-26,3578,1,3578
SO44197,17,17097,2011-03-15,2011-03-22,2011-03-27,3578,1,3578
SO44198,20,17151,2011-03-15,2011-03-22,2011-03-27,3578,1,3578
SO44199,18,6260,2011-03-15,2011-03-22,2011-03-27,3578,1,3578
SO44200,16,6313,2011-03-15,2011-03-22,2011-03-27,3578,1,3578
SO44201,18,1255,2011-03-16,2011-03-23,2011-03-28,3578,1,3578
SO44202,16,17160,2011-03-16,2011-03-23,2011-03-28,3578,1,3578
SO44203,17,17150,2011-03-16,2011-03-23,2011-03-28,3578,1,3578
SO44204,41,3581,2011-03-16,2011-03-23,2011-03-28,699,1,699
SO44205,17,6286,2011-03-16,2011-03-23,2011-03-28,3578,1,3578
SO44206,10,251,2011-03-17,2011-03-24,2011-03-29,3400,1,3400
SO44207,18,17163,2011-03-17,2011-03-24,2011-03-29,3578,1,3578
SO44208,10,14880,2011-03-17,2011-03-24,2011-03-29,3400,1,3400
SO44209,16,6258,2011-03-17,2011-03-24,2011-03-29,3578,1,3578
SO44210,20,2784,2011-03-18,2011-03-25,2011-03-30,3578,1,3578
SO44211,18,17155,2011-03-18,2011-03-25,2011-03-30,3578,1,3578
SO44212,17,17171,2011-03-18,2011-03-25,2011-03-30,3578,1,3578
SO44213,20,6352,2011-03-18,2011-03-25,2011-03-30,3578,1,3578
SO44214,16,6333,2011-03-18,2011-03-25,2011-03-30,3578,1,3578
SO44215,17,17181,2011-03-19,2011-03-26,2011-03-31,3578,1,3578
SO44216,19,2561,2011-03-19,2011-03-26,2011-03-31,3578,1,3578
SO44217,20,17149,2011-03-19,2011-03-26,2011-03-31,3578,1,3578
SO44218,16,11110,2011-03-19,2011-03-26,2011-03-31,3578,1,3578
SO44219,36,3591,2011-03-19,2011-03-26,2011-03-31,699,1,699
SO44220,8,61,2011-03-19,2011-03-26,2011-03-31,3400,1,3400
SO44221,19,6256,2011-03-19,2011-03-26,2011-03-31,3578,1,3578
SO44222,16,6259,2011-03-19,2011-03-26,2011-03-31,3578,1,3578
SO44223,20,2848,2011-03-20,2011-03-27,2011-04-01,3578,1,3578
SO44224,19,17167,2011-03-20,2011-03-27,2011-04-01,3578,1,3578
SO44225,46,9061,2011-03-21,2011-03-28,2011-04-02,699,1,699
SO44226,18,1256,2011-03-21,2011-03-28,2011-04-02,3578,1,3578
SO44227,4,17402,2011-03-21,2011-03-28,2011-04-02,3375,1,3375
SO44228,7,334,2011-03-21,2011-03-28,2011-04-02,3400,1,3400
SO44229,7,14887,2011-03-21,2011-03-28,2011-04-02,3400,1,3400
SO44230,17,6242,2011-03-21,2011-03-28,2011-04-02,3578,1,3578
SO44231,40,6974,2011-03-21,2011-03-28,2011-04-02,699,1,699
SO44232,17,6335,2011-03-21,2011-03-28,2011-04-02,3578,1,3578
SO44233,20,2842,2011-03-22,2011-03-29,2011-04-03,3578,1,3578
SO44234,17,17185,2011-03-22,2011-03-29,2011-04-03,3578,1,3578
SO44235,18,11118,2011-03-22,2011-03-29,2011-04-03,3578,1,3578
SO44236,17,17192,2011-03-22,2011-03-29,2011-04-03,3578,1,3578
SO44237,20,6057,2011-03-22,2011-03-29,2011-04-03,3578,1,3578
SO44238,16,6080,2011-03-22,2011-03-29,2011-04-03,3578,1,3578
SO44239,16,1218,2011-03-23,2011-03-30,2011-04-04,3578,1,3578
SO44240,16,2581,2011-03-23,2011-03-30,2011-04-04,3578,1,3578
SO44241,18,17156,2011-03-23,2011-03-30,2011-04-04,3578,1,3578
SO44242,18,17164,2011-03-23,2011-03-30,2011-04-04,3578,1,3578
SO44243,17,6279,2011-03-23,2011-03-30,2011-04-04,3578,1,3578
SO44244,17,6330,2011-03-23,2011-03-30,2011-04-04,3578,1,3578
SO44245,44,14557,2011-03-23,2011-03-30,2011-04-04,699,1,699
SO44246,17,1220,2011-03-24,2011-03-31,2011-04-05,3578,1,3578
SO44247,20,6234,2011-03-24,2011-03-31,2011-04-05,3578,1,3578
SO44248,18,6241,2011-03-24,2011-03-31,2011-04-05,3578,1,3578
SO44249,18,2846,2011-03-25,2011-04-01,2011-04-06,3578,1,3578
SO44250,17,17168,2011-03-25,2011-04-01,2011-04-06,3578,1,3578
SO44251,16,17191,2011-03-25,2011-04-01,2011-04-06,3578,1,3578
SO44252,17,2778,2011-03-26,2011-04-02,2011-04-07,3578,1,3578
SO44253,20,17100,2011-03-26,2011-04-02,2011-04-07,3578,1,3578
SO44254,19,17143,2011-03-26,2011-04-02,2011-04-07,3578,1,3578
SO44255,37,3586,2011-03-26,2011-04-02,2011-04-07,699,1,699
SO44256,17,6233,2011-03-26,2011-04-02,2011-04-07,3578,1,3578
SO44257,18,1213,2011-03-27,2011-04-03,2011-04-08,3578,1,3578
SO44258,20,2580,2011-03-27,2011-04-03,2011-04-08,3578,1,3578
SO44259,17,17172,2011-03-27,2011-04-03,2011-04-08,3578,1,3578
SO44260,17,17195,2011-03-27,2011-04-03,2011-04-08,3578,1,3578
SO44261,17,11113,2011-03-27,2011-04-03,2011-04-08,3578,1,3578
SO44262,46,9150,2011-03-27,2011-04-03,2011-04-08,699,1,699
SO44263,20,6280,2011-03-27,2011-04-03,2011-04-08,3578,1,3578
SO44264,18,6287,2011-03-27,2011-04-03,2011-04-08,3578,1,3578
SO44265,45,14558,2011-03-27,2011-04-03,2011-04-08,699,1,699
SO44266,41,14560,2011-03-27,2011-04-03,2011-04-08,699,1,699
SO44267,41,8340,2011-03-28,2011-04-04,2011-04-09,699,1,699
SO44268,17,2821,2011-03-28,2011-04-04,2011-04-09,3578,1,3578
SO44269,42,3590,2011-03-29,2011-04-05,2011-04-10,699,1,699
SO44270,19,2795,2011-03-30,2011-04-06,2011-04-11,3578,1,3578
SO44271,19,2847,2011-03-30,2011-04-06,2011-04-11,3578,1,3578
SO44272,16,1257,2011-03-30,2011-04-06,2011-04-11,3578,1,3578
SO44273,16,17148,2011-03-30,2011-04-06,2011-04-11,3578,1,3578
SO44274,19,17153,2011-03-30,2011-04-06,2011-04-11,3578,1,3578
SO44275,16,6257,2011-03-30,2011-04-06,2011-04-11,3578,1,3578
SO44276,18,6278,2011-03-30,2011-04-06,2011-04-11,3578,1,3578
SO44277,16,6289,2011-03-30,2011-04-06,2011-04-11,3578,1,3578
SO44278,20,6294,2011-03-30,2011-04-06,2011-04-11,3578,1,3578
SO44279,18,6327,2011-03-30,2011-04-06,2011-04-11,3578,1,3578
SO44320,19,3430,2011-03-31,2011-04-07,2011-04-12,3578,1,3578
SO44321,16,17223,2011-03-31,2011-04-07,2011-04-12,3578,1,3578
SO44322,43,6976,2011-03-31,2011-04-07,2011-04-12,699,1,699
SO44323,7,73,2011-03-31,2011-04-07,2011-04-12,3400,1,3400
SO44324,16,1268,2011-04-01,2011-04-08,2011-04-13,3578,1,3578
SO44325,6,96,2011-04-01,2011-04-08,2011-04-13,3375,1,3375
SO44326,17,6729,2011-04-01,2011-04-08,2011-04-13,3578,1,3578
SO44327,19,17599,2011-04-02,2011-04-09,2011-04-14,3578,1,3578
SO44328,20,6922,2011-04-02,2011-04-09,2011-04-14,3578,1,3578
SO44329,16,6905,2011-04-02,2011-04-09,2011-04-14,3578,1,3578
SO44330,17,17200,2011-04-02,2011-04-09,2011-04-14,3578,1,3578
SO44331,16,17258,2011-04-03,2011-04-10,2011-04-15,3578,1,3578
SO44332,20,6511,2011-04-03,2011-04-10,2011-04-15,3578,1,3578
SO44333,8,344,2011-04-04,2011-04-11,2011-04-16,3400,1,3400
SO44334,16,17274,2011-04-04,2011-04-11,2011-04-16,3578,1,3578
SO44335,47,9166,2011-04-04,2011-04-11,2011-04-16,699,1,699
SO44336,8,14896,2011-04-04,2011-04-11,2011-04-16,3400,1,3400
SO44337,6,98,2011-04-04,2011-04-11,2011-04-16,3375,1,3375
SO44338,19,7189,2011-04-04,2011-04-11,2011-04-16,3578,1,3578
SO44339,16,7190,2011-04-04,2011-04-11,2011-04-16,3578,1,3578
SO44340,19,6355,2011-04-04,2011-04-11,2011-04-16,3578,1,3578
SO44341,3,14906,2011-04-05,2011-04-12,2011-04-17,3375,1,3375
SO44342,45,3611,2011-04-05,2011-04-12,2011-04-17,699,1,699
SO44343,19,6921,2011-04-05,2011-04-12,2011-04-17,3578,1,3578
SO44344,20,3428,2011-04-06,2011-04-13,2011-04-18,3578,1,3578
SO44345,18,17201,2011-04-06,2011-04-13,2011-04-18,3578,1,3578
SO44346,41,3603,2011-04-06,2011-04-13,2011-04-18,699,1,699
SO44347,17,6912,2011-04-06,2011-04-13,2011-04-18,3578,1,3578
SO44348,18,3160,2011-04-07,2011-04-14,2011-04-19,3578,1,3578
SO44349,16,17244,2011-04-07,2011-04-14,2011-04-19,3578,1,3578
SO44350,17,17245,2011-04-07,2011-04-14,2011-04-19,3578,1,3578
SO44351,19,17272,2011-04-07,2011-04-14,2011-04-19,3578,1,3578
SO44352,16,17298,2011-04-07,2011-04-14,2011-04-19,3578,1,3578
SO44353,42,3592,2011-04-07,2011-04-14,2011-04-19,699,1,699
SO44354,41,3604,2011-04-07,2011-04-14,2011-04-19,699,1,699
SO44355,10,94,2011-04-07,2011-04-14,2011-04-19,3400,1,3400
SO44356,8,100,2011-04-07,2011-04-14,2011-04-19,3400,1,3400
SO44357,20,6512,2011-04-07,2011-04-14,2011-04-19,3578,1,3578
SO44358,20,6733,2011-04-07,2011-04-14,2011-04-19,3578,1,3578
SO44359,16,3526,2011-04-08,2011-04-15,2011-04-20,3578,1,3578
SO44360,16,3159,2011-04-08,2011-04-15,2011-04-20,3578,1,3578
SO44361,20,2687,2011-04-08,2011-04-15,2011-04-20,3578,1,3578
SO44362,20,17260,2011-04-08,2011-04-15,2011-04-20,3578,1,3578
SO44363,17,17286,2011-04-08,2011-04-15,2011-04-20,3578,1,3578
SO44364,3,93,2011-04-08,2011-04-15,2011-04-20,3375,1,3375
SO44365,18,6913,2011-04-08,2011-04-15,2011-04-20,3578,1,3578
SO44366,18,6503,2011-04-08,2011-04-15,2011-04-20,3578,1,3578
SO44367,43,14563,2011-04-08,2011-04-15,2011-04-20,699,1,699
SO44368,19,3151,2011-04-09,2011-04-16,2011-04-21,3578,1,3578
SO44369,20,17251,2011-04-09,2011-04-16,2011-04-21,3578,1,3578
SO44370,18,7194,2011-04-09,2011-04-16,2011-04-21,3578,1,3578
SO44371,16,6515,2011-04-09,2011-04-16,2011-04-21,3578,1,3578
SO44372,20,6737,2011-04-09,2011-04-16,2011-04-21,3578,1,3578
SO44373,20,2768,2011-04-10,2011-04-17,2011-04-22,3578,1,3578
SO44374,20,3158,2011-04-10,2011-04-17,2011-04-22,3578,1,3578
SO44375,20,3184,2011-04-10,2011-04-17,2011-04-22,3578,1,3578
SO44376,4,18400,2011-04-10,2011-04-17,2011-04-22,3375,1,3375
SO44377,20,17235,2011-04-10,2011-04-17,2011-04-22,3578,1,3578
SO44378,4,14904,2011-04-10,2011-04-17,2011-04-22,3375,1,3375
SO44379,6,81,2011-04-10,2011-04-17,2011-04-22,3375,1,3375
SO44380,20,6916,2011-04-10,2011-04-17,2011-04-22,3578,1,3578
SO44381,18,3192,2011-04-11,2011-04-18,2011-04-23,3578,1,3578
SO44382,10,342,2011-04-11,2011-04-18,2011-04-23,3400,1,3400
SO44383,20,17269,2011-04-11,2011-04-18,2011-04-23,3578,1,3578
SO44384,16,17297,2011-04-11,2011-04-18,2011-04-23,3578,1,3578
SO44385,19,17299,2011-04-11,2011-04-18,2011-04-23,3578,1,3578
SO44386,17,17588,2011-04-11,2011-04-18,2011-04-23,3578,1,3578
SO44387,6,97,2011-04-11,2011-04-18,2011-04-23,3375,1,3375
SO44388,20,6925,2011-04-11,2011-04-18,2011-04-23,3578,1,3578
SO44389,18,6926,2011-04-11,2011-04-18,2011-04-23,3578,1,3578
SO44390,19,6354,2011-04-11,2011-04-18,2011-04-23,3578,1,3578
SO44391,18,6731,2011-04-11,2011-04-18,2011-04-23,3578,1,3578
SO44392,19,6911,2011-04-11,2011-04-18,2011-04-23,3578,1,3578
SO44393,8,18399,2011-04-12,2011-04-19,2011-04-24,3400,1,3400
SO44394,18,17247,2011-04-12,2011-04-19,2011-04-24,3578,1,3578
SO44395,19,17340,2011-04-12,2011-04-19,2011-04-24,3578,1,3578
SO44396,8,14902,2011-04-12,2011-04-19,2011-04-24,3400,1,3400
SO44397,44,3597,2011-04-12,2011-04-19,2011-04-24,699,1,699
SO44398,17,6734,2011-04-12,2011-04-19,2011-04-24,3578,1,3578
SO44399,16,17241,2011-04-13,2011-04-20,2011-04-25,3578,1,3578
SO44400,17,17589,2011-04-13,2011-04-20,2011-04-25,3578,1,3578
SO44401,17,6516,2011-04-13,2011-04-20,2011-04-25,3578,1,3578
SO44402,19,2667,2011-04-14,2011-04-21,2011-04-26,3578,1,3578
SO44403,5,8845,2011-04-14,2011-04-21,2011-04-26,3375,1,3375
SO44404,19,17222,2011-04-15,2011-04-22,2011-04-27,3578,1,3578
SO44405,20,17225,2011-04-15,2011-04-22,2011-04-27,3578,1,3578
SO44406,18,17300,2011-04-15,2011-04-22,2011-04-27,3578,1,3578
SO44407,6,78,2011-04-15,2011-04-22,2011-04-27,3375,1,3375
SO44408,6,104,2011-04-15,2011-04-22,2011-04-27,3375,1,3375
SO44409,45,14564,2011-04-15,2011-04-22,2011-04-27,699,1,699
SO44410,20,17224,2011-04-16,2011-04-23,2011-04-28,3578,1,3578
SO44411,17,17585,2011-04-16,2011-04-23,2011-04-28,3578,1,3578
SO44412,4,101,2011-04-16,2011-04-23,2011-04-28,3375,1,3375
SO44413,20,2607,2011-04-17,2011-04-24,2011-04-29,3578,1,3578
SO44414,16,17341,2011-04-17,2011-04-24,2011-04-29,3578,1,3578
SO44415,17,17356,2011-04-17,2011-04-24,2011-04-29,3578,1,3578
SO44416,8,70,2011-04-17,2011-04-24,2011-04-29,3400,1,3400
SO44417,16,6918,2011-04-17,2011-04-24,2011-04-29,3578,1,3578
SO44418,16,6920,2011-04-17,2011-04-24,2011-04-29,3578,1,3578
SO44419,20,6353,2011-04-17,2011-04-24,2011-04-29,3578,1,3578
SO44420,16,6513,2011-04-17,2011-04-24,2011-04-29,3578,1,3578
SO44421,18,2608,2011-04-18,2011-04-25,2011-04-30,3578,1,3578
SO44422,42,8354,2011-04-18,2011-04-25,2011-04-30,699,1,699
SO44423,18,17587,2011-04-18,2011-04-25,2011-04-30,3578,1,3578
SO44424,17,6917,2011-04-18,2011-04-25,2011-04-30,3578,1,3578
SO44425,16,6505,2011-04-18,2011-04-25,2011-04-30,3578,1,3578
SO44426,19,2771,2011-04-19,2011-04-26,2011-05-01,3578,1,3578
SO44427,19,3147,2011-04-19,2011-04-26,2011-05-01,3578,1,3578
SO44428,18,17363,2011-04-19,2011-04-26,2011-05-01,3578,1,3578
SO44429,19,17584,2011-04-19,2011-04-26,2011-05-01,3578,1,3578
SO44430,18,6928,2011-04-19,2011-04-26,2011-05-01,3578,1,3578
SO44431,17,6726,2011-04-19,2011-04-26,2011-05-01,3578,1,3578
SO44432,19,3166,2011-04-20,2011-04-27,2011-05-02,3578,1,3578
SO44433,17,17271,2011-04-20,2011-04-27,2011-05-02,3578,1,3578
SO44434,20,17581,2011-04-20,2011-04-27,2011-05-02,3578,1,3578
SO44435,17,17574,2011-04-21,2011-04-28,2011-05-03,3578,1,3578
SO44436,46,15631,2011-04-21,2011-04-28,2011-05-03,699,1,699
SO44437,7,77,2011-04-21,2011-04-28,2011-05-03,3400,1,3400
SO44438,17,6910,2011-04-21,2011-04-28,2011-05-03,3578,1,3578
SO44439,20,3196,2011-04-22,2011-04-29,2011-05-04,3578,1,3578
SO44440,17,1262,2011-04-22,2011-04-29,2011-05-04,3578,1,3578
SO44441,17,11119,2011-04-22,2011-04-29,2011-05-04,3578,1,3578
SO44442,40,3600,2011-04-22,2011-04-29,2011-05-04,699,1,699
SO44443,20,6371,2011-04-22,2011-04-29,2011-05-04,3578,1,3578
SO44444,16,2698,2011-04-24,2011-05-01,2011-05-06,3578,1,3578
SO44445,19,6479,2011-04-25,2011-05-02,2011-05-07,3578,1,3578
SO44446,18,6915,2011-04-25,2011-05-02,2011-05-07,3578,1,3578
SO44447,17,1266,2011-04-26,2011-05-03,2011-05-08,3578,1,3578
SO44448,16,17265,2011-04-26,2011-05-03,2011-05-08,3578,1,3578
SO44449,17,17294,2011-04-26,2011-05-03,2011-05-08,3578,1,3578
SO44450,20,17295,2011-04-26,2011-05-03,2011-05-08,3578,1,3578
SO44451,18,17296,2011-04-26,2011-05-03,2011-05-08,3578,1,3578
SO44452,39,9165,2011-04-26,2011-05-03,2011-05-08,699,1,699
SO44453,20,6924,2011-04-26,2011-05-03,2011-05-08,3578,1,3578
SO44454,20,6927,2011-04-26,2011-05-03,2011-05-08,3578,1,3578
SO44455,17,6514,2011-04-26,2011-05-03,2011-05-08,3578,1,3578
SO44456,45,14561,2011-04-26,2011-05-03,2011-05-08,699,1,699
SO44457,16,17197,2011-04-27,2011-05-04,2011-05-09,3578,1,3578
SO44458,19,17248,2011-04-27,2011-05-04,2011-05-09,3578,1,3578
SO44459,19,17289,2011-04-27,2011-05-04,2011-05-09,3578,1,3578
SO44460,40,9151,2011-04-27,2011-05-04,2011-05-09,699,1,699
SO44461,18,6919,2011-04-27,2011-05-04,2011-05-09,3578,1,3578
SO44462,16,3156,2011-04-28,2011-05-05,2011-05-10,3578,1,3578
SO44463,39,8341,2011-04-28,2011-05-05,2011-05-10,699,1,699
SO44464,19,11121,2011-04-28,2011-05-05,2011-05-10,3578,1,3578
SO44465,45,3614,2011-04-28,2011-05-05,2011-05-10,699,1,699
SO44466,40,15641,2011-04-28,2011-05-05,2011-05-10,699,1,699
SO44467,9,71,2011-04-28,2011-05-05,2011-05-10,3400,1,3400
SO44468,6,76,2011-04-28,2011-05-05,2011-05-10,3375,1,3375
SO44469,19,6735,2011-04-28,2011-05-05,2011-05-10,3578,1,3578
SO44470,18,6736,2011-04-28,2011-05-05,2011-05-10,3578,1,3578
SO44471,46,14562,2011-04-28,2011-05-05,2011-05-10,699,1,699
SO44472,17,2686,2011-04-29,2011-05-06,2011-05-11,3578,1,3578
SO44473,17,17256,2011-04-29,2011-05-06,2011-05-11,3578,1,3578
SO44474,44,3602,2011-04-29,2011-05-06,2011-05-11,699,1,699
SO44475,8,102,2011-04-29,2011-05-06,2011-05-11,3400,1,3400
SO44476,19,6914,2011-04-29,2011-05-06,2011-05-11,3578,1,3578
SO44477,20,6923,2011-04-29,2011-05-06,2011-05-11,3578,1,3578
SO44478,19,6727,2011-04-29,2011-05-06,2011-05-11,3578,1,3578
SO44479,5,18392,2011-04-30,2011-05-07,2011-05-12,3375,1,3375
SO44480,5,14892,2011-04-30,2011-05-07,2011-05-12,3375,1,3375
SO44571,10,18449,2011-05-01,2011-05-08,2011-05-13,3400,1,3400
SO44572,19,17665,2011-05-01,2011-05-08,2011-05-13,3578,1,3578
SO44573,10,14918,2011-05-01,2011-05-08,2011-05-13,3400,1,3400
SO44574,4,108,2011-05-01,2011-05-08,2011-05-13,3375,1,3375
SO44575,7,111,2011-05-01,2011-05-08,2011-05-13,3400,1,3400
SO44576,18,17661,2011-05-01,2011-05-08,2011-05-13,3578,1,3578
SO44577,19,17668,2011-05-02,2011-05-09,2011-05-14,3578,1,3578
SO44578,19,17654,2011-05-02,2011-05-09,2011-05-14,3578,1,3578
SO44579,17,17663,2011-05-02,2011-05-09,2011-05-14,3578,1,3578
SO44580,19,2783,2011-05-03,2011-05-10,2011-05-15,3578,1,3578
SO44581,3,109,2011-05-03,2011-05-10,2011-05-15,3375,1,3375
SO44582,9,135,2011-05-03,2011-05-10,2011-05-15,3400,1,3400
SO44583,20,7211,2011-05-03,2011-05-10,2011-05-15,3578,1,3578
SO44584,18,17672,2011-05-04,2011-05-11,2011-05-16,3578,1,3578
SO44585,17,17791,2011-05-04,2011-05-11,2011-05-16,3578,1,3578
SO44586,19,17795,2011-05-04,2011-05-11,2011-05-16,3578,1,3578
SO44587,16,17628,2011-05-04,2011-05-11,2011-05-16,3578,1,3578
SO44588,38,15684,2011-05-04,2011-05-11,2011-05-16,699,1,699
SO44589,9,105,2011-05-04,2011-05-11,2011-05-16,3400,1,3400
SO44590,20,2796,2011-05-05,2011-05-12,2011-05-17,3578,1,3578
SO44591,44,6988,2011-05-05,2011-05-12,2011-05-17,699,1,699
SO44592,19,17762,2011-05-05,2011-05-12,2011-05-17,3578,1,3578
SO44593,18,17646,2011-05-05,2011-05-12,2011-05-17,3578,1,3578
SO44594,20,7251,2011-05-05,2011-05-12,2011-05-17,3578,1,3578
SO44595,8,125,2011-05-05,2011-05-12,2011-05-17,3400,1,3400
SO44596,18,7239,2011-05-05,2011-05-12,2011-05-17,3578,1,3578
SO44597,20,1291,2011-05-06,2011-05-13,2011-05-18,3578,1,3578
SO44598,3,18401,2011-05-06,2011-05-13,2011-05-18,3375,1,3375
SO44599,20,17793,2011-05-06,2011-05-13,2011-05-18,3578,1,3578
SO44600,19,7244,2011-05-06,2011-05-13,2011-05-18,3578,1,3578
SO44601,8,118,2011-05-06,2011-05-13,2011-05-18,3400,1,3400
SO44602,19,3703,2011-05-07,2011-05-14,2011-05-19,3578,1,3578
SO44603,38,9168,2011-05-07,2011-05-14,2011-05-19,699,1,699
SO44604,46,8365,2011-05-07,2011-05-14,2011-05-19,699,1,699
SO44605,19,17673,2011-05-07,2011-05-14,2011-05-19,3578,1,3578
SO44606,18,17773,2011-05-07,2011-05-14,2011-05-19,3578,1,3578
SO44607,20,17775,2011-05-07,2011-05-14,2011-05-19,3578,1,3578
SO44608,18,7201,2011-05-07,2011-05-14,2011-05-19,3578,1,3578
SO44609,16,7221,2011-05-07,2011-05-14,2011-05-19,3578,1,3578
SO44610,18,7242,2011-05-07,2011-05-14,2011-05-19,3578,1,3578
SO44611,19,2779,2011-05-08,2011-05-15,2011-05-20,3578,1,3578
SO44612,16,17676,2011-05-08,2011-05-15,2011-05-20,3578,1,3578
SO44613,18,17629,2011-05-08,2011-05-15,2011-05-20,3578,1,3578
SO44614,17,17651,2011-05-08,2011-05-15,2011-05-20,3578,1,3578
SO44615,19,17655,2011-05-08,2011-05-15,2011-05-20,3578,1,3578
SO44616,19,17656,2011-05-08,2011-05-15,2011-05-20,3578,1,3578
SO44617,18,17667,2011-05-08,2011-05-15,2011-05-20,3578,1,3578
SO44618,19,7206,2011-05-08,2011-05-15,2011-05-20,3578,1,3578
SO44619,17,2790,2011-05-09,2011-05-16,2011-05-21,3578,1,3578
SO44620,17,7205,2011-05-09,2011-05-16,2011-05-21,3578,1,3578
SO44621,18,7218,2011-05-09,2011-05-16,2011-05-21,3578,1,3578
SO44622,16,2772,2011-05-09,2011-05-16,2011-05-21,3578,1,3578
SO44623,17,1302,2011-05-10,2011-05-17,2011-05-22,3578,1,3578
SO44624,38,8358,2011-05-10,2011-05-17,2011-05-22,699,1,699
SO44625,19,17659,2011-05-10,2011-05-17,2011-05-22,3578,1,3578
SO44626,18,7273,2011-05-10,2011-05-17,2011-05-22,3578,1,3578
SO44627,4,110,2011-05-10,2011-05-17,2011-05-22,3375,1,3375
SO44628,3,357,2011-05-10,2011-05-17,2011-05-22,3375,1,3375
SO44629,16,7210,2011-05-10,2011-05-17,2011-05-22,3578,1,3578
SO44630,17,17766,2011-05-11,2011-05-18,2011-05-23,3578,1,3578
SO44631,20,17630,2011-05-11,2011-05-18,2011-05-23,3578,1,3578
SO44632,19,7197,2011-05-11,2011-05-18,2011-05-23,3578,1,3578
SO44633,20,7204,2011-05-11,2011-05-18,2011-05-23,3578,1,3578
SO44634,16,7214,2011-05-11,2011-05-18,2011-05-23,3578,1,3578
SO44635,20,7219,2011-05-11,2011-05-18,2011-05-23,3578,1,3578
SO44636,19,3706,2011-05-12,2011-05-19,2011-05-24,3578,1,3578
SO44637,16,17645,2011-05-12,2011-05-19,2011-05-24,3578,1,3578
SO44638,20,17652,2011-05-12,2011-05-19,2011-05-24,3578,1,3578
SO44639,44,3618,2011-05-12,2011-05-19,2011-05-24,699,1,699
SO44640,18,7247,2011-05-12,2011-05-19,2011-05-24,3578,1,3578
SO44641,18,7256,2011-05-12,2011-05-19,2011-05-24,3578,1,3578
SO44642,44,14568,2011-05-12,2011-05-19,2011-05-24,699,1,699
SO44643,19,1281,2011-05-13,2011-05-20,2011-05-25,3578,1,3578
SO44644,16,1280,2011-05-13,2011-05-20,2011-05-25,3578,1,3578
SO44645,7,345,2011-05-13,2011-05-20,2011-05-25,3400,1,3400
SO44646,7,18450,2011-05-13,2011-05-20,2011-05-25,3400,1,3400
SO44647,17,17771,2011-05-13,2011-05-20,2011-05-25,3578,1,3578
SO44648,7,14917,2011-05-13,2011-05-20,2011-05-25,3400,1,3400
SO44649,7,14925,2011-05-13,2011-05-20,2011-05-25,3400,1,3400
SO44650,6,148,2011-05-13,2011-05-20,2011-05-25,3375,1,3375
SO44651,18,3721,2011-05-14,2011-05-21,2011-05-26,3578,1,3578
SO44652,5,17408,2011-05-14,2011-05-21,2011-05-26,3375,1,3375
SO44653,42,9171,2011-05-14,2011-05-21,2011-05-26,699,1,699
SO44654,18,17620,2011-05-14,2011-05-21,2011-05-26,3578,1,3578
SO44655,9,106,2011-05-14,2011-05-21,2011-05-26,3400,1,3400
SO44656,16,7276,2011-05-14,2011-05-21,2011-05-26,3578,1,3578
SO44657,5,121,2011-05-14,2011-05-21,2011-05-26,3375,1,3375
SO44658,17,7202,2011-05-14,2011-05-21,2011-05-26,3578,1,3578
SO44659,18,7209,2011-05-14,2011-05-21,2011-05-26,3578,1,3578
SO44660,20,17776,2011-05-15,2011-05-22,2011-05-27,3578,1,3578
SO44661,41,3640,2011-05-15,2011-05-22,2011-05-27,699,1,699
SO44662,4,152,2011-05-15,2011-05-22,2011-05-27,3375,1,3375
SO44663,18,7213,2011-05-15,2011-05-22,2011-05-27,3578,1,3578
SO44664,16,7223,2011-05-15,2011-05-22,2011-05-27,3578,1,3578
SO44665,40,14565,2011-05-15,2011-05-22,2011-05-27,699,1,699
SO44666,18,17764,2011-05-16,2011-05-23,2011-05-28,3578,1,3578
SO44667,20,17796,2011-05-16,2011-05-23,2011-05-28,3578,1,3578
SO44668,18,17622,2011-05-16,2011-05-23,2011-05-28,3578,1,3578
SO44669,5,14943,2011-05-16,2011-05-23,2011-05-28,3375,1,3375
SO44670,18,7246,2011-05-16,2011-05-23,2011-05-28,3578,1,3578
SO44671,16,7269,2011-05-16,2011-05-23,2011-05-28,3578,1,3578
SO44672,20,7208,2011-05-16,2011-05-23,2011-05-28,3578,1,3578
SO44673,19,2791,2011-05-17,2011-05-24,2011-05-29,3578,1,3578
SO44674,19,17636,2011-05-17,2011-05-24,2011-05-29,3578,1,3578
SO44675,41,14567,2011-05-17,2011-05-24,2011-05-29,699,1,699
SO44676,17,7199,2011-05-17,2011-05-24,2011-05-29,3578,1,3578
SO44677,20,11234,2011-05-18,2011-05-25,2011-05-30,3578,1,3578
SO44678,20,11122,2011-05-18,2011-05-25,2011-05-30,3578,1,3578
SO44679,9,107,2011-05-18,2011-05-25,2011-05-30,3400,1,3400
SO44680,17,1297,2011-05-19,2011-05-26,2011-05-31,3578,1,3578
SO44681,38,6983,2011-05-19,2011-05-26,2011-05-31,699,1,699
SO44682,20,17798,2011-05-19,2011-05-26,2011-05-31,3578,1,3578
SO44683,17,17800,2011-05-19,2011-05-26,2011-05-31,3578,1,3578
SO44684,20,17644,2011-05-19,2011-05-26,2011-05-31,3578,1,3578
SO44685,20,7250,2011-05-19,2011-05-26,2011-05-31,3578,1,3578
SO44686,18,3713,2011-05-20,2011-05-27,2011-06-01,3578,1,3578
SO44687,38,9173,2011-05-20,2011-05-27,2011-06-01,699,1,699
SO44688,20,7245,2011-05-20,2011-05-27,2011-06-01,3578,1,3578
SO44689,20,7270,2011-05-20,2011-05-27,2011-06-01,3578,1,3578
SO44690,7,112,2011-05-20,2011-05-27,2011-06-01,3400,1,3400
SO44691,9,17415,2011-05-21,2011-05-28,2011-06-02,3400,1,3400
SO44692,16,17671,2011-05-21,2011-05-28,2011-06-02,3578,1,3578
SO44693,16,17677,2011-05-21,2011-05-28,2011-06-02,3578,1,3578
SO44694,16,11233,2011-05-21,2011-05-28,2011-06-02,3578,1,3578
SO44695,9,8856,2011-05-21,2011-05-28,2011-06-02,3400,1,3400
SO44696,18,7255,2011-05-21,2011-05-28,2011-06-02,3578,1,3578
SO44697,20,7220,2011-05-22,2011-05-29,2011-06-03,3578,1,3578
SO44698,42,14566,2011-05-22,2011-05-29,2011-06-03,699,1,699
SO44699,18,11235,2011-05-23,2011-05-30,2011-06-04,3578,1,3578
SO44700,19,17770,2011-05-23,2011-05-30,2011-06-04,3578,1,3578
SO44701,41,3637,2011-05-23,2011-05-30,2011-06-04,699,1,699
SO44702,19,7261,2011-05-23,2011-05-30,2011-06-04,3578,1,3578
SO44703,16,1301,2011-05-24,2011-05-31,2011-06-05,3578,1,3578
SO44704,5,18404,2011-05-24,2011-05-31,2011-06-05,3375,1,3375
SO44705,16,17679,2011-05-24,2011-05-31,2011-06-05,3578,1,3578
SO44706,16,17619,2011-05-24,2011-05-31,2011-06-05,3578,1,3578
SO44707,16,17650,2011-05-24,2011-05-31,2011-06-05,3578,1,3578
SO44708,5,14910,2011-05-24,2011-05-31,2011-06-05,3375,1,3375
SO44709,16,7241,2011-05-24,2011-05-31,2011-06-05,3578,1,3578
SO44710,18,17675,2011-05-25,2011-06-01,2011-06-06,3578,1,3578
SO44711,20,7249,2011-05-25,2011-06-01,2011-06-06,3578,1,3578
SO44712,3,113,2011-05-25,2011-06-01,2011-06-06,3375,1,3375
SO44713,18,11129,2011-05-26,2011-06-02,2011-06-07,3578,1,3578
SO44714,18,17658,2011-05-26,2011-06-02,2011-06-07,3578,1,3578
SO44715,19,11183,2011-05-26,2011-06-02,2011-06-07,3578,1,3578
SO44716,19,11231,2011-05-26,2011-06-02,2011-06-07,3578,1,3578
SO44717,41,3617,2011-05-26,2011-06-02,2011-06-07,699,1,699
SO44718,19,7240,2011-05-26,2011-06-02,2011-06-07,3578,1,3578
SO44719,18,3701,2011-05-27,2011-06-03,2011-06-08,3578,1,3578
SO44720,16,17626,2011-05-27,2011-06-03,2011-06-08,3578,1,3578
SO44721,38,15644,2011-05-27,2011-06-03,2011-06-08,699,1,699
SO44722,20,2775,2011-05-28,2011-06-04,2011-06-09,3578,1,3578
SO44723,8,18411,2011-05-28,2011-06-04,2011-06-09,3400,1,3400
SO44724,19,17666,2011-05-28,2011-06-04,2011-06-09,3578,1,3578
SO44725,8,14911,2011-05-28,2011-06-04,2011-06-09,3400,1,3400
SO44726,39,3615,2011-05-28,2011-06-04,2011-06-09,699,1,699
SO44727,18,7274,2011-05-28,2011-06-04,2011-06-09,3578,1,3578
SO44728,7,127,2011-05-28,2011-06-04,2011-06-09,3400,1,3400
SO44729,20,1308,2011-05-29,2011-06-05,2011-06-10,3578,1,3578
SO44730,16,3698,2011-05-29,2011-06-05,2011-06-10,3578,1,3578
SO44731,17,17662,2011-05-29,2011-06-05,2011-06-10,3578,1,3578
SO44732,17,7252,2011-05-29,2011-06-05,2011-06-10,3578,1,3578
SO44733,18,7215,2011-05-29,2011-06-05,2011-06-10,3578,1,3578
SO44734,18,1286,2011-05-30,2011-06-06,2011-06-11,3578,1,3578
SO44735,16,17674,2011-05-30,2011-06-06,2011-06-11,3578,1,3578
SO44736,43,3635,2011-05-30,2011-06-06,2011-06-11,699,1,699
SO44737,19,7243,2011-05-30,2011-06-06,2011-06-11,3578,1,3578
SO44738,18,7253,2011-05-30,2011-06-06,2011-06-11,3578,1,3578
SO44739,17,7203,2011-05-30,2011-06-06,2011-06-11,3578,1,3578
SO44803,20,1384,2011-05-31,2011-06-07,2011-06-12,3578,1,3578
SO44804,20,17830,2011-05-31,2011-06-07,2011-06-12,3578,1,3578
SO44805,19,18012,2011-05-31,2011-06-07,2011-06-12,3578,1,3578
SO44806,16,7453,2011-05-31,2011-06-07,2011-06-12,3578,1,3578
SO44807,5,366,2011-05-31,2011-06-07,2011-06-12,3375,1,3375
SO44808,16,2837,2011-06-01,2011-06-08,2011-06-13,3578,1,3578
SO44809,38,9553,2011-06-01,2011-06-08,2011-06-13,699,1,699
SO44810,16,18127,2011-06-01,2011-06-08,2011-06-13,3578,1,3578
SO44811,16,11733,2011-06-01,2011-06-08,2011-06-13,3578,1,3578
SO44812,19,17989,2011-06-01,2011-06-08,2011-06-13,3578,1,3578
SO44813,17,7696,2011-06-01,2011-06-08,2011-06-13,3578,1,3578
SO44814,18,7282,2011-06-01,2011-06-08,2011-06-13,3578,1,3578
SO44815,6,445,2011-06-01,2011-06-08,2011-06-13,3375,1,3375
SO44816,17,1322,2011-06-02,2011-06-09,2011-06-14,3578,1,3578
SO44817,17,3778,2011-06-02,2011-06-09,2011-06-14,3578,1,3578
SO44818,18,17828,2011-06-02,2011-06-09,2011-06-14,3578,1,3578
SO44819,18,17854,2011-06-02,2011-06-09,2011-06-14,3578,1,3578
SO44820,5,14973,2011-06-02,2011-06-09,2011-06-14,3375,1,3375
SO44821,8,14976,2011-06-02,2011-06-09,2011-06-14,3400,1,3400
SO44822,16,7487,2011-06-02,2011-06-09,2011-06-14,3578,1,3578
SO44823,18,7489,2011-06-02,2011-06-09,2011-06-14,3578,1,3578
SO44824,17,7695,2011-06-02,2011-06-09,2011-06-14,3578,1,3578
SO44825,17,7310,2011-06-02,2011-06-09,2011-06-14,3578,1,3578
SO44826,19,1309,2011-06-03,2011-06-10,2011-06-15,3578,1,3578
SO44827,7,14974,2011-06-03,2011-06-10,2011-06-15,3400,1,3400
SO44828,17,17998,2011-06-03,2011-06-10,2011-06-15,3578,1,3578
SO44829,40,3644,2011-06-03,2011-06-10,2011-06-15,699,1,699
SO44830,19,7338,2011-06-03,2011-06-10,2011-06-15,3578,1,3578
SO44831,5,18468,2011-06-04,2011-06-11,2011-06-16,3375,1,3375
SO44832,16,17805,2011-06-04,2011-06-11,2011-06-16,3578,1,3578
SO44833,20,17843,2011-06-04,2011-06-11,2011-06-16,3578,1,3578
SO44834,5,14953,2011-06-04,2011-06-11,2011-06-16,3375,1,3375
SO44835,16,7339,2011-06-04,2011-06-11,2011-06-16,3578,1,3578
SO44836,19,7466,2011-06-04,2011-06-11,2011-06-16,3578,1,3578
SO44837,17,2809,2011-06-05,2011-06-12,2011-06-17,3578,1,3578
SO44838,16,3139,2011-06-05,2011-06-12,2011-06-17,3578,1,3578
SO44839,19,17826,2011-06-05,2011-06-12,2011-06-17,3578,1,3578
SO44840,19,17858,2011-06-05,2011-06-12,2011-06-17,3578,1,3578
SO44841,19,7336,2011-06-05,2011-06-12,2011-06-17,3578,1,3578
SO44842,20,3141,2011-06-06,2011-06-13,2011-06-18,3578,1,3578
SO44843,17,18059,2011-06-06,2011-06-13,2011-06-18,3578,1,3578
SO44844,19,18140,2011-06-06,2011-06-13,2011-06-18,3578,1,3578
SO44845,18,17846,2011-06-06,2011-06-13,2011-06-18,3578,1,3578
SO44846,19,7335,2011-06-06,2011-06-13,2011-06-18,3578,1,3578
SO44847,9,446,2011-06-06,2011-06-13,2011-06-18,3400,1,3400
SO44848,3,17419,2011-06-07,2011-06-14,2011-06-19,3375,1,3375
SO44849,46,6997,2011-06-07,2011-06-14,2011-06-19,699,1,699
SO44850,41,8418,2011-06-07,2011-06-14,2011-06-19,699,1,699
SO44851,20,11300,2011-06-07,2011-06-14,2011-06-19,3578,1,3578
SO44852,16,18129,2011-06-07,2011-06-14,2011-06-19,3578,1,3578
SO44853,3,8875,2011-06-07,2011-06-14,2011-06-19,3375,1,3375
SO44854,16,18005,2011-06-07,2011-06-14,2011-06-19,3578,1,3578
SO44855,45,15693,2011-06-07,2011-06-14,2011-06-19,699,1,699
SO44856,43,3652,2011-06-07,2011-06-14,2011-06-19,699,1,699
SO44857,20,7485,2011-06-07,2011-06-14,2011-06-19,3578,1,3578
SO44858,17,7488,2011-06-07,2011-06-14,2011-06-19,3578,1,3578
SO44859,20,7496,2011-06-07,2011-06-14,2011-06-19,3578,1,3578
SO44860,20,7694,2011-06-07,2011-06-14,2011-06-19,3578,1,3578
SO44861,19,7289,2011-06-07,2011-06-14,2011-06-19,3578,1,3578
SO44862,18,7458,2011-06-07,2011-06-14,2011-06-19,3578,1,3578
SO44863,20,7468,2011-06-07,2011-06-14,2011-06-19,3578,1,3578
SO44864,3,365,2011-06-07,2011-06-14,2011-06-19,3375,1,3375
SO44865,6,373,2011-06-07,2011-06-14,2011-06-19,3375,1,3375
SO44866,5,444,2011-06-07,2011-06-14,2011-06-19,3375,1,3375
SO44867,18,3794,2011-06-08,2011-06-15,2011-06-20,3578,1,3578
SO44868,18,17853,2011-06-08,2011-06-15,2011-06-20,3578,1,3578
SO44869,17,7701,2011-06-08,2011-06-15,2011-06-20,3578,1,3578
SO44870,16,7302,2011-06-08,2011-06-15,2011-06-20,3578,1,3578
SO44871,8,364,2011-06-08,2011-06-15,2011-06-20,3400,1,3400
SO44872,17,18112,2011-06-09,2011-06-16,2011-06-21,3578,1,3578
SO44873,17,17829,2011-06-09,2011-06-16,2011-06-21,3578,1,3578
SO44874,45,7005,2011-06-10,2011-06-17,2011-06-22,699,1,699
SO44875,18,18049,2011-06-10,2011-06-17,2011-06-22,3578,1,3578
SO44876,17,18057,2011-06-10,2011-06-17,2011-06-22,3578,1,3578
SO44877,16,18137,2011-06-10,2011-06-17,2011-06-22,3578,1,3578
SO44878,16,17808,2011-06-10,2011-06-17,2011-06-22,3578,1,3578
SO44879,20,17834,2011-06-10,2011-06-17,2011-06-22,3578,1,3578
SO44880,16,7471,2011-06-10,2011-06-17,2011-06-22,3578,1,3578
SO44881,18,7497,2011-06-10,2011-06-17,2011-06-22,3578,1,3578
SO44882,16,7704,2011-06-10,2011-06-17,2011-06-22,3578,1,3578
SO44883,19,7297,2011-06-10,2011-06-17,2011-06-22,3578,1,3578
SO44884,17,7309,2011-06-10,2011-06-17,2011-06-22,3578,1,3578
SO44885,20,3834,2011-06-11,2011-06-18,2011-06-23,3578,1,3578
SO44886,19,18109,2011-06-11,2011-06-18,2011-06-23,3578,1,3578
SO44887,20,17822,2011-06-11,2011-06-18,2011-06-23,3578,1,3578
SO44888,20,17839,2011-06-11,2011-06-18,2011-06-23,3578,1,3578
SO44889,3,352,2011-06-12,2011-06-19,2011-06-24,3375,1,3375
SO44890,9,382,2011-06-12,2011-06-19,2011-06-24,3400,1,3400
SO44891,20,17848,2011-06-12,2011-06-19,2011-06-24,3578,1,3578
SO44892,18,11268,2011-06-12,2011-06-19,2011-06-24,3578,1,3578
SO44893,19,17857,2011-06-12,2011-06-19,2011-06-24,3578,1,3578
SO44894,3,14944,2011-06-12,2011-06-19,2011-06-24,3375,1,3375
SO44895,6,14952,2011-06-12,2011-06-19,2011-06-24,3375,1,3375
SO44896,9,14965,2011-06-12,2011-06-19,2011-06-24,3400,1,3400
SO44897,19,7697,2011-06-12,2011-06-19,2011-06-24,3578,1,3578
SO44898,20,7308,2011-06-12,2011-06-19,2011-06-24,3578,1,3578
SO44899,6,354,2011-06-12,2011-06-19,2011-06-24,3375,1,3375
SO44900,19,3779,2011-06-13,2011-06-20,2011-06-25,3578,1,3578
SO44901,18,1333,2011-06-13,2011-06-20,2011-06-25,3578,1,3578
SO44902,19,2830,2011-06-13,2011-06-20,2011-06-25,3578,1,3578
SO44903,18,7285,2011-06-13,2011-06-20,2011-06-25,3578,1,3578
SO44904,5,360,2011-06-13,2011-06-20,2011-06-25,3375,1,3375
SO44905,17,2823,2011-06-14,2011-06-21,2011-06-26,3578,1,3578
SO44906,16,3833,2011-06-14,2011-06-21,2011-06-26,3578,1,3578
SO44907,47,8416,2011-06-14,2011-06-21,2011-06-26,699,1,699
SO44908,19,18033,2011-06-14,2011-06-21,2011-06-26,3578,1,3578
SO44909,20,17841,2011-06-14,2011-06-21,2011-06-26,3578,1,3578
SO44910,7,14970,2011-06-14,2011-06-21,2011-06-26,3400,1,3400
SO44911,4,14977,2011-06-14,2011-06-21,2011-06-26,3375,1,3375
SO44912,20,17967,2011-06-14,2011-06-21,2011-06-26,3578,1,3578
SO44913,16,7469,2011-06-14,2011-06-21,2011-06-26,3578,1,3578
SO44914,16,7492,2011-06-14,2011-06-21,2011-06-26,3578,1,3578
SO44915,17,7462,2011-06-14,2011-06-21,2011-06-26,3578,1,3578
SO44916,16,7464,2011-06-14,2011-06-21,2011-06-26,3578,1,3578
SO44917,20,2843,2011-06-15,2011-06-22,2011-06-27,3578,1,3578
SO44918,5,18467,2011-06-15,2011-06-22,2011-06-27,3375,1,3375
SO44919,20,18018,2011-06-15,2011-06-22,2011-06-27,3578,1,3578
SO44920,36,3649,2011-06-15,2011-06-22,2011-06-27,699,1,699
SO44921,17,7490,2011-06-15,2011-06-22,2011-06-27,3578,1,3578
SO44922,19,7278,2011-06-15,2011-06-22,2011-06-27,3578,1,3578
SO44923,17,7337,2011-06-15,2011-06-22,2011-06-27,3578,1,3578
SO44924,20,17831,2011-06-16,2011-06-23,2011-06-28,3578,1,3578
SO44925,18,7494,2011-06-16,2011-06-23,2011-06-28,3578,1,3578
SO44926,43,14707,2011-06-16,2011-06-23,2011-06-28,699,1,699
SO44927,3,449,2011-06-16,2011-06-23,2011-06-28,3375,1,3375
SO44928,19,3844,2011-06-17,2011-06-24,2011-06-29,3578,1,3578
SO44929,17,1399,2011-06-17,2011-06-24,2011-06-29,3578,1,3578
SO44930,17,18111,2011-06-17,2011-06-24,2011-06-29,3578,1,3578
SO44931,17,17850,2011-06-17,2011-06-24,2011-06-29,3578,1,3578
SO44932,17,7304,2011-06-17,2011-06-24,2011-06-29,3578,1,3578
SO44933,17,7277,2011-06-17,2011-06-24,2011-06-29,3578,1,3578
SO44934,17,3772,2011-06-18,2011-06-25,2011-06-30,3578,1,3578
SO44935,17,1334,2011-06-18,2011-06-25,2011-06-30,3578,1,3578
SO44936,17,18045,2011-06-18,2011-06-25,2011-06-30,3578,1,3578
SO44937,16,11252,2011-06-18,2011-06-25,2011-06-30,3578,1,3578
SO44938,19,17852,2011-06-18,2011-06-25,2011-06-30,3578,1,3578
SO44939,19,17994,2011-06-18,2011-06-25,2011-06-30,3578,1,3578
SO44940,16,7491,2011-06-18,2011-06-25,2011-06-30,3578,1,3578
SO44941,20,7698,2011-06-18,2011-06-25,2011-06-30,3578,1,3578
SO44942,20,7702,2011-06-18,2011-06-25,2011-06-30,3578,1,3578
SO44943,44,14569,2011-06-18,2011-06-25,2011-06-30,699,1,699
SO44944,39,14708,2011-06-18,2011-06-25,2011-06-30,699,1,699
SO44945,46,14711,2011-06-18,2011-06-25,2011-06-30,699,1,699
SO44946,4,358,2011-06-18,2011-06-25,2011-06-30,3375,1,3375
SO44947,9,447,2011-06-18,2011-06-25,2011-06-30,3400,1,3400
SO44948,17,1396,2011-06-19,2011-06-26,2011-07-01,3578,1,3578
SO44949,4,18475,2011-06-19,2011-06-26,2011-07-01,3375,1,3375
SO44950,18,17836,2011-06-19,2011-06-26,2011-07-01,3578,1,3578
SO44951,16,17844,2011-06-19,2011-06-26,2011-07-01,3578,1,3578
SO44952,4,14956,2011-06-19,2011-06-26,2011-07-01,3375,1,3375
SO44953,17,17860,2011-06-19,2011-06-26,2011-07-01,3578,1,3578
SO44954,20,17991,2011-06-19,2011-06-26,2011-07-01,3578,1,3578
SO44955,38,14710,2011-06-19,2011-06-26,2011-07-01,699,1,699
SO44956,6,450,2011-06-19,2011-06-26,2011-07-01,3375,1,3375
SO44957,20,11248,2011-06-20,2011-06-27,2011-07-02,3578,1,3578
SO44958,39,9174,2011-06-20,2011-06-27,2011-07-02,699,1,699
SO44959,17,18020,2011-06-20,2011-06-27,2011-07-02,3578,1,3578
SO44960,19,11374,2011-06-20,2011-06-27,2011-07-02,3578,1,3578
SO44961,18,18061,2011-06-20,2011-06-27,2011-07-02,3578,1,3578
SO44962,20,17832,2011-06-20,2011-06-27,2011-07-02,3578,1,3578
SO44963,9,14975,2011-06-20,2011-06-27,2011-07-02,3400,1,3400
SO44964,40,3648,2011-06-20,2011-06-27,2011-07-02,699,1,699
SO44965,39,3650,2011-06-20,2011-06-27,2011-07-02,699,1,699
SO44966,19,7459,2011-06-20,2011-06-27,2011-07-02,3578,1,3578
SO44967,20,3795,2011-06-21,2011-06-28,2011-07-03,3578,1,3578
SO44968,38,8366,2011-06-21,2011-06-28,2011-07-03,699,1,699
SO44969,17,11714,2011-06-21,2011-06-28,2011-07-03,3578,1,3578
SO44970,17,17821,2011-06-21,2011-06-28,2011-07-03,3578,1,3578
SO44971,18,17990,2011-06-21,2011-06-28,2011-07-03,3578,1,3578
SO44972,16,18017,2011-06-21,2011-06-28,2011-07-03,3578,1,3578
SO44973,19,7483,2011-06-21,2011-06-28,2011-07-03,3578,1,3578
SO44974,17,3777,2011-06-22,2011-06-29,2011-07-04,3578,1,3578
SO44975,16,17824,2011-06-22,2011-06-29,2011-07-04,3578,1,3578
SO44976,16,17825,2011-06-22,2011-06-29,2011-07-04,3578,1,3578
SO44977,18,18011,2011-06-22,2011-06-29,2011-07-04,3578,1,3578
SO44978,46,3653,2011-06-22,2011-06-29,2011-07-04,699,1,699
SO44979,20,7470,2011-06-22,2011-06-29,2011-07-04,3578,1,3578
SO44980,20,7700,2011-06-22,2011-06-29,2011-07-04,3578,1,3578
SO44981,20,7463,2011-06-22,2011-06-29,2011-07-04,3578,1,3578
SO44982,17,18133,2011-06-23,2011-06-30,2011-07-05,3578,1,3578
SO44983,20,11253,2011-06-23,2011-06-30,2011-07-05,3578,1,3578
SO44984,19,18009,2011-06-23,2011-06-30,2011-07-05,3578,1,3578
SO44985,16,7693,2011-06-23,2011-06-30,2011-07-05,3578,1,3578
SO44986,43,14709,2011-06-23,2011-06-30,2011-07-05,699,1,699
SO44987,19,1324,2011-06-24,2011-07-01,2011-07-06,3578,1,3578
SO44988,36,7000,2011-06-24,2011-07-01,2011-07-06,699,1,699
SO44989,16,17855,2011-06-24,2011-07-01,2011-07-06,3578,1,3578
SO44990,36,3646,2011-06-24,2011-07-01,2011-07-06,699,1,699
SO44991,19,7699,2011-06-24,2011-07-01,2011-07-06,3578,1,3578
SO44992,16,7465,2011-06-24,2011-07-01,2011-07-06,3578,1,3578
SO44993,5,369,2011-06-24,2011-07-01,2011-07-06,3375,1,3375
SO44994,16,17806,2011-06-25,2011-07-02,2011-07-07,3578,1,3578
SO44995,18,17842,2011-06-25,2011-07-02,2011-07-07,3578,1,3578
SO44996,4,14971,2011-06-25,2011-07-02,2011-07-07,3375,1,3375
SO44997,20,17871,2011-06-25,2011-07-02,2011-07-07,3578,1,3578
SO44998,37,3647,2011-06-25,2011-07-02,2011-07-07,699,1,699
SO44999,16,7486,2011-06-25,2011-07-02,2011-07-07,3578,1,3578
SO45000,17,7298,2011-06-25,2011-07-02,2011-07-07,3578,1,3578
SO45001,17,7303,2011-06-25,2011-07-02,2011-07-07,3578,1,3578
SO45002,17,2845,2011-06-26,2011-07-03,2011-07-08,3578,1,3578
SO45003,19,18060,2011-06-26,2011-07-03,2011-07-08,3578,1,3578
SO45004,19,18107,2011-06-26,2011-07-03,2011-07-08,3578,1,3578
SO45005,17,17845,2011-06-26,2011-07-03,2011-07-08,3578,1,3578
SO45006,17,1374,2011-06-27,2011-07-04,2011-07-09,3578,1,3578
SO45007,20,3138,2011-06-27,2011-07-04,2011-07-09,3578,1,3578
SO45008,18,3832,2011-06-27,2011-07-04,2011-07-09,3578,1,3578
SO45009,36,8388,2011-06-27,2011-07-04,2011-07-09,699,1,699
SO45010,18,17870,2011-06-27,2011-07-04,2011-07-09,3578,1,3578
SO45011,18,11269,2011-06-27,2011-07-04,2011-07-09,3578,1,3578
SO45012,38,3651,2011-06-27,2011-07-04,2011-07-09,699,1,699
SO45013,20,7484,2011-06-27,2011-07-04,2011-07-09,3578,1,3578
SO45014,46,14706,2011-06-27,2011-07-04,2011-07-09,699,1,699
SO45015,9,361,2011-06-27,2011-07-04,2011-07-09,3400,1,3400
SO45016,20,3771,2011-06-28,2011-07-05,2011-07-10,3578,1,3578
SO45017,17,17827,2011-06-28,2011-07-05,2011-07-10,3578,1,3578
SO45018,18,7495,2011-06-28,2011-07-05,2011-07-10,3578,1,3578
SO45019,18,7692,2011-06-28,2011-07-05,2011-07-10,3578,1,3578
SO45020,16,7333,2011-06-28,2011-07-05,2011-07-10,3578,1,3578
SO45021,3,359,2011-06-28,2011-07-05,2011-07-10,3375,1,3375
SO45022,5,448,2011-06-28,2011-07-05,2011-07-10,3375,1,3375
SO45023,20,2808,2011-06-28,2011-07-05,2011-07-10,3578,1,3578
SO45024,7,18476,2011-06-29,2011-07-06,2011-07-11,3400,1,3400
