cid,cntry,dwh_create_date
AW00011000,Australia,2026-04-11 09:31:21.5333333
AW00011001,Australia,2026-04-11 09:31:21.5333333
AW00011002,Australia,2026-04-11 09:31:21.5333333
AW00011003,Australia,2026-04-11 09:31:21.5333333
AW00011004,Australia,2026-04-11 09:31:21.5333333
AW00011005,Australia,2026-04-11 09:31:21.5333333
AW00011006,Australia,2026-04-11 09:31:21.5333333
AW00011007,Australia,2026-04-11 09:31:21.5333333
AW00011008,Australia,2026-04-11 09:31:21.5333333
AW00011009,Australia,2026-04-11 09:31:21.5333333
AW00011010,Australia,2026-04-11 09:31:21.5333333
AW00011011,Australia,2026-04-11 09:31:21.5333333
AW00011012,United States,2026-04-11 09:31:21.5333333
AW00011013,United States,2026-04-11 09:31:21.5333333
AW00011014,United States,2026-04-11 09:31:21.5333333
AW00011015,United States,2026-04-11 09:31:21.5333333
AW00011016,United States,2026-04-11 09:31:21.5333333
AW00011017,Australia,2026-04-11 09:31:21.5333333
AW00011018,Australia,2026-04-11 09:31:21.5333333
AW00011019,Canada,2026-04-11 09:31:21.5333333
AW00011020,Canada,2026-04-11 09:31:21.5333333
AW00011021,United States,2026-04-11 09:31:21.5333333
AW00011022,United States,2026-04-11 09:31:21.5333333
AW00011023,United States,2026-04-11 09:31:21.5333333
AW00011024,United States,2026-04-11 09:31:21.5333333
AW00011025,Australia,2026-04-11 09:31:21.5333333
AW00011026,Australia,2026-04-11 09:31:21.5333333
AW00011027,Australia,2026-04-11 09:31:21.5333333
AW00011028,Australia,2026-04-11 09:31:21.5333333
AW00011029,Australia,2026-04-11 09:31:21.5333333
AW00011030,Australia,2026-04-11 09:31:21.5333333
AW00011031,Australia,2026-04-11 09:31:21.5333333
AW00011032,Australia,2026-04-11 09:31:21.5333333
AW00011033,Australia,2026-04-11 09:31:21.5333333
AW00011034,Australia,2026-04-11 09:31:21.5333333
AW00011035,Australia,2026-04-11 09:31:21.5333333
AW00011036,United States,2026-04-11 09:31:21.5333333
AW00011037,Canada,2026-04-11 09:31:21.5333333
AW00011038,Australia,2026-04-11 09:31:21.5333333
AW00011039,Australia,2026-04-11 09:31:21.5333333
AW00011040,United States,2026-04-11 09:31:21.5333333
AW00011041,United States,2026-04-11 09:31:21.5333333
AW00011042,United States,2026-04-11 09:31:21.5333333
AW00011043,United States,2026-04-11 09:31:21.5333333
AW00011044,Australia,2026-04-11 09:31:21.5333333
AW00011045,Australia,2026-04-11 09:31:21.5333333
AW00011046,Australia,2026-04-11 09:31:21.5333333
AW00011047,Australia,2026-04-11 09:31:21.5333333
AW00011048,Australia,2026-04-11 09:31:21.5333333
AW00011049,United States,2026-04-11 09:31:21.5333333
AW00011050,Australia,2026-04-11 09:31:21.5333333
AW00011051,Australia,2026-04-11 09:31:21.5333333
AW00011052,Australia,2026-04-11 09:31:21.5333333
AW00011053,United States,2026-04-11 09:31:21.5333333
AW00011054,Australia,2026-04-11 09:31:21.5333333
AW00011055,Australia,2026-04-11 09:31:21.5333333
AW00011056,Australia,2026-04-11 09:31:21.5333333
AW00011057,Australia,2026-04-11 09:31:21.5333333
AW00011058,Australia,2026-04-11 09:31:21.5333333
AW00011059,Australia,2026-04-11 09:31:21.5333333
AW00011060,Australia,2026-04-11 09:31:21.5333333
AW00011061,Australia,2026-04-11 09:31:21.5333333
AW00011062,United States,2026-04-11 09:31:21.5333333
AW00011063,United States,2026-04-11 09:31:21.5333333
AW00011064,United States,2026-04-11 09:31:21.5333333
AW00011065,United States,2026-04-11 09:31:21.5333333
AW00011066,United States,2026-04-11 09:31:21.5333333
AW00011067,United States,2026-04-11 09:31:21.5333333
AW00011068,Australia,2026-04-11 09:31:21.5333333
AW00011069,Australia,2026-04-11 09:31:21.5333333
AW00011070,Australia,2026-04-11 09:31:21.5333333
AW00011071,Australia,2026-04-11 09:31:21.5333333
AW00011072,Australia,2026-04-11 09:31:21.5333333
AW00011073,Australia,2026-04-11 09:31:21.5333333
AW00011074,Australia,2026-04-11 09:31:21.5333333
AW00011075,Australia,2026-04-11 09:31:21.5333333
AW00011076,Australia,2026-04-11 09:31:21.5333333
AW00011077,Australia,2026-04-11 09:31:21.5333333
AW00011078,Canada,2026-04-11 09:31:21.5333333
AW00011079,Australia,2026-04-11 09:31:21.5333333
AW00011080,Australia,2026-04-11 09:31:21.5333333
AW00011081,United States,2026-04-11 09:31:21.5333333
AW00011082,United States,2026-04-11 09:31:21.5333333
AW00011083,United States,2026-04-11 09:31:21.5333333
AW00011084,United States,2026-04-11 09:31:21.5333333
AW00011085,United States,2026-04-11 09:31:21.5333333
AW00011086,United States,2026-04-11 09:31:21.5333333
AW00011087,United States,2026-04-11 09:31:21.5333333
AW00011088,United States,2026-04-11 09:31:21.5333333
AW00011089,United States,2026-04-11 09:31:21.5333333
AW00011090,United States,2026-04-11 09:31:21.5333333
AW00011091,Canada,2026-04-11 09:31:21.5333333
AW00011092,Australia,2026-04-11 09:31:21.5333333
AW00011093,Australia,2026-04-11 09:31:21.5333333
AW00011094,Australia,2026-04-11 09:31:21.5333333
AW00011095,Australia,2026-04-11 09:31:21.5333333
AW00011096,Australia,2026-04-11 09:31:21.5333333
AW00011097,Australia,2026-04-11 09:31:21.5333333
AW00011098,Australia,2026-04-11 09:31:21.5333333
AW00011099,Australia,2026-04-11 09:31:21.5333333
AW00011100,Australia,2026-04-11 09:31:21.5333333
AW00011101,Australia,2026-04-11 09:31:21.5333333
AW00011102,Australia,2026-04-11 09:31:21.5333333
AW00011103,Australia,2026-04-11 09:31:21.5333333
AW00011104,Australia,2026-04-11 09:31:21.5333333
AW00011105,Australia,2026-04-11 09:31:21.5333333
AW00011106,Australia,2026-04-11 09:31:21.5333333
AW00011107,Australia,2026-04-11 09:31:21.5333333
AW00011108,Australia,2026-04-11 09:31:21.5333333
AW00011109,Australia,2026-04-11 09:31:21.5333333
AW00011110,Australia,2026-04-11 09:31:21.5333333
AW00011111,Australia,2026-04-11 09:31:21.5333333
AW00011112,Australia,2026-04-11 09:31:21.5333333
AW00011113,Australia,2026-04-11 09:31:21.5333333
AW00011114,Australia,2026-04-11 09:31:21.5333333
AW00011115,Australia,2026-04-11 09:31:21.5333333
AW00011116,Australia,2026-04-11 09:31:21.5333333
AW00011117,Australia,2026-04-11 09:31:21.5333333
AW00011118,Australia,2026-04-11 09:31:21.5333333
AW00011119,Australia,2026-04-11 09:31:21.5333333
AW00011120,Australia,2026-04-11 09:31:21.5333333
AW00011121,Australia,2026-04-11 09:31:21.5333333
AW00011122,Australia,2026-04-11 09:31:21.5333333
AW00011123,Australia,2026-04-11 09:31:21.5333333
AW00011124,Australia,2026-04-11 09:31:21.5333333
AW00011125,Australia,2026-04-11 09:31:21.5333333
AW00011126,Australia,2026-04-11 09:31:21.5333333
AW00011127,United States,2026-04-11 09:31:21.5333333
AW00011128,United States,2026-04-11 09:31:21.5333333
AW00011129,United States,2026-04-11 09:31:21.5333333
AW00011130,United States,2026-04-11 09:31:21.5333333
AW00011131,Canada,2026-04-11 09:31:21.5333333
AW00011132,Canada,2026-04-11 09:31:21.5333333
AW00011133,United States,2026-04-11 09:31:21.5333333
AW00011134,Australia,2026-04-11 09:31:21.5333333
AW00011135,United States,2026-04-11 09:31:21.5333333
AW00011136,Canada,2026-04-11 09:31:21.5333333
AW00011137,United States,2026-04-11 09:31:21.5333333
AW00011138,United States,2026-04-11 09:31:21.5333333
AW00011139,Australia,2026-04-11 09:31:21.5333333
AW00011140,United States,2026-04-11 09:31:21.5333333
AW00011141,United States,2026-04-11 09:31:21.5333333
AW00011142,Canada,2026-04-11 09:31:21.5333333
AW00011143,United States,2026-04-11 09:31:21.5333333
AW00011144,United States,2026-04-11 09:31:21.5333333
AW00011145,United States,2026-04-11 09:31:21.5333333
AW00011146,Australia,2026-04-11 09:31:21.5333333
AW00011147,Australia,2026-04-11 09:31:21.5333333
AW00011148,Australia,2026-04-11 09:31:21.5333333
AW00011149,Australia,2026-04-11 09:31:21.5333333
AW00011150,Australia,2026-04-11 09:31:21.5333333
AW00011151,Australia,2026-04-11 09:31:21.5333333
AW00011152,United States,2026-04-11 09:31:21.5333333
AW00011153,United States,2026-04-11 09:31:21.5333333
AW00011154,United States,2026-04-11 09:31:21.5333333
AW00011155,United States,2026-04-11 09:31:21.5333333
AW00011156,United States,2026-04-11 09:31:21.5333333
AW00011157,United States,2026-04-11 09:31:21.5333333
AW00011158,United States,2026-04-11 09:31:21.5333333
AW00011159,United States,2026-04-11 09:31:21.5333333
AW00011160,United States,2026-04-11 09:31:21.5333333
AW00011161,United States,2026-04-11 09:31:21.5333333
AW00011162,United States,2026-04-11 09:31:21.5333333
AW00011163,United States,2026-04-11 09:31:21.5333333
AW00011164,United States,2026-04-11 09:31:21.5333333
AW00011165,United States,2026-04-11 09:31:21.5333333
AW00011166,United States,2026-04-11 09:31:21.5333333
AW00011167,United States,2026-04-11 09:31:21.5333333
AW00011168,United States,2026-04-11 09:31:21.5333333
AW00011169,United States,2026-04-11 09:31:21.5333333
AW00011170,United States,2026-04-11 09:31:21.5333333
AW00011171,United States,2026-04-11 09:31:21.5333333
AW00011172,United States,2026-04-11 09:31:21.5333333
AW00011173,United States,2026-04-11 09:31:21.5333333
AW00011174,United States,2026-04-11 09:31:21.5333333
AW00011175,United States,2026-04-11 09:31:21.5333333
AW00011176,Canada,2026-04-11 09:31:21.5333333
AW00011177,United States,2026-04-11 09:31:21.5333333
AW00011178,United States,2026-04-11 09:31:21.5333333
AW00011179,United States,2026-04-11 09:31:21.5333333
AW00011180,United States,2026-04-11 09:31:21.5333333
AW00011181,United States,2026-04-11 09:31:21.5333333
AW00011182,United States,2026-04-11 09:31:21.5333333
AW00011183,United States,2026-04-11 09:31:21.5333333
AW00011184,United States,2026-04-11 09:31:21.5333333
AW00011185,Canada,2026-04-11 09:31:21.5333333
AW00011186,United States,2026-04-11 09:31:21.5333333
AW00011187,United States,2026-04-11 09:31:21.5333333
AW00011188,United States,2026-04-11 09:31:21.5333333
AW00011189,United States,2026-04-11 09:31:21.5333333
AW00011190,United States,2026-04-11 09:31:21.5333333
AW00011191,United States,2026-04-11 09:31:21.5333333
AW00011192,United States,2026-04-11 09:31:21.5333333
AW00011193,United States,2026-04-11 09:31:21.5333333
AW00011194,United States,2026-04-11 09:31:21.5333333
AW00011195,United States,2026-04-11 09:31:21.5333333
AW00011196,United States,2026-04-11 09:31:21.5333333
AW00011197,United States,2026-04-11 09:31:21.5333333
AW00011198,United States,2026-04-11 09:31:21.5333333
AW00011199,United States,2026-04-11 09:31:21.5333333
AW00011200,Canada,2026-04-11 09:31:21.5333333
AW00011201,United States,2026-04-11 09:31:21.5333333
AW00011202,United States,2026-04-11 09:31:21.5333333
AW00011203,Canada,2026-04-11 09:31:21.5333333
AW00011204,United States,2026-04-11 09:31:21.5333333
AW00011205,United States,2026-04-11 09:31:21.5333333
AW00011206,United States,2026-04-11 09:31:21.5333333
AW00011207,United States,2026-04-11 09:31:21.5333333
AW00011208,United States,2026-04-11 09:31:21.5333333
AW00011209,United States,2026-04-11 09:31:21.5333333
AW00011210,United States,2026-04-11 09:31:21.5333333
AW00011211,Canada,2026-04-11 09:31:21.5333333
AW00011212,Canada,2026-04-11 09:31:21.5333333
AW00011213,United States,2026-04-11 09:31:21.5333333
AW00011214,United States,2026-04-11 09:31:21.5333333
AW00011215,Canada,2026-04-11 09:31:21.5333333
AW00011216,United States,2026-04-11 09:31:21.5333333
AW00011217,United States,2026-04-11 09:31:21.5333333
AW00011218,United States,2026-04-11 09:31:21.5333333
AW00011219,United States,2026-04-11 09:31:21.5333333
AW00011220,United States,2026-04-11 09:31:21.5333333
AW00011221,United States,2026-04-11 09:31:21.5333333
AW00011222,United States,2026-04-11 09:31:21.5333333
AW00011223,Canada,2026-04-11 09:31:21.5333333
AW00011224,United States,2026-04-11 09:31:21.5333333
AW00011225,United States,2026-04-11 09:31:21.5333333
AW00011226,United States,2026-04-11 09:31:21.5333333
AW00011227,United States,2026-04-11 09:31:21.5333333
AW00011228,United States,2026-04-11 09:31:21.5333333
AW00011229,United States,2026-04-11 09:31:21.5333333
AW00011230,United States,2026-04-11 09:31:21.5333333
AW00011231,United States,2026-04-11 09:31:21.5333333
AW00011232,United States,2026-04-11 09:31:21.5333333
AW00011233,United States,2026-04-11 09:31:21.5333333
AW00011234,United States,2026-04-11 09:31:21.5333333
AW00011235,United States,2026-04-11 09:31:21.5333333
AW00011236,United States,2026-04-11 09:31:21.5333333
AW00011237,Germany,2026-04-11 09:31:21.5333333
AW00011238,United Kingdom,2026-04-11 09:31:21.5333333
AW00011239,United Kingdom,2026-04-11 09:31:21.5333333
AW00011240,United Kingdom,2026-04-11 09:31:21.5333333
AW00011241,France,2026-04-11 09:31:21.5333333
AW00011242,France,2026-04-11 09:31:21.5333333
AW00011243,United Kingdom,2026-04-11 09:31:21.5333333
AW00011244,United Kingdom,2026-04-11 09:31:21.5333333
AW00011245,Germany,2026-04-11 09:31:21.5333333
AW00011246,Germany,2026-04-11 09:31:21.5333333
AW00011247,United Kingdom,2026-04-11 09:31:21.5333333
AW00011248,France,2026-04-11 09:31:21.5333333
AW00011249,Germany,2026-04-11 09:31:21.5333333
AW00011250,United Kingdom,2026-04-11 09:31:21.5333333
AW00011251,Canada,2026-04-11 09:31:21.5333333
AW00011252,United States,2026-04-11 09:31:21.5333333
AW00011253,Canada,2026-04-11 09:31:21.5333333
AW00011254,United States,2026-04-11 09:31:21.5333333
AW00011255,United States,2026-04-11 09:31:21.5333333
AW00011256,United States,2026-04-11 09:31:21.5333333
AW00011257,United States,2026-04-11 09:31:21.5333333
AW00011258,United States,2026-04-11 09:31:21.5333333
AW00011259,United States,2026-04-11 09:31:21.5333333
AW00011260,United States,2026-04-11 09:31:21.5333333
AW00011261,United States,2026-04-11 09:31:21.5333333
AW00011262,Canada,2026-04-11 09:31:21.5333333
AW00011263,United States,2026-04-11 09:31:21.5333333
AW00011264,United States,2026-04-11 09:31:21.5333333
AW00011265,United States,2026-04-11 09:31:21.5333333
AW00011266,United States,2026-04-11 09:31:21.5333333
AW00011267,United States,2026-04-11 09:31:21.5333333
AW00011268,United States,2026-04-11 09:31:21.5333333
AW00011269,United States,2026-04-11 09:31:21.5333333
AW00011270,United States,2026-04-11 09:31:21.5333333
AW00011271,United States,2026-04-11 09:31:21.5333333
AW00011272,United States,2026-04-11 09:31:21.5333333
AW00011273,United States,2026-04-11 09:31:21.5333333
AW00011274,United States,2026-04-11 09:31:21.5333333
AW00011275,United States,2026-04-11 09:31:21.5333333
AW00011276,Canada,2026-04-11 09:31:21.5333333
AW00011277,Canada,2026-04-11 09:31:21.5333333
AW00011278,United States,2026-04-11 09:31:21.5333333
AW00011279,United States,2026-04-11 09:31:21.5333333
AW00011280,United States,2026-04-11 09:31:21.5333333
AW00011281,United States,2026-04-11 09:31:21.5333333
AW00011282,United States,2026-04-11 09:31:21.5333333
AW00011283,United States,2026-04-11 09:31:21.5333333
AW00011284,United States,2026-04-11 09:31:21.5333333
AW00011285,United States,2026-04-11 09:31:21.5333333
AW00011286,United States,2026-04-11 09:31:21.5333333
AW00011287,Canada,2026-04-11 09:31:21.5333333
AW00011288,United States,2026-04-11 09:31:21.5333333
AW00011289,United States,2026-04-11 09:31:21.5333333
AW00011290,United States,2026-04-11 09:31:21.5333333
AW00011291,United States,2026-04-11 09:31:21.5333333
AW00011292,United States,2026-04-11 09:31:21.5333333
AW00011293,United States,2026-04-11 09:31:21.5333333
AW00011294,United States,2026-04-11 09:31:21.5333333
AW00011295,United States,2026-04-11 09:31:21.5333333
AW00011296,United States,2026-04-11 09:31:21.5333333
AW00011297,United States,2026-04-11 09:31:21.5333333
AW00011298,United States,2026-04-11 09:31:21.5333333
AW00011299,United States,2026-04-11 09:31:21.5333333
AW00011300,Canada,2026-04-11 09:31:21.5333333
AW00011301,United States,2026-04-11 09:31:21.5333333
AW00011302,United States,2026-04-11 09:31:21.5333333
AW00011303,United States,2026-04-11 09:31:21.5333333
AW00011304,United States,2026-04-11 09:31:21.5333333
AW00011305,United States,2026-04-11 09:31:21.5333333
AW00011306,United States,2026-04-11 09:31:21.5333333
AW00011307,United States,2026-04-11 09:31:21.5333333
AW00011308,United States,2026-04-11 09:31:21.5333333
AW00011309,United States,2026-04-11 09:31:21.5333333
AW00011310,United States,2026-04-11 09:31:21.5333333
AW00011311,United States,2026-04-11 09:31:21.5333333
AW00011312,United States,2026-04-11 09:31:21.5333333
AW00011313,United States,2026-04-11 09:31:21.5333333
AW00011314,United States,2026-04-11 09:31:21.5333333
AW00011315,United States,2026-04-11 09:31:21.5333333
AW00011316,Canada,2026-04-11 09:31:21.5333333
AW00011317,United States,2026-04-11 09:31:21.5333333
AW00011318,United States,2026-04-11 09:31:21.5333333
AW00011319,United States,2026-04-11 09:31:21.5333333
AW00011320,United States,2026-04-11 09:31:21.5333333
AW00011321,United States,2026-04-11 09:31:21.5333333
AW00011322,United States,2026-04-11 09:31:21.5333333
AW00011323,United States,2026-04-11 09:31:21.5333333
AW00011324,United States,2026-04-11 09:31:21.5333333
AW00011325,United States,2026-04-11 09:31:21.5333333
AW00011326,United States,2026-04-11 09:31:21.5333333
AW00011327,United States,2026-04-11 09:31:21.5333333
AW00011328,Canada,2026-04-11 09:31:21.5333333
AW00011329,United States,2026-04-11 09:31:21.5333333
AW00011330,Canada,2026-04-11 09:31:21.5333333
AW00011331,Canada,2026-04-11 09:31:21.5333333
AW00011332,Germany,2026-04-11 09:31:21.5333333
AW00011333,United Kingdom,2026-04-11 09:31:21.5333333
AW00011334,United Kingdom,2026-04-11 09:31:21.5333333
AW00011335,Germany,2026-04-11 09:31:21.5333333
AW00011336,France,2026-04-11 09:31:21.5333333
AW00011337,United Kingdom,2026-04-11 09:31:21.5333333
AW00011338,Germany,2026-04-11 09:31:21.5333333
AW00011339,France,2026-04-11 09:31:21.5333333
AW00011340,France,2026-04-11 09:31:21.5333333
AW00011341,United Kingdom,2026-04-11 09:31:21.5333333
AW00011342,France,2026-04-11 09:31:21.5333333
AW00011343,United Kingdom,2026-04-11 09:31:21.5333333
AW00011344,United Kingdom,2026-04-11 09:31:21.5333333
AW00011345,France,2026-04-11 09:31:21.5333333
AW00011346,France,2026-04-11 09:31:21.5333333
AW00011347,Germany,2026-04-11 09:31:21.5333333
AW00011348,Germany,2026-04-11 09:31:21.5333333
AW00011349,Germany,2026-04-11 09:31:21.5333333
AW00011350,United Kingdom,2026-04-11 09:31:21.5333333
AW00011351,United Kingdom,2026-04-11 09:31:21.5333333
AW00011352,France,2026-04-11 09:31:21.5333333
AW00011353,United Kingdom,2026-04-11 09:31:21.5333333
AW00011354,Germany,2026-04-11 09:31:21.5333333
AW00011355,United Kingdom,2026-04-11 09:31:21.5333333
AW00011356,Australia,2026-04-11 09:31:21.5333333
AW00011357,Australia,2026-04-11 09:31:21.5333333
AW00011358,Australia,2026-04-11 09:31:21.5333333
AW00011359,Australia,2026-04-11 09:31:21.5333333
AW00011360,Australia,2026-04-11 09:31:21.5333333
AW00011361,Australia,2026-04-11 09:31:21.5333333
AW00011362,Australia,2026-04-11 09:31:21.5333333
AW00011363,Australia,2026-04-11 09:31:21.5333333
AW00011364,Australia,2026-04-11 09:31:21.5333333
AW00011365,Australia,2026-04-11 09:31:21.5333333
AW00011366,Australia,2026-04-11 09:31:21.5333333
AW00011367,Australia,2026-04-11 09:31:21.5333333
AW00011368,Australia,2026-04-11 09:31:21.5333333
AW00011369,Australia,2026-04-11 09:31:21.5333333
AW00011370,Australia,2026-04-11 09:31:21.5333333
AW00011371,Australia,2026-04-11 09:31:21.5333333
AW00011372,Australia,2026-04-11 09:31:21.5333333
AW00011373,Germany,2026-04-11 09:31:21.5333333
AW00011374,Germany,2026-04-11 09:31:21.5333333
AW00011375,United Kingdom,2026-04-11 09:31:21.5333333
AW00011376,United Kingdom,2026-04-11 09:31:21.5333333
AW00011377,Germany,2026-04-11 09:31:21.5333333
AW00011378,France,2026-04-11 09:31:21.5333333
AW00011379,France,2026-04-11 09:31:21.5333333
AW00011380,Germany,2026-04-11 09:31:21.5333333
AW00011381,United Kingdom,2026-04-11 09:31:21.5333333
AW00011382,France,2026-04-11 09:31:21.5333333
AW00011383,France,2026-04-11 09:31:21.5333333
AW00011384,France,2026-04-11 09:31:21.5333333
AW00011385,United Kingdom,2026-04-11 09:31:21.5333333
AW00011386,Germany,2026-04-11 09:31:21.5333333
AW00011387,United Kingdom,2026-04-11 09:31:21.5333333
AW00011388,United Kingdom,2026-04-11 09:31:21.5333333
AW00011389,Germany,2026-04-11 09:31:21.5333333
AW00011390,France,2026-04-11 09:31:21.5333333
AW00011391,Germany,2026-04-11 09:31:21.5333333
AW00011392,Germany,2026-04-11 09:31:21.5333333
AW00011393,France,2026-04-11 09:31:21.5333333
AW00011394,United Kingdom,2026-04-11 09:31:21.5333333
AW00011395,Germany,2026-04-11 09:31:21.5333333
AW00011396,Germany,2026-04-11 09:31:21.5333333
AW00011397,France,2026-04-11 09:31:21.5333333
AW00011398,United Kingdom,2026-04-11 09:31:21.5333333
AW00011399,France,2026-04-11 09:31:21.5333333
AW00011400,United Kingdom,2026-04-11 09:31:21.5333333
AW00011401,France,2026-04-11 09:31:21.5333333
AW00011402,France,2026-04-11 09:31:21.5333333
AW00011403,France,2026-04-11 09:31:21.5333333
AW00011404,Germany,2026-04-11 09:31:21.5333333
AW00011405,Germany,2026-04-11 09:31:21.5333333
AW00011406,France,2026-04-11 09:31:21.5333333
AW00011407,Germany,2026-04-11 09:31:21.5333333
AW00011408,United Kingdom,2026-04-11 09:31:21.5333333
AW00011409,France,2026-04-11 09:31:21.5333333
AW00011410,France,2026-04-11 09:31:21.5333333
AW00011411,Germany,2026-04-11 09:31:21.5333333
AW00011412,Germany,2026-04-11 09:31:21.5333333
AW00011413,United Kingdom,2026-04-11 09:31:21.5333333
AW00011414,United Kingdom,2026-04-11 09:31:21.5333333
AW00011415,Germany,2026-04-11 09:31:21.5333333
AW00011416,France,2026-04-11 09:31:21.5333333
AW00011417,France,2026-04-11 09:31:21.5333333
AW00011418,Germany,2026-04-11 09:31:21.5333333
AW00011419,United Kingdom,2026-04-11 09:31:21.5333333
AW00011420,France,2026-04-11 09:31:21.5333333
AW00011421,Germany,2026-04-11 09:31:21.5333333
AW00011422,United Kingdom,2026-04-11 09:31:21.5333333
AW00011423,Germany,2026-04-11 09:31:21.5333333
AW00011424,Germany,2026-04-11 09:31:21.5333333
AW00011425,France,2026-04-11 09:31:21.5333333
AW00011426,Germany,2026-04-11 09:31:21.5333333
AW00011427,Germany,2026-04-11 09:31:21.5333333
AW00011428,Germany,2026-04-11 09:31:21.5333333
AW00011429,France,2026-04-11 09:31:21.5333333
AW00011430,Germany,2026-04-11 09:31:21.5333333
AW00011431,Germany,2026-04-11 09:31:21.5333333
AW00011432,France,2026-04-11 09:31:21.5333333
AW00011433,France,2026-04-11 09:31:21.5333333
AW00011434,United Kingdom,2026-04-11 09:31:21.5333333
AW00011435,Germany,2026-04-11 09:31:21.5333333
AW00011436,United Kingdom,2026-04-11 09:31:21.5333333
AW00011437,France,2026-04-11 09:31:21.5333333
AW00011438,Germany,2026-04-11 09:31:21.5333333
AW00011439,France,2026-04-11 09:31:21.5333333
AW00011440,France,2026-04-11 09:31:21.5333333
AW00011441,France,2026-04-11 09:31:21.5333333
AW00011442,France,2026-04-11 09:31:21.5333333
AW00011443,Australia,2026-04-11 09:31:21.5333333
AW00011444,Australia,2026-04-11 09:31:21.5333333
AW00011445,Australia,2026-04-11 09:31:21.5333333
AW00011446,Australia,2026-04-11 09:31:21.5333333
AW00011447,Australia,2026-04-11 09:31:21.5333333
AW00011448,Australia,2026-04-11 09:31:21.5333333
AW00011449,Australia,2026-04-11 09:31:21.5333333
AW00011450,Australia,2026-04-11 09:31:21.5333333
AW00011451,Australia,2026-04-11 09:31:21.5333333
AW00011452,Australia,2026-04-11 09:31:21.5333333
AW00011453,Australia,2026-04-11 09:31:21.5333333
AW00011454,Australia,2026-04-11 09:31:21.5333333
AW00011455,Australia,2026-04-11 09:31:21.5333333
AW00011456,Australia,2026-04-11 09:31:21.5333333
AW00011457,Australia,2026-04-11 09:31:21.5333333
AW00011458,Australia,2026-04-11 09:31:21.5333333
AW00011459,Australia,2026-04-11 09:31:21.5333333
AW00011460,Australia,2026-04-11 09:31:21.5333333
AW00011461,Australia,2026-04-11 09:31:21.5333333
AW00011462,Australia,2026-04-11 09:31:21.5333333
AW00011463,Australia,2026-04-11 09:31:21.5333333
AW00011464,Australia,2026-04-11 09:31:21.5333333
AW00011465,Australia,2026-04-11 09:31:21.5333333
AW00011466,Australia,2026-04-11 09:31:21.5333333
AW00011467,Australia,2026-04-11 09:31:21.5333333
AW00011468,United Kingdom,2026-04-11 09:31:21.5333333
AW00011469,United Kingdom,2026-04-11 09:31:21.5333333
AW00011470,Germany,2026-04-11 09:31:21.5333333
AW00011471,France,2026-04-11 09:31:21.5333333
AW00011472,Australia,2026-04-11 09:31:21.5333333
AW00011473,France,2026-04-11 09:31:21.5333333
AW00011474,United Kingdom,2026-04-11 09:31:21.5333333
AW00011475,United Kingdom,2026-04-11 09:31:21.5333333
AW00011476,United Kingdom,2026-04-11 09:31:21.5333333
AW00011477,Germany,2026-04-11 09:31:21.5333333
AW00011478,France,2026-04-11 09:31:21.5333333
AW00011479,France,2026-04-11 09:31:21.5333333
AW00011480,France,2026-04-11 09:31:21.5333333
AW00011481,Germany,2026-04-11 09:31:21.5333333
AW00011482,United Kingdom,2026-04-11 09:31:21.5333333
AW00011483,France,2026-04-11 09:31:21.5333333
AW00011484,Germany,2026-04-11 09:31:21.5333333
AW00011485,United Kingdom,2026-04-11 09:31:21.5333333
AW00011486,Germany,2026-04-11 09:31:21.5333333
AW00011487,France,2026-04-11 09:31:21.5333333
AW00011488,United Kingdom,2026-04-11 09:31:21.5333333
AW00011489,United Kingdom,2026-04-11 09:31:21.5333333
AW00011490,France,2026-04-11 09:31:21.5333333
AW00011491,United Kingdom,2026-04-11 09:31:21.5333333
AW00011492,Germany,2026-04-11 09:31:21.5333333
AW00011493,United Kingdom,2026-04-11 09:31:21.5333333
AW00011494,United Kingdom,2026-04-11 09:31:21.5333333
AW00011495,Germany,2026-04-11 09:31:21.5333333
AW00011496,United Kingdom,2026-04-11 09:31:21.5333333
AW00011497,United Kingdom,2026-04-11 09:31:21.5333333
AW00011498,Canada,2026-04-11 09:31:21.5333333
AW00011499,United States,2026-04-11 09:31:21.5333333
AW00011500,Canada,2026-04-11 09:31:21.5333333
AW00011501,Canada,2026-04-11 09:31:21.5333333
AW00011502,Canada,2026-04-11 09:31:21.5333333
AW00011503,United States,2026-04-11 09:31:21.5333333
AW00011504,United States,2026-04-11 09:31:21.5333333
AW00011505,Canada,2026-04-11 09:31:21.5333333
AW00011506,Canada,2026-04-11 09:31:21.5333333
AW00011507,Canada,2026-04-11 09:31:21.5333333
AW00011508,United States,2026-04-11 09:31:21.5333333
AW00011509,United States,2026-04-11 09:31:21.5333333
AW00011510,Canada,2026-04-11 09:31:21.5333333
AW00011511,United States,2026-04-11 09:31:21.5333333
AW00011512,Canada,2026-04-11 09:31:21.5333333
AW00011513,Canada,2026-04-11 09:31:21.5333333
AW00011514,United States,2026-04-11 09:31:21.5333333
AW00011515,United States,2026-04-11 09:31:21.5333333
AW00011516,United States,2026-04-11 09:31:21.5333333
AW00011517,United States,2026-04-11 09:31:21.5333333
AW00011518,United States,2026-04-11 09:31:21.5333333
AW00011519,Canada,2026-04-11 09:31:21.5333333
AW00011520,Canada,2026-04-11 09:31:21.5333333
AW00011521,United States,2026-04-11 09:31:21.5333333
AW00011522,United States,2026-04-11 09:31:21.5333333
AW00011523,Canada,2026-04-11 09:31:21.5333333
AW00011524,United States,2026-04-11 09:31:21.5333333
AW00011525,United States,2026-04-11 09:31:21.5333333
AW00011526,Canada,2026-04-11 09:31:21.5333333
AW00011527,United States,2026-04-11 09:31:21.5333333
AW00011528,United States,2026-04-11 09:31:21.5333333
AW00011529,United States,2026-04-11 09:31:21.5333333
AW00011530,Canada,2026-04-11 09:31:21.5333333
AW00011531,United States,2026-04-11 09:31:21.5333333
AW00011532,United States,2026-04-11 09:31:21.5333333
AW00011533,United States,2026-04-11 09:31:21.5333333
AW00011534,United States,2026-04-11 09:31:21.5333333
AW00011535,United States,2026-04-11 09:31:21.5333333
AW00011536,United States,2026-04-11 09:31:21.5333333
AW00011537,United States,2026-04-11 09:31:21.5333333
AW00011538,United States,2026-04-11 09:31:21.5333333
AW00011539,United States,2026-04-11 09:31:21.5333333
AW00011540,United States,2026-04-11 09:31:21.5333333
AW00011541,United States,2026-04-11 09:31:21.5333333
AW00011542,United Kingdom,2026-04-11 09:31:21.5333333
AW00011543,France,2026-04-11 09:31:21.5333333
AW00011544,Germany,2026-04-11 09:31:21.5333333
AW00011545,France,2026-04-11 09:31:21.5333333
AW00011546,France,2026-04-11 09:31:21.5333333
AW00011547,France,2026-04-11 09:31:21.5333333
AW00011548,United Kingdom,2026-04-11 09:31:21.5333333
AW00011549,United Kingdom,2026-04-11 09:31:21.5333333
AW00011550,United Kingdom,2026-04-11 09:31:21.5333333
AW00011551,France,2026-04-11 09:31:21.5333333
AW00011552,Germany,2026-04-11 09:31:21.5333333
AW00011553,United Kingdom,2026-04-11 09:31:21.5333333
AW00011554,France,2026-04-11 09:31:21.5333333
AW00011555,United Kingdom,2026-04-11 09:31:21.5333333
AW00011556,United Kingdom,2026-04-11 09:31:21.5333333
AW00011557,United Kingdom,2026-04-11 09:31:21.5333333
AW00011558,United Kingdom,2026-04-11 09:31:21.5333333
AW00011559,Germany,2026-04-11 09:31:21.5333333
AW00011560,United Kingdom,2026-04-11 09:31:21.5333333
AW00011561,Germany,2026-04-11 09:31:21.5333333
AW00011562,Germany,2026-04-11 09:31:21.5333333
AW00011563,United Kingdom,2026-04-11 09:31:21.5333333
AW00011564,Germany,2026-04-11 09:31:21.5333333
AW00011565,United Kingdom,2026-04-11 09:31:21.5333333
AW00011566,France,2026-04-11 09:31:21.5333333
AW00011567,Germany,2026-04-11 09:31:21.5333333
AW00011568,United Kingdom,2026-04-11 09:31:21.5333333
AW00011569,United Kingdom,2026-04-11 09:31:21.5333333
AW00011570,Germany,2026-04-11 09:31:21.5333333
AW00011571,France,2026-04-11 09:31:21.5333333
AW00011572,France,2026-04-11 09:31:21.5333333
AW00011573,United Kingdom,2026-04-11 09:31:21.5333333
AW00011574,United Kingdom,2026-04-11 09:31:21.5333333
AW00011575,United Kingdom,2026-04-11 09:31:21.5333333
AW00011576,France,2026-04-11 09:31:21.5333333
AW00011577,France,2026-04-11 09:31:21.5333333
AW00011578,France,2026-04-11 09:31:21.5333333
AW00011579,United Kingdom,2026-04-11 09:31:21.5333333
AW00011580,United Kingdom,2026-04-11 09:31:21.5333333
AW00011581,France,2026-04-11 09:31:21.5333333
AW00011582,France,2026-04-11 09:31:21.5333333
AW00011583,France,2026-04-11 09:31:21.5333333
AW00011584,Germany,2026-04-11 09:31:21.5333333
AW00011585,United Kingdom,2026-04-11 09:31:21.5333333
AW00011586,United Kingdom,2026-04-11 09:31:21.5333333
AW00011587,France,2026-04-11 09:31:21.5333333
AW00011588,France,2026-04-11 09:31:21.5333333
AW00011589,United Kingdom,2026-04-11 09:31:21.5333333
AW00011590,France,2026-04-11 09:31:21.5333333
AW00011591,France,2026-04-11 09:31:21.5333333
AW00011592,France,2026-04-11 09:31:21.5333333
AW00011593,France,2026-04-11 09:31:21.5333333
AW00011594,France,2026-04-11 09:31:21.5333333
AW00011595,Germany,2026-04-11 09:31:21.5333333
AW00011596,United Kingdom,2026-04-11 09:31:21.5333333
AW00011597,France,2026-04-11 09:31:21.5333333
AW00011598,Germany,2026-04-11 09:31:21.5333333
AW00011599,France,2026-04-11 09:31:21.5333333
AW00011600,France,2026-04-11 09:31:21.5333333
AW00011601,France,2026-04-11 09:31:21.5333333
AW00011602,Germany,2026-04-11 09:31:21.5333333
AW00011603,United Kingdom,2026-04-11 09:31:21.5333333
AW00011604,United Kingdom,2026-04-11 09:31:21.5333333
AW00011605,Germany,2026-04-11 09:31:21.5333333
AW00011606,France,2026-04-11 09:31:21.5333333
AW00011607,France,2026-04-11 09:31:21.5333333
AW00011608,France,2026-04-11 09:31:21.5333333
AW00011609,United Kingdom,2026-04-11 09:31:21.5333333
AW00011610,United Kingdom,2026-04-11 09:31:21.5333333
AW00011611,France,2026-04-11 09:31:21.5333333
AW00011612,United Kingdom,2026-04-11 09:31:21.5333333
AW00011613,Germany,2026-04-11 09:31:21.5333333
AW00011614,Germany,2026-04-11 09:31:21.5333333
AW00011615,United Kingdom,2026-04-11 09:31:21.5333333
AW00011616,United Kingdom,2026-04-11 09:31:21.5333333
AW00011617,United States,2026-04-11 09:31:21.5333333
AW00011618,Canada,2026-04-11 09:31:21.5333333
AW00011619,Canada,2026-04-11 09:31:21.5333333
AW00011620,United States,2026-04-11 09:31:21.5333333
AW00011621,United States,2026-04-11 09:31:21.5333333
AW00011622,United States,2026-04-11 09:31:21.5333333
AW00011623,United States,2026-04-11 09:31:21.5333333
AW00011624,United States,2026-04-11 09:31:21.5333333
AW00011625,United States,2026-04-11 09:31:21.5333333
AW00011626,United States,2026-04-11 09:31:21.5333333
AW00011627,United States,2026-04-11 09:31:21.5333333
AW00011628,United States,2026-04-11 09:31:21.5333333
AW00011629,United States,2026-04-11 09:31:21.5333333
AW00011630,United States,2026-04-11 09:31:21.5333333
AW00011631,Canada,2026-04-11 09:31:21.5333333
AW00011632,Canada,2026-04-11 09:31:21.5333333
AW00011633,United States,2026-04-11 09:31:21.5333333
AW00011634,United States,2026-04-11 09:31:21.5333333
AW00011635,United States,2026-04-11 09:31:21.5333333
AW00011636,United States,2026-04-11 09:31:21.5333333
AW00011637,United States,2026-04-11 09:31:21.5333333
AW00011638,United States,2026-04-11 09:31:21.5333333
AW00011639,United States,2026-04-11 09:31:21.5333333
AW00011640,Canada,2026-04-11 09:31:21.5333333
AW00011641,Canada,2026-04-11 09:31:21.5333333
AW00011642,Canada,2026-04-11 09:31:21.5333333
AW00011643,United States,2026-04-11 09:31:21.5333333
AW00011644,United States,2026-04-11 09:31:21.5333333
AW00011645,United States,2026-04-11 09:31:21.5333333
AW00011646,United States,2026-04-11 09:31:21.5333333
AW00011647,Canada,2026-04-11 09:31:21.5333333
AW00011648,United States,2026-04-11 09:31:21.5333333
AW00011649,United States,2026-04-11 09:31:21.5333333
AW00011650,United States,2026-04-11 09:31:21.5333333
AW00011651,Canada,2026-04-11 09:31:21.5333333
AW00011652,Canada,2026-04-11 09:31:21.5333333
AW00011653,United States,2026-04-11 09:31:21.5333333
AW00011654,United States,2026-04-11 09:31:21.5333333
AW00011655,United States,2026-04-11 09:31:21.5333333
AW00011656,United States,2026-04-11 09:31:21.5333333
AW00011657,United States,2026-04-11 09:31:21.5333333
AW00011658,United States,2026-04-11 09:31:21.5333333
AW00011659,Canada,2026-04-11 09:31:21.5333333
AW00011660,Canada,2026-04-11 09:31:21.5333333
AW00011661,Canada,2026-04-11 09:31:21.5333333
AW00011662,United States,2026-04-11 09:31:21.5333333
AW00011663,United States,2026-04-11 09:31:21.5333333
AW00011664,United States,2026-04-11 09:31:21.5333333
AW00011665,United States,2026-04-11 09:31:21.5333333
AW00011666,United States,2026-04-11 09:31:21.5333333
AW00011667,United States,2026-04-11 09:31:21.5333333
AW00011668,United States,2026-04-11 09:31:21.5333333
AW00011669,United States,2026-04-11 09:31:21.5333333
AW00011670,United States,2026-04-11 09:31:21.5333333
AW00011671,United States,2026-04-11 09:31:21.5333333
AW00011672,United States,2026-04-11 09:31:21.5333333
AW00011673,United States,2026-04-11 09:31:21.5333333
AW00011674,United States,2026-04-11 09:31:21.5333333
AW00011675,United States,2026-04-11 09:31:21.5333333
AW00011676,United States,2026-04-11 09:31:21.5333333
AW00011677,Canada,2026-04-11 09:31:21.5333333
AW00011678,United States,2026-04-11 09:31:21.5333333
AW00011679,United States,2026-04-11 09:31:21.5333333
AW00011680,United States,2026-04-11 09:31:21.5333333
AW00011681,United States,2026-04-11 09:31:21.5333333
AW00011682,United States,2026-04-11 09:31:21.5333333
AW00011683,United States,2026-04-11 09:31:21.5333333
AW00011684,United States,2026-04-11 09:31:21.5333333
AW00011685,United States,2026-04-11 09:31:21.5333333
AW00011686,United States,2026-04-11 09:31:21.5333333
AW00011687,United States,2026-04-11 09:31:21.5333333
AW00011688,United States,2026-04-11 09:31:21.5333333
AW00011689,United States,2026-04-11 09:31:21.5333333
AW00011690,United States,2026-04-11 09:31:21.5333333
AW00011691,United States,2026-04-11 09:31:21.5333333
AW00011692,United States,2026-04-11 09:31:21.5333333
AW00011693,Canada,2026-04-11 09:31:21.5333333
AW00011694,United States,2026-04-11 09:31:21.5333333
AW00011695,United States,2026-04-11 09:31:21.5333333
AW00011696,United States,2026-04-11 09:31:21.5333333
AW00011697,United States,2026-04-11 09:31:21.5333333
AW00011698,Canada,2026-04-11 09:31:21.5333333
AW00011699,United States,2026-04-11 09:31:21.5333333
AW00011700,United States,2026-04-11 09:31:21.5333333
AW00011701,United States,2026-04-11 09:31:21.5333333
AW00011702,United States,2026-04-11 09:31:21.5333333
AW00011703,United States,2026-04-11 09:31:21.5333333
AW00011704,United States,2026-04-11 09:31:21.5333333
AW00011705,United States,2026-04-11 09:31:21.5333333
AW00011706,United States,2026-04-11 09:31:21.5333333
AW00011707,United States,2026-04-11 09:31:21.5333333
AW00011708,United States,2026-04-11 09:31:21.5333333
AW00011709,Canada,2026-04-11 09:31:21.5333333
AW00011710,United States,2026-04-11 09:31:21.5333333
AW00011711,Canada,2026-04-11 09:31:21.5333333
AW00011712,Canada,2026-04-11 09:31:21.5333333
AW00011713,United States,2026-04-11 09:31:21.5333333
AW00011714,United States,2026-04-11 09:31:21.5333333
AW00011715,United States,2026-04-11 09:31:21.5333333
AW00011716,United States,2026-04-11 09:31:21.5333333
AW00011717,United States,2026-04-11 09:31:21.5333333
AW00011718,United States,2026-04-11 09:31:21.5333333
AW00011719,Canada,2026-04-11 09:31:21.5333333
AW00011720,United States,2026-04-11 09:31:21.5333333
AW00011721,United States,2026-04-11 09:31:21.5333333
AW00011722,United States,2026-04-11 09:31:21.5333333
AW00011723,Canada,2026-04-11 09:31:21.5333333
AW00011724,Canada,2026-04-11 09:31:21.5333333
AW00011725,United States,2026-04-11 09:31:21.5333333
AW00011726,United States,2026-04-11 09:31:21.5333333
AW00011727,United States,2026-04-11 09:31:21.5333333
AW00011728,United States,2026-04-11 09:31:21.5333333
AW00011729,United States,2026-04-11 09:31:21.5333333
AW00011730,United States,2026-04-11 09:31:21.5333333
AW00011731,United States,2026-04-11 09:31:21.5333333
AW00011732,United States,2026-04-11 09:31:21.5333333
AW00011733,United States,2026-04-11 09:31:21.5333333
AW00011734,United States,2026-04-11 09:31:21.5333333
AW00011735,United States,2026-04-11 09:31:21.5333333
AW00011736,United States,2026-04-11 09:31:21.5333333
AW00011737,United States,2026-04-11 09:31:21.5333333
AW00011738,Canada,2026-04-11 09:31:21.5333333
AW00011739,Canada,2026-04-11 09:31:21.5333333
AW00011740,Canada,2026-04-11 09:31:21.5333333
AW00011741,United States,2026-04-11 09:31:21.5333333
AW00011742,United States,2026-04-11 09:31:21.5333333
AW00011743,United States,2026-04-11 09:31:21.5333333
AW00011744,United States,2026-04-11 09:31:21.5333333
AW00011745,United States,2026-04-11 09:31:21.5333333
AW00011746,United States,2026-04-11 09:31:21.5333333
AW00011747,United States,2026-04-11 09:31:21.5333333
AW00011748,Canada,2026-04-11 09:31:21.5333333
AW00011749,Australia,2026-04-11 09:31:21.5333333
AW00011750,Australia,2026-04-11 09:31:21.5333333
AW00011751,Australia,2026-04-11 09:31:21.5333333
AW00011752,Australia,2026-04-11 09:31:21.5333333
AW00011753,Australia,2026-04-11 09:31:21.5333333
AW00011754,Australia,2026-04-11 09:31:21.5333333
AW00011755,Australia,2026-04-11 09:31:21.5333333
AW00011756,Australia,2026-04-11 09:31:21.5333333
AW00011757,Australia,2026-04-11 09:31:21.5333333
AW00011758,Australia,2026-04-11 09:31:21.5333333
AW00011759,Australia,2026-04-11 09:31:21.5333333
AW00011760,Australia,2026-04-11 09:31:21.5333333
AW00011761,Australia,2026-04-11 09:31:21.5333333
AW00011762,Australia,2026-04-11 09:31:21.5333333
AW00011763,Australia,2026-04-11 09:31:21.5333333
AW00011764,Australia,2026-04-11 09:31:21.5333333
AW00011765,Australia,2026-04-11 09:31:21.5333333
AW00011766,Australia,2026-04-11 09:31:21.5333333
AW00011767,Australia,2026-04-11 09:31:21.5333333
AW00011768,Australia,2026-04-11 09:31:21.5333333
AW00011769,Canada,2026-04-11 09:31:21.5333333
AW00011770,United States,2026-04-11 09:31:21.5333333
AW00011771,United States,2026-04-11 09:31:21.5333333
AW00011772,United States,2026-04-11 09:31:21.5333333
AW00011773,United States,2026-04-11 09:31:21.5333333
AW00011774,United States,2026-04-11 09:31:21.5333333
AW00011775,United States,2026-04-11 09:31:21.5333333
AW00011776,United States,2026-04-11 09:31:21.5333333
AW00011777,United States,2026-04-11 09:31:21.5333333
AW00011778,United States,2026-04-11 09:31:21.5333333
AW00011779,United States,2026-04-11 09:31:21.5333333
AW00011780,United States,2026-04-11 09:31:21.5333333
AW00011781,United States,2026-04-11 09:31:21.5333333
AW00011782,United States,2026-04-11 09:31:21.5333333
AW00011783,United States,2026-04-11 09:31:21.5333333
AW00011784,Canada,2026-04-11 09:31:21.5333333
AW00011785,United States,2026-04-11 09:31:21.5333333
AW00011786,United States,2026-04-11 09:31:21.5333333
AW00011787,United States,2026-04-11 09:31:21.5333333
AW00011788,United States,2026-04-11 09:31:21.5333333
AW00011789,United States,2026-04-11 09:31:21.5333333
AW00011790,United States,2026-04-11 09:31:21.5333333
AW00011791,United States,2026-04-11 09:31:21.5333333
AW00011792,United States,2026-04-11 09:31:21.5333333
AW00011793,United States,2026-04-11 09:31:21.5333333
AW00011794,United States,2026-04-11 09:31:21.5333333
AW00011795,United States,2026-04-11 09:31:21.5333333
AW00011796,United States,2026-04-11 09:31:21.5333333
AW00011797,United States,2026-04-11 09:31:21.5333333
AW00011798,United States,2026-04-11 09:31:21.5333333
AW00011799,United States,2026-04-11 09:31:21.5333333
AW00011800,United States,2026-04-11 09:31:21.5333333
AW00011801,United States,2026-04-11 09:31:21.5333333
AW00011802,Canada,2026-04-11 09:31:21.5333333
AW00011803,United States,2026-04-11 09:31:21.5333333
AW00011804,United States,2026-04-11 09:31:21.5333333
AW00011805,United States,2026-04-11 09:31:21.5333333
AW00011806,United States,2026-04-11 09:31:21.5333333
AW00011807,United States,2026-04-11 09:31:21.5333333
AW00011808,Canada,2026-04-11 09:31:21.5333333
AW00011809,United States,2026-04-11 09:31:21.5333333
AW00011810,United States,2026-04-11 09:31:21.5333333
AW00011811,United States,2026-04-11 09:31:21.5333333
AW00011812,United States,2026-04-11 09:31:21.5333333
AW00011813,United States,2026-04-11 09:31:21.5333333
AW00011814,United States,2026-04-11 09:31:21.5333333
AW00011815,United States,2026-04-11 09:31:21.5333333
AW00011816,United States,2026-04-11 09:31:21.5333333
AW00011817,United States,2026-04-11 09:31:21.5333333
AW00011818,United States,2026-04-11 09:31:21.5333333
AW00011819,United States,2026-04-11 09:31:21.5333333
AW00011820,Canada,2026-04-11 09:31:21.5333333
AW00011821,United States,2026-04-11 09:31:21.5333333
AW00011822,United States,2026-04-11 09:31:21.5333333
AW00011823,Canada,2026-04-11 09:31:21.5333333
AW00011824,Canada,2026-04-11 09:31:21.5333333
AW00011825,United States,2026-04-11 09:31:21.5333333
AW00011826,United States,2026-04-11 09:31:21.5333333
AW00011827,Canada,2026-04-11 09:31:21.5333333
AW00011828,United States,2026-04-11 09:31:21.5333333
AW00011829,United States,2026-04-11 09:31:21.5333333
AW00011830,United States,2026-04-11 09:31:21.5333333
AW00011831,United States,2026-04-11 09:31:21.5333333
AW00011832,United States,2026-04-11 09:31:21.5333333
AW00011833,Canada,2026-04-11 09:31:21.5333333
AW00011834,United States,2026-04-11 09:31:21.5333333
AW00011835,Canada,2026-04-11 09:31:21.5333333
AW00011836,United States,2026-04-11 09:31:21.5333333
AW00011837,United States,2026-04-11 09:31:21.5333333
AW00011838,United States,2026-04-11 09:31:21.5333333
AW00011839,United States,2026-04-11 09:31:21.5333333
AW00011840,United States,2026-04-11 09:31:21.5333333
AW00011841,Canada,2026-04-11 09:31:21.5333333
AW00011842,United States,2026-04-11 09:31:21.5333333
AW00011843,United States,2026-04-11 09:31:21.5333333
AW00011844,United States,2026-04-11 09:31:21.5333333
AW00011845,Canada,2026-04-11 09:31:21.5333333
AW00011846,United States,2026-04-11 09:31:21.5333333
AW00011847,United States,2026-04-11 09:31:21.5333333
AW00011848,United States,2026-04-11 09:31:21.5333333
AW00011849,United States,2026-04-11 09:31:21.5333333
AW00011850,United States,2026-04-11 09:31:21.5333333
AW00011851,United States,2026-04-11 09:31:21.5333333
AW00011852,United States,2026-04-11 09:31:21.5333333
AW00011853,United States,2026-04-11 09:31:21.5333333
AW00011854,United States,2026-04-11 09:31:21.5333333
AW00011855,United States,2026-04-11 09:31:21.5333333
AW00011856,United States,2026-04-11 09:31:21.5333333
AW00011857,United States,2026-04-11 09:31:21.5333333
AW00011858,United States,2026-04-11 09:31:21.5333333
AW00011859,United States,2026-04-11 09:31:21.5333333
AW00011860,United States,2026-04-11 09:31:21.5333333
AW00011861,Canada,2026-04-11 09:31:21.5333333
AW00011862,United States,2026-04-11 09:31:21.5333333
AW00011863,United States,2026-04-11 09:31:21.5333333
AW00011864,United States,2026-04-11 09:31:21.5333333
AW00011865,United States,2026-04-11 09:31:21.5333333
AW00011866,United States,2026-04-11 09:31:21.5333333
AW00011867,United States,2026-04-11 09:31:21.5333333
AW00011868,Canada,2026-04-11 09:31:21.5333333
AW00011869,Canada,2026-04-11 09:31:21.5333333
AW00011870,United States,2026-04-11 09:31:21.5333333
AW00011871,United States,2026-04-11 09:31:21.5333333
AW00011872,United States,2026-04-11 09:31:21.5333333
AW00011873,United States,2026-04-11 09:31:21.5333333
AW00011874,United States,2026-04-11 09:31:21.5333333
AW00011875,Canada,2026-04-11 09:31:21.5333333
AW00011876,United States,2026-04-11 09:31:21.5333333
AW00011877,United States,2026-04-11 09:31:21.5333333
AW00011878,United States,2026-04-11 09:31:21.5333333
AW00011879,United States,2026-04-11 09:31:21.5333333
AW00011880,United States,2026-04-11 09:31:21.5333333
AW00011881,United States,2026-04-11 09:31:21.5333333
AW00011882,United States,2026-04-11 09:31:21.5333333
AW00011883,United States,2026-04-11 09:31:21.5333333
AW00011884,United States,2026-04-11 09:31:21.5333333
AW00011885,United States,2026-04-11 09:31:21.5333333
AW00011886,United States,2026-04-11 09:31:21.5333333
AW00011887,United States,2026-04-11 09:31:21.5333333
AW00011888,Canada,2026-04-11 09:31:21.5333333
AW00011889,United States,2026-04-11 09:31:21.5333333
AW00011890,United States,2026-04-11 09:31:21.5333333
AW00011891,United States,2026-04-11 09:31:21.5333333
AW00011892,Australia,2026-04-11 09:31:21.5333333
AW00011893,Australia,2026-04-11 09:31:21.5333333
AW00011894,Australia,2026-04-11 09:31:21.5333333
AW00011895,Australia,2026-04-11 09:31:21.5333333
AW00011896,Australia,2026-04-11 09:31:21.5333333
AW00011897,Australia,2026-04-11 09:31:21.5333333
AW00011898,Australia,2026-04-11 09:31:21.5333333
AW00011899,Australia,2026-04-11 09:31:21.5333333
AW00011900,Australia,2026-04-11 09:31:21.5333333
AW00011901,Australia,2026-04-11 09:31:21.5333333
AW00011902,Australia,2026-04-11 09:31:21.5333333
AW00011903,Australia,2026-04-11 09:31:21.5333333
AW00011904,Australia,2026-04-11 09:31:21.5333333
AW00011905,Australia,2026-04-11 09:31:21.5333333
AW00011906,Australia,2026-04-11 09:31:21.5333333
AW00011907,Australia,2026-04-11 09:31:21.5333333
AW00011908,Australia,2026-04-11 09:31:21.5333333
AW00011909,Australia,2026-04-11 09:31:21.5333333
AW00011910,Australia,2026-04-11 09:31:21.5333333
AW00011911,Australia,2026-04-11 09:31:21.5333333
AW00011912,Australia,2026-04-11 09:31:21.5333333
AW00011913,Australia,2026-04-11 09:31:21.5333333
AW00011914,Australia,2026-04-11 09:31:21.5333333
AW00011915,Australia,2026-04-11 09:31:21.5333333
AW00011916,Australia,2026-04-11 09:31:21.5333333
AW00011917,Australia,2026-04-11 09:31:21.5333333
AW00011918,Australia,2026-04-11 09:31:21.5333333
AW00011919,Australia,2026-04-11 09:31:21.5333333
AW00011920,Australia,2026-04-11 09:31:21.5333333
AW00011921,Australia,2026-04-11 09:31:21.5333333
AW00011922,Canada,2026-04-11 09:31:21.5333333
AW00011923,United States,2026-04-11 09:31:21.5333333
AW00011924,United States,2026-04-11 09:31:21.5333333
AW00011925,United States,2026-04-11 09:31:21.5333333
AW00011926,United States,2026-04-11 09:31:21.5333333
AW00011927,United States,2026-04-11 09:31:21.5333333
AW00011928,United States,2026-04-11 09:31:21.5333333
AW00011929,Australia,2026-04-11 09:31:21.5333333
AW00011930,Australia,2026-04-11 09:31:21.5333333
AW00011931,United States,2026-04-11 09:31:21.5333333
AW00011932,United States,2026-04-11 09:31:21.5333333
AW00011933,United States,2026-04-11 09:31:21.5333333
AW00011934,United States,2026-04-11 09:31:21.5333333
AW00011935,United States,2026-04-11 09:31:21.5333333
AW00011936,United States,2026-04-11 09:31:21.5333333
AW00011937,United States,2026-04-11 09:31:21.5333333
AW00011938,United States,2026-04-11 09:31:21.5333333
AW00011939,United States,2026-04-11 09:31:21.5333333
AW00011940,United States,2026-04-11 09:31:21.5333333
AW00011941,United States,2026-04-11 09:31:21.5333333
AW00011942,Australia,2026-04-11 09:31:21.5333333
AW00011943,Australia,2026-04-11 09:31:21.5333333
AW00011944,Australia,2026-04-11 09:31:21.5333333
AW00011945,United States,2026-04-11 09:31:21.5333333
AW00011946,Australia,2026-04-11 09:31:21.5333333
AW00011947,Australia,2026-04-11 09:31:21.5333333
AW00011948,Australia,2026-04-11 09:31:21.5333333
AW00011949,United States,2026-04-11 09:31:21.5333333
AW00011950,United States,2026-04-11 09:31:21.5333333
AW00011951,Australia,2026-04-11 09:31:21.5333333
AW00011952,Australia,2026-04-11 09:31:21.5333333
AW00011953,United States,2026-04-11 09:31:21.5333333
AW00011954,United States,2026-04-11 09:31:21.5333333
AW00011955,United States,2026-04-11 09:31:21.5333333
AW00011956,United States,2026-04-11 09:31:21.5333333
AW00011957,United States,2026-04-11 09:31:21.5333333
AW00011958,United States,2026-04-11 09:31:21.5333333
AW00011959,United States,2026-04-11 09:31:21.5333333
AW00011960,United States,2026-04-11 09:31:21.5333333
AW00011961,United States,2026-04-11 09:31:21.5333333
AW00011962,United States,2026-04-11 09:31:21.5333333
AW00011963,Australia,2026-04-11 09:31:21.5333333
AW00011964,Australia,2026-04-11 09:31:21.5333333
AW00011965,Australia,2026-04-11 09:31:21.5333333
AW00011966,Australia,2026-04-11 09:31:21.5333333
AW00011967,Australia,2026-04-11 09:31:21.5333333
AW00011968,Australia,2026-04-11 09:31:21.5333333
AW00011969,Australia,2026-04-11 09:31:21.5333333
AW00011970,United States,2026-04-11 09:31:21.5333333
AW00011971,United States,2026-04-11 09:31:21.5333333
AW00011972,United States,2026-04-11 09:31:21.5333333
AW00011973,United States,2026-04-11 09:31:21.5333333
AW00011974,United States,2026-04-11 09:31:21.5333333
AW00011975,United States,2026-04-11 09:31:21.5333333
AW00011976,Australia,2026-04-11 09:31:21.5333333
AW00011977,Australia,2026-04-11 09:31:21.5333333
AW00011978,United States,2026-04-11 09:31:21.5333333
AW00011979,Canada,2026-04-11 09:31:21.5333333
AW00011980,United States,2026-04-11 09:31:21.5333333
AW00011981,United States,2026-04-11 09:31:21.5333333
AW00011982,United States,2026-04-11 09:31:21.5333333
AW00011983,United States,2026-04-11 09:31:21.5333333
AW00011984,Canada,2026-04-11 09:31:21.5333333
AW00011985,United States,2026-04-11 09:31:21.5333333
AW00011986,Australia,2026-04-11 09:31:21.5333333
AW00011987,Australia,2026-04-11 09:31:21.5333333
AW00011988,Australia,2026-04-11 09:31:21.5333333
AW00011989,Australia,2026-04-11 09:31:21.5333333
AW00011990,Australia,2026-04-11 09:31:21.5333333
AW00011991,Australia,2026-04-11 09:31:21.5333333
AW00011992,Australia,2026-04-11 09:31:21.5333333
AW00011993,Australia,2026-04-11 09:31:21.5333333
AW00011994,Australia,2026-04-11 09:31:21.5333333
AW00011995,Australia,2026-04-11 09:31:21.5333333
AW00011996,Australia,2026-04-11 09:31:21.5333333
AW00011997,Australia,2026-04-11 09:31:21.5333333
AW00011998,Australia,2026-04-11 09:31:21.5333333
AW00011999,Australia,2026-04-11 09:31:21.5333333
