sls_ord_num,sls_prd_key,sls_cust_id,sls_order_dt,sls_ship_dt,sls_due_dt,sls_sales,sls_quantity,sls_price,dwh_create_date
SO43697,BK-R93R-62,21768,2010-12-29,2011-01-05,2011-01-10,3578,1,3578,2026-04-11 09:31:21.3300000
SO43698,BK-M82S-44,28389,2010-12-29,2011-01-05,2011-01-10,3400,1,3400,2026-04-11 09:31:21.3300000
SO43699,BK-M82S-44,25863,2010-12-29,2011-01-05,2011-01-10,3400,1,3400,2026-04-11 09:31:21.3300000
SO43700,BK-R50B-62,14501,2010-12-29,2011-01-05,2011-01-10,699,1,699,2026-04-11 09:31:21.3300000
SO43701,BK-M82S-44,11003,2010-12-29,2011-01-05,2011-01-10,3400,1,3400,2026-04-11 09:31:21.3300000
SO43702,BK-R93R-44,27645,2010-12-30,2011-01-06,2011-01-11,3578,1,3578,2026-04-11 09:31:21.3300000
SO43703,BK-R93R-62,16624,2010-12-30,2011-01-06,2011-01-11,3578,1,3578,2026-04-11 09:31:21.3300000
SO43704,BK-M82B-48,11005,2010-12-30,2011-01-06,2011-01-11,3375,1,3375,2026-04-11 09:31:21.3300000
SO43705,BK-M82S-38,11011,2010-12-30,2011-01-06,2011-01-11,3400,1,3400,2026-04-11 09:31:21.3300000
SO43706,BK-R93R-48,27621,2010-12-31,2011-01-07,2011-01-12,3578,1,3578,2026-04-11 09:31:21.3300000
SO43707,BK-R93R-48,27616,2010-12-31,2011-01-07,2011-01-12,3578,1,3578,2026-04-11 09:31:21.3300000
SO43708,BK-R50R-52,20042,2010-12-31,2011-01-07,2011-01-12,699,1,699,2026-04-11 09:31:21.3300000
SO43709,BK-R93R-52,16351,2010-12-31,2011-01-07,2011-01-12,3578,1,3578,2026-04-11 09:31:21.3300000
SO43710,BK-R93R-56,16517,2010-12-31,2011-01-07,2011-01-12,3578,1,3578,2026-04-11 09:31:21.3300000
SO43711,BK-R93R-56,27606,2011-01-01,2011-01-08,2011-01-13,3578,1,3578,2026-04-11 09:31:21.3300000
SO43712,BK-R93R-44,13513,2011-01-01,2011-01-08,2011-01-13,3578,1,3578,2026-04-11 09:31:21.3300000
SO43713,BK-R93R-62,27601,2011-01-02,2011-01-09,2011-01-14,3578,1,3578,2026-04-11 09:31:21.3300000
SO43714,BK-R93R-44,13591,2011-01-02,2011-01-09,2011-01-14,3578,1,3578,2026-04-11 09:31:21.3300000
SO43715,BK-R93R-56,16483,2011-01-02,2011-01-09,2011-01-14,3578,1,3578,2026-04-11 09:31:21.3300000
SO43716,BK-R93R-44,16529,2011-01-02,2011-01-09,2011-01-14,3578,1,3578,2026-04-11 09:31:21.3300000
SO43717,BK-R50B-62,25249,2011-01-02,2011-01-09,2011-01-14,699,1,699,2026-04-11 09:31:21.3300000
SO43718,BK-R93R-44,27668,2011-01-03,2011-01-10,2011-01-15,3578,1,3578,2026-04-11 09:31:21.3300000
SO43719,BK-R93R-48,27612,2011-01-03,2011-01-10,2011-01-15,3578,1,3578,2026-04-11 09:31:21.3300000
SO43720,BK-R93R-44,13264,2011-01-03,2011-01-10,2011-01-15,3578,1,3578,2026-04-11 09:31:21.3300000
SO43721,BK-R93R-62,13590,2011-01-03,2011-01-10,2011-01-15,3578,1,3578,2026-04-11 09:31:21.3300000
SO43722,BK-R93R-48,13581,2011-01-04,2011-01-11,2011-01-16,3578,1,3578,2026-04-11 09:31:21.3300000
SO43723,BK-R50B-58,14520,2011-01-04,2011-01-11,2011-01-16,699,1,699,2026-04-11 09:31:21.3300000
SO43724,BK-R93R-44,16520,2011-01-04,2011-01-11,2011-01-16,3578,1,3578,2026-04-11 09:31:21.3300000
SO43725,BK-R93R-44,13258,2011-01-05,2011-01-12,2011-01-17,3578,1,3578,2026-04-11 09:31:21.3300000
SO43726,BK-R50B-58,14560,2011-01-05,2011-01-12,2011-01-17,699,1,699,2026-04-11 09:31:21.3300000
SO43727,BK-R93R-44,16607,2011-01-05,2011-01-12,2011-01-17,3578,1,3578,2026-04-11 09:31:21.3300000
SO43728,BK-R93R-52,27666,2011-01-06,2011-01-13,2011-01-18,3578,1,3578,2026-04-11 09:31:21.3300000
SO43729,BK-M82S-44,11238,2011-01-06,2011-01-13,2011-01-18,3400,1,3400,2026-04-11 09:31:21.3300000
SO43730,BK-M82S-44,25861,2011-01-06,2011-01-13,2011-01-18,3400,1,3400,2026-04-11 09:31:21.3300000
SO43731,BK-R93R-56,16629,2011-01-06,2011-01-13,2011-01-18,3578,1,3578,2026-04-11 09:31:21.3300000
SO43732,BK-M82B-44,11025,2011-01-06,2011-01-13,2011-01-18,3375,1,3375,2026-04-11 09:31:21.3300000
SO43733,BK-R93R-48,27577,2011-01-06,2011-01-13,2011-01-18,3578,1,3578,2026-04-11 09:31:21.3300000
SO43734,BK-R93R-48,27604,2011-01-07,2011-01-14,2011-01-19,3578,1,3578,2026-04-11 09:31:21.3300000
SO43735,BK-R93R-62,16522,2011-01-07,2011-01-14,2011-01-19,3578,1,3578,2026-04-11 09:31:21.3300000
SO43736,BK-M82S-44,11002,2011-01-07,2011-01-14,2011-01-19,3400,1,3400,2026-04-11 09:31:21.3300000
SO43737,BK-R93R-44,13261,2011-01-08,2011-01-15,2011-01-20,3578,1,3578,2026-04-11 09:31:21.3300000
SO43738,BK-R93R-48,11606,2011-01-08,2011-01-15,2011-01-20,3578,1,3578,2026-04-11 09:31:21.3300000
SO43739,BK-R93R-62,13563,2011-01-08,2011-01-15,2011-01-20,3578,1,3578,2026-04-11 09:31:21.3300000
SO43740,BK-R93R-48,16527,2011-01-08,2011-01-15,2011-01-20,3578,1,3578,2026-04-11 09:31:21.3300000
SO43741,BK-R93R-62,27671,2011-01-09,2011-01-16,2011-01-21,3578,1,3578,2026-04-11 09:31:21.3300000
SO43742,BK-R93R-56,13576,2011-01-09,2011-01-16,2011-01-21,3578,1,3578,2026-04-11 09:31:21.3300000
SO43743,BK-M82S-48,11007,2011-01-09,2011-01-16,2011-01-21,3400,1,3400,2026-04-11 09:31:21.3300000
SO43744,BK-R93R-52,16631,2011-01-09,2011-01-16,2011-01-21,3578,1,3578,2026-04-11 09:31:21.3300000
SO43745,BK-R93R-44,16514,2011-01-10,2011-01-17,2011-01-22,3578,1,3578,2026-04-11 09:31:21.3300000
SO43746,BK-R93R-48,16616,2011-01-10,2011-01-17,2011-01-22,3578,1,3578,2026-04-11 09:31:21.3300000
SO43747,BK-R93R-56,27623,2011-01-11,2011-01-18,2011-01-23,3578,1,3578,2026-04-11 09:31:21.3300000
SO43748,BK-R93R-52,27625,2011-01-11,2011-01-18,2011-01-23,3578,1,3578,2026-04-11 09:31:21.3300000
SO43749,BK-R93R-56,27636,2011-01-11,2011-01-18,2011-01-23,3578,1,3578,2026-04-11 09:31:21.3300000
SO43750,BK-R93R-44,11591,2011-01-11,2011-01-18,2011-01-23,3578,1,3578,2026-04-11 09:31:21.3300000
SO43751,BK-R93R-52,11592,2011-01-11,2011-01-18,2011-01-23,3578,1,3578,2026-04-11 09:31:21.3300000
SO43752,BK-R93R-44,13265,2011-01-11,2011-01-18,2011-01-23,3578,1,3578,2026-04-11 09:31:21.3300000
SO43753,BK-R93R-62,16482,2011-01-11,2011-01-18,2011-01-23,3578,1,3578,2026-04-11 09:31:21.3300000
SO43754,BK-R93R-48,27617,2011-01-12,2011-01-19,2011-01-24,3578,1,3578,2026-04-11 09:31:21.3300000
SO43755,BK-R93R-44,27670,2011-01-12,2011-01-19,2011-01-24,3578,1,3578,2026-04-11 09:31:21.3300000
SO43756,BK-R50B-58,19941,2011-01-12,2011-01-19,2011-01-24,699,1,699,2026-04-11 09:31:21.3300000
SO43757,BK-M82B-44,11017,2011-01-12,2011-01-19,2011-01-24,3375,1,3375,2026-04-11 09:31:21.3300000
SO43758,BK-R93R-62,27646,2011-01-13,2011-01-20,2011-01-25,3578,1,3578,2026-04-11 09:31:21.3300000
SO43759,BK-R93R-62,13257,2011-01-13,2011-01-20,2011-01-25,3578,1,3578,2026-04-11 09:31:21.3300000
SO43760,BK-R93R-56,16352,2011-01-13,2011-01-20,2011-01-25,3578,1,3578,2026-04-11 09:31:21.3300000
SO43761,BK-R93R-62,16493,2011-01-13,2011-01-20,2011-01-25,3578,1,3578,2026-04-11 09:31:21.3300000
SO43762,BK-R93R-56,27578,2011-01-14,2011-01-21,2011-01-26,3578,1,3578,2026-04-11 09:31:21.3300000
SO43763,BK-R93R-52,16525,2011-01-14,2011-01-21,2011-01-26,3578,1,3578,2026-04-11 09:31:21.3300000
SO43764,BK-R93R-62,16612,2011-01-14,2011-01-21,2011-01-26,3578,1,3578,2026-04-11 09:31:21.3300000
SO43765,BK-M82S-44,11010,2011-01-14,2011-01-21,2011-01-26,3400,1,3400,2026-04-11 09:31:21.3300000
SO43766,BK-R93R-52,16518,2011-01-15,2011-01-22,2011-01-27,3578,1,3578,2026-04-11 09:31:21.3300000
SO43767,BK-M82B-44,11001,2011-01-15,2011-01-22,2011-01-27,3375,1,3375,2026-04-11 09:31:21.3300000
SO43768,BK-R93R-48,27649,2011-01-16,2011-01-23,2011-01-28,3578,1,3578,2026-04-11 09:31:21.3300000
SO43769,BK-R93R-48,21659,2011-01-16,2011-01-23,2011-01-28,3578,1,3578,2026-04-11 09:31:21.3300000
SO43770,BK-R93R-48,27614,2011-01-16,2011-01-23,2011-01-28,3578,1,3578,2026-04-11 09:31:21.3300000
SO43771,BK-R50R-52,14559,2011-01-16,2011-01-23,2011-01-28,699,1,699,2026-04-11 09:31:21.3300000
SO43772,BK-R93R-48,16524,2011-01-16,2011-01-23,2011-01-28,3578,1,3578,2026-04-11 09:31:21.3300000
SO43773,BK-R93R-56,16526,2011-01-16,2011-01-23,2011-01-28,3578,1,3578,2026-04-11 09:31:21.3300000
SO43774,BK-R93R-52,16348,2011-01-16,2011-01-23,2011-01-28,3578,1,3578,2026-04-11 09:31:21.3300000
SO43775,BK-M82S-48,11027,2011-01-16,2011-01-23,2011-01-28,3400,1,3400,2026-04-11 09:31:21.3300000
SO43776,BK-R93R-56,13260,2011-01-17,2011-01-24,2011-01-29,3578,1,3578,2026-04-11 09:31:21.3300000
SO43777,BK-R93R-44,16515,2011-01-17,2011-01-24,2011-01-29,3578,1,3578,2026-04-11 09:31:21.3300000
SO43778,BK-M82S-42,11018,2011-01-17,2011-01-24,2011-01-29,3400,1,3400,2026-04-11 09:31:21.3300000
SO43779,BK-R50R-44,25252,2011-01-17,2011-01-24,2011-01-29,699,1,699,2026-04-11 09:31:21.3300000
SO43780,BK-R93R-44,11599,2011-01-18,2011-01-25,2011-01-30,3578,1,3578,2026-04-11 09:31:21.3300000
SO43781,BK-R93R-48,16495,2011-01-18,2011-01-25,2011-01-30,3578,1,3578,2026-04-11 09:31:21.3300000
SO43782,BK-R93R-48,16516,2011-01-18,2011-01-25,2011-01-30,3578,1,3578,2026-04-11 09:31:21.3300000
SO43783,BK-R93R-48,16620,2011-01-18,2011-01-25,2011-01-30,3578,1,3578,2026-04-11 09:31:21.3300000
SO43784,BK-R93R-62,27667,2011-01-19,2011-01-26,2011-01-31,3578,1,3578,2026-04-11 09:31:21.3300000
SO43785,BK-R93R-44,11601,2011-01-19,2011-01-26,2011-01-31,3578,1,3578,2026-04-11 09:31:21.3300000
SO43786,BK-R93R-44,11607,2011-01-19,2011-01-26,2011-01-31,3578,1,3578,2026-04-11 09:31:21.3300000
SO43787,BK-M82S-38,29385,2011-01-19,2011-01-26,2011-01-31,3400,1,3400,2026-04-11 09:31:21.3300000
SO43788,BK-M82B-48,11239,2011-01-19,2011-01-26,2011-01-31,3375,1,3375,2026-04-11 09:31:21.3300000
SO43789,BK-M82B-48,25865,2011-01-19,2011-01-26,2011-01-31,3375,1,3375,2026-04-11 09:31:21.3300000
SO43790,BK-M82S-38,25857,2011-01-19,2011-01-26,2011-01-31,3400,1,3400,2026-04-11 09:31:21.3300000
SO43791,BK-R93R-56,16484,2011-01-19,2011-01-26,2011-01-31,3578,1,3578,2026-04-11 09:31:21.3300000
SO43792,BK-R93R-48,16623,2011-01-19,2011-01-26,2011-01-31,3578,1,3578,2026-04-11 09:31:21.3300000
SO43793,BK-M82S-38,11000,2011-01-19,2011-01-26,2011-01-31,3400,1,3400,2026-04-11 09:31:21.3300000
SO43794,BK-M82S-48,11029,2011-01-19,2011-01-26,2011-01-31,3400,1,3400,2026-04-11 09:31:21.3300000
SO43795,BK-R93R-48,27615,2011-01-20,2011-01-27,2011-02-01,3578,1,3578,2026-04-11 09:31:21.3300000
SO43796,BK-R50B-52,17956,2011-01-20,2011-01-27,2011-02-01,699,1,699,2026-04-11 09:31:21.3300000
SO43797,BK-R93R-48,16345,2011-01-20,2011-01-27,2011-02-01,3578,1,3578,2026-04-11 09:31:21.3300000
SO43798,BK-R93R-62,16521,2011-01-20,2011-01-27,2011-02-01,3578,1,3578,2026-04-11 09:31:21.3300000
SO43799,BK-R93R-48,16636,2011-01-20,2011-01-27,2011-02-01,3578,1,3578,2026-04-11 09:31:21.3300000
SO43800,BK-R93R-44,21710,2011-01-21,2011-01-28,2011-02-02,3578,1,3578,2026-04-11 09:31:21.3300000
SO43801,BK-R93R-44,13583,2011-01-21,2011-01-28,2011-02-02,3578,1,3578,2026-04-11 09:31:21.3300000
SO43802,BK-R93R-48,11593,2011-01-21,2011-01-28,2011-02-02,3578,1,3578,2026-04-11 09:31:21.3300000
SO43803,BK-R93R-56,21741,2011-01-22,2011-01-29,2011-02-03,3578,1,3578,2026-04-11 09:31:21.3300000
SO43804,BK-R93R-62,13585,2011-01-22,2011-01-29,2011-02-03,3578,1,3578,2026-04-11 09:31:21.3300000
SO43805,BK-R50R-48,14510,2011-01-22,2011-01-29,2011-02-03,699,1,699,2026-04-11 09:31:21.3300000
SO43806,BK-R93R-48,16523,2011-01-22,2011-01-29,2011-02-03,3578,1,3578,2026-04-11 09:31:21.3300000
SO43807,BK-R93R-48,11611,2011-01-23,2011-01-30,2011-02-04,3578,1,3578,2026-04-11 09:31:21.3300000
SO43808,BK-R93R-52,13259,2011-01-23,2011-01-30,2011-02-04,3578,1,3578,2026-04-11 09:31:21.3300000
SO43809,BK-R93R-62,16350,2011-01-23,2011-01-30,2011-02-04,3578,1,3578,2026-04-11 09:31:21.3300000
SO43810,BK-M82S-42,11004,2011-01-23,2011-01-30,2011-02-04,3400,1,3400,2026-04-11 09:31:21.3300000
SO43811,BK-M82S-44,11026,2011-01-23,2011-01-30,2011-02-04,3400,1,3400,2026-04-11 09:31:21.3300000
SO43812,BK-R93R-48,27662,2011-01-24,2011-01-31,2011-02-05,3578,1,3578,2026-04-11 09:31:21.3300000
SO43813,BK-M82B-44,28390,2011-01-24,2011-01-31,2011-02-05,3375,1,3375,2026-04-11 09:31:21.3300000
SO43814,BK-M82B-44,25866,2011-01-24,2011-01-31,2011-02-05,3375,1,3375,2026-04-11 09:31:21.3300000
SO43815,BK-R93R-44,16494,2011-01-24,2011-01-31,2011-02-05,3578,1,3578,2026-04-11 09:31:21.3300000
SO43816,BK-R93R-56,16496,2011-01-24,2011-01-31,2011-02-05,3578,1,3578,2026-04-11 09:31:21.3300000
SO43817,BK-R93R-62,16519,2011-01-24,2011-01-31,2011-02-05,3578,1,3578,2026-04-11 09:31:21.3300000
SO43818,BK-R93R-48,16528,2011-01-24,2011-01-31,2011-02-05,3578,1,3578,2026-04-11 09:31:21.3300000
SO43819,BK-M82S-44,11006,2011-01-24,2011-01-31,2011-02-05,3400,1,3400,2026-04-11 09:31:21.3300000
SO43820,BK-R93R-48,27651,2011-01-25,2011-02-01,2011-02-06,3578,1,3578,2026-04-11 09:31:21.3300000
SO43821,BK-R93R-62,27663,2011-01-25,2011-02-01,2011-02-06,3578,1,3578,2026-04-11 09:31:21.3300000
SO43822,BK-R93R-52,27669,2011-01-25,2011-02-01,2011-02-06,3578,1,3578,2026-04-11 09:31:21.3300000
SO43823,BK-R50B-52,19942,2011-01-25,2011-02-01,2011-02-06,699,1,699,2026-04-11 09:31:21.3300000
SO43824,BK-R50B-44,14558,2011-01-25,2011-02-01,2011-02-06,699,1,699,2026-04-11 09:31:21.3300000
SO43825,BK-R93R-52,16349,2011-01-25,2011-02-01,2011-02-06,3578,1,3578,2026-04-11 09:31:21.3300000
SO43826,BK-M82B-38,11008,2011-01-25,2011-02-01,2011-02-06,3375,1,3375,2026-04-11 09:31:21.3300000
SO43827,BK-R50B-44,25250,2011-01-25,2011-02-01,2011-02-06,699,1,699,2026-04-11 09:31:21.3300000
SO43828,BK-R93R-62,27605,2011-01-26,2011-02-02,2011-02-07,3578,1,3578,2026-04-11 09:31:21.3300000
SO43829,BK-R93R-62,27611,2011-01-26,2011-02-02,2011-02-07,3578,1,3578,2026-04-11 09:31:21.3300000
SO43830,BK-R93R-44,16347,2011-01-26,2011-02-02,2011-02-07,3578,1,3578,2026-04-11 09:31:21.3300000
SO43831,BK-M82B-42,11028,2011-01-26,2011-02-02,2011-02-07,3375,1,3375,2026-04-11 09:31:21.3300000
SO43832,BK-R93R-62,13584,2011-01-26,2011-02-02,2011-02-07,3578,1,3578,2026-04-11 09:31:21.3300000
SO43833,BK-R93R-62,21727,2011-01-27,2011-02-03,2011-02-08,3578,1,3578,2026-04-11 09:31:21.3300000
SO43834,BK-M82B-38,28393,2011-01-27,2011-02-03,2011-02-08,3375,1,3375,2026-04-11 09:31:21.3300000
SO43835,BK-M82B-38,19802,2011-01-27,2011-02-03,2011-02-08,3375,1,3375,2026-04-11 09:31:21.3300000
SO43836,BK-R50R-62,26620,2011-01-27,2011-02-03,2011-02-08,699,1,699,2026-04-11 09:31:21.3300000
SO43837,BK-M82B-44,11009,2011-01-27,2011-02-03,2011-02-08,3375,1,3375,2026-04-11 09:31:21.3300000
SO43838,BK-R93R-52,27641,2011-01-28,2011-02-04,2011-02-09,3578,1,3578,2026-04-11 09:31:21.3300000
SO43839,BK-R93R-44,27673,2011-01-28,2011-02-04,2011-02-09,3578,1,3578,2026-04-11 09:31:21.3300000
SO43840,BK-R50R-44,17957,2011-01-28,2011-02-04,2011-02-09,699,1,699,2026-04-11 09:31:21.3300000
SO43841,BK-R93R-56,13406,2011-01-28,2011-02-04,2011-02-09,3578,1,3578,2026-04-11 09:31:21.3300000
SO43842,BK-R93R-48,16630,2011-01-28,2011-02-04,2011-02-09,3578,1,3578,2026-04-11 09:31:21.3300000
SO43918,BK-R93R-52,22041,2011-01-29,2011-02-05,2011-02-10,3578,1,3578,2026-04-11 09:31:21.3300000
SO43919,BK-R93R-56,12124,2011-01-29,2011-02-05,2011-02-10,3578,1,3578,2026-04-11 09:31:21.3300000
SO43920,BK-R93R-52,28066,2011-01-29,2011-02-05,2011-02-10,3578,1,3578,2026-04-11 09:31:21.3300000
SO43921,BK-R93R-52,16743,2011-01-29,2011-02-05,2011-02-10,3578,1,3578,2026-04-11 09:31:21.3300000
SO43922,BK-R93R-62,13546,2011-01-29,2011-02-05,2011-02-10,3578,1,3578,2026-04-11 09:31:21.3300000
SO43923,BK-R93R-48,28018,2011-01-30,2011-02-06,2011-02-11,3578,1,3578,2026-04-11 09:31:21.3300000
SO43924,BK-R93R-62,12132,2011-01-30,2011-02-06,2011-02-11,3578,1,3578,2026-04-11 09:31:21.3300000
SO43925,BK-R93R-56,16661,2011-01-30,2011-02-06,2011-02-11,3578,1,3578,2026-04-11 09:31:21.3300000
SO43926,BK-M82B-48,11055,2011-01-31,2011-02-07,2011-02-12,3375,1,3375,2026-04-11 09:31:21.3300000
SO43927,BK-R93R-56,16662,2011-01-31,2011-02-07,2011-02-12,3578,1,3578,2026-04-11 09:31:21.3300000
SO43928,BK-R93R-52,16740,2011-01-31,2011-02-07,2011-02-12,3578,1,3578,2026-04-11 09:31:21.3300000
SO43929,BK-R50R-60,25270,2011-01-31,2011-02-07,2011-02-12,699,1,699,2026-04-11 09:31:21.3300000
SO43930,BK-R93R-48,28038,2011-02-01,2011-02-08,2011-02-13,3578,1,3578,2026-04-11 09:31:21.3300000
SO43931,BK-R93R-52,13548,2011-02-01,2011-02-08,2011-02-13,3578,1,3578,2026-04-11 09:31:21.3300000
SO43932,BK-R93R-56,16741,2011-02-01,2011-02-08,2011-02-13,3578,1,3578,2026-04-11 09:31:21.3300000
SO43933,BK-M82S-48,11031,2011-02-01,2011-02-08,2011-02-13,3400,1,3400,2026-04-11 09:31:21.3300000
SO43934,BK-M82S-44,11034,2011-02-01,2011-02-08,2011-02-13,3400,1,3400,2026-04-11 09:31:21.3300000
SO43935,BK-R50B-60,20048,2011-02-02,2011-02-09,2011-02-14,699,1,699,2026-04-11 09:31:21.3300000
SO43936,BK-R93R-44,28065,2011-02-02,2011-02-09,2011-02-14,3578,1,3578,2026-04-11 09:31:21.3300000
SO43937,BK-R93R-48,17047,2011-02-02,2011-02-09,2011-02-14,3578,1,3578,2026-04-11 09:31:21.3300000
SO43938,BK-R93R-62,16686,2011-02-02,2011-02-09,2011-02-14,3578,1,3578,2026-04-11 09:31:21.3300000
SO43939,BK-R93R-48,16659,2011-02-02,2011-02-09,2011-02-14,3578,1,3578,2026-04-11 09:31:21.3300000
SO43940,BK-R50B-62,25294,2011-02-02,2011-02-09,2011-02-14,699,1,699,2026-04-11 09:31:21.3300000
SO43941,BK-R93R-56,13600,2011-02-03,2011-02-10,2011-02-15,3578,1,3578,2026-04-11 09:31:21.3300000
SO43942,BK-R93R-62,17051,2011-02-03,2011-02-10,2011-02-15,3578,1,3578,2026-04-11 09:31:21.3300000
SO43943,BK-R50B-44,14565,2011-02-03,2011-02-10,2011-02-15,699,1,699,2026-04-11 09:31:21.3300000
SO43944,BK-M82S-38,11054,2011-02-03,2011-02-10,2011-02-15,3400,1,3400,2026-04-11 09:31:21.3300000
SO43945,BK-R93R-62,16675,2011-02-03,2011-02-10,2011-02-15,3578,1,3578,2026-04-11 09:31:21.3300000
SO43946,BK-R93R-52,16687,2011-02-03,2011-02-10,2011-02-15,3578,1,3578,2026-04-11 09:31:21.3300000
SO43947,BK-R93R-62,16712,2011-02-03,2011-02-10,2011-02-15,3578,1,3578,2026-04-11 09:31:21.3300000
SO43948,BK-M82S-42,11047,2011-02-03,2011-02-10,2011-02-15,3400,1,3400,2026-04-11 09:31:21.3300000
SO43949,BK-R93R-62,27726,2011-02-04,2011-02-11,2011-02-16,3578,1,3578,2026-04-11 09:31:21.3300000
SO43950,BK-R93R-44,28014,2011-02-04,2011-02-11,2011-02-16,3578,1,3578,2026-04-11 09:31:21.3300000
SO43951,BK-R93R-44,16696,2011-02-04,2011-02-11,2011-02-16,3578,1,3578,2026-04-11 09:31:21.3300000
SO43952,BK-R93R-48,16639,2011-02-04,2011-02-11,2011-02-16,3578,1,3578,2026-04-11 09:31:21.3300000
SO43953,BK-R50B-52,20049,2011-02-05,2011-02-12,2011-02-17,699,1,699,2026-04-11 09:31:21.3300000
SO43954,BK-R93R-44,13602,2011-02-05,2011-02-12,2011-02-17,3578,1,3578,2026-04-11 09:31:21.3300000
SO43955,BK-R93R-56,13661,2011-02-05,2011-02-12,2011-02-17,3578,1,3578,2026-04-11 09:31:21.3300000
SO43956,BK-M82S-38,11030,2011-02-05,2011-02-12,2011-02-17,3400,1,3400,2026-04-11 09:31:21.3300000
SO43957,BK-R93R-52,28068,2011-02-06,2011-02-13,2011-02-18,3578,1,3578,2026-04-11 09:31:21.3300000
SO43958,BK-R93R-48,16658,2011-02-06,2011-02-13,2011-02-18,3578,1,3578,2026-04-11 09:31:21.3300000
SO43959,BK-M82B-38,11035,2011-02-06,2011-02-13,2011-02-18,3375,1,3375,2026-04-11 09:31:21.3300000
SO43960,BK-M82B-42,11046,2011-02-06,2011-02-13,2011-02-18,3375,1,3375,2026-04-11 09:31:21.3300000
SO43961,BK-R93R-44,28031,2011-02-07,2011-02-14,2011-02-19,3578,1,3578,2026-04-11 09:31:21.3300000
SO43962,BK-R93R-48,28076,2011-02-07,2011-02-14,2011-02-19,3578,1,3578,2026-04-11 09:31:21.3300000
SO43963,BK-R93R-56,16685,2011-02-07,2011-02-14,2011-02-19,3578,1,3578,2026-04-11 09:31:21.3300000
SO43964,BK-R93R-48,16745,2011-02-07,2011-02-14,2011-02-19,3578,1,3578,2026-04-11 09:31:21.3300000
SO43965,BK-M82B-48,11038,2011-02-07,2011-02-14,2011-02-19,3375,1,3375,2026-04-11 09:31:21.3300000
SO43966,BK-M82S-48,11039,2011-02-07,2011-02-14,2011-02-19,3400,1,3400,2026-04-11 09:31:21.3300000
SO43967,BK-R93R-52,28040,2011-02-08,2011-02-15,2011-02-20,3578,1,3578,2026-04-11 09:31:21.3300000
SO43968,BK-R93R-52,28067,2011-02-08,2011-02-15,2011-02-20,3578,1,3578,2026-04-11 09:31:21.3300000
SO43969,BK-R93R-62,28071,2011-02-08,2011-02-15,2011-02-20,3578,1,3578,2026-04-11 09:31:21.3300000
SO43970,BK-R93R-44,16684,2011-02-08,2011-02-15,2011-02-20,3578,1,3578,2026-04-11 09:31:21.3300000
SO43971,BK-R93R-56,16657,2011-02-08,2011-02-15,2011-02-20,3578,1,3578,2026-04-11 09:31:21.3300000
SO43972,BK-R93R-56,21939,2011-02-09,2011-02-16,2011-02-21,3578,1,3578,2026-04-11 09:31:21.3300000
SO43973,BK-R93R-48,28039,2011-02-09,2011-02-16,2011-02-21,3578,1,3578,2026-04-11 09:31:21.3300000
SO43974,BK-R93R-48,13687,2011-02-09,2011-02-16,2011-02-21,3578,1,3578,2026-04-11 09:31:21.3300000
SO43975,BK-R93R-48,13540,2011-02-09,2011-02-16,2011-02-21,3578,1,3578,2026-04-11 09:31:21.3300000
SO43976,BK-R93R-62,28063,2011-02-09,2011-02-16,2011-02-21,3578,1,3578,2026-04-11 09:31:21.3300000
SO43977,BK-R93R-48,16703,2011-02-09,2011-02-16,2011-02-21,3578,1,3578,2026-04-11 09:31:21.3300000
SO43978,BK-R93R-62,28030,2011-02-10,2011-02-17,2011-02-22,3578,1,3578,2026-04-11 09:31:21.3300000
SO43979,BK-R50R-60,14576,2011-02-10,2011-02-17,2011-02-22,699,1,699,2026-04-11 09:31:21.3300000
SO43980,BK-M82B-48,11048,2011-02-10,2011-02-17,2011-02-22,3375,1,3375,2026-04-11 09:31:21.3300000
SO43981,BK-R93R-56,16664,2011-02-10,2011-02-17,2011-02-22,3578,1,3578,2026-04-11 09:31:21.3300000
SO43982,BK-R50B-52,25271,2011-02-10,2011-02-17,2011-02-22,699,1,699,2026-04-11 09:31:21.3300000
SO43983,BK-R93R-56,28017,2011-02-11,2011-02-18,2011-02-23,3578,1,3578,2026-04-11 09:31:21.3300000
SO43984,BK-R93R-44,13545,2011-02-11,2011-02-18,2011-02-23,3578,1,3578,2026-04-11 09:31:21.3300000
SO43985,BK-R93R-52,13515,2011-02-11,2011-02-18,2011-02-23,3578,1,3578,2026-04-11 09:31:21.3300000
SO43986,BK-R93R-62,28070,2011-02-11,2011-02-18,2011-02-23,3578,1,3578,2026-04-11 09:31:21.3300000
SO43987,BK-R93R-62,28042,2011-02-12,2011-02-19,2011-02-24,3578,1,3578,2026-04-11 09:31:21.3300000
SO43988,BK-M82S-38,11244,2011-02-12,2011-02-19,2011-02-24,3400,1,3400,2026-04-11 09:31:21.3300000
SO43989,BK-R93R-48,28083,2011-02-12,2011-02-19,2011-02-24,3578,1,3578,2026-04-11 09:31:21.3300000
SO43990,BK-M82S-38,25872,2011-02-12,2011-02-19,2011-02-24,3400,1,3400,2026-04-11 09:31:21.3300000
SO43991,BK-R93R-62,16660,2011-02-12,2011-02-19,2011-02-24,3578,1,3578,2026-04-11 09:31:21.3300000
SO43992,BK-R93R-44,16638,2011-02-12,2011-02-19,2011-02-24,3578,1,3578,2026-04-11 09:31:21.3300000
SO43993,BK-R93R-56,16929,2011-02-14,2011-02-21,2011-02-26,3578,1,3578,2026-04-11 09:31:21.3300000
SO43994,BK-R93R-56,27681,2011-02-15,2011-02-22,2011-02-27,3578,1,3578,2026-04-11 09:31:21.3300000
SO43995,BK-R93R-48,21813,2011-02-15,2011-02-22,2011-02-27,3578,1,3578,2026-04-11 09:31:21.3300000
SO43996,BK-R93R-62,27920,2011-02-15,2011-02-22,2011-02-27,3578,1,3578,2026-04-11 09:31:21.3300000
SO43997,BK-R93R-62,28022,2011-02-15,2011-02-22,2011-02-27,3578,1,3578,2026-04-11 09:31:21.3300000
SO43998,BK-M82B-38,11033,2011-02-15,2011-02-22,2011-02-27,3375,1,3375,2026-04-11 09:31:21.3300000
SO43999,BK-R93R-44,28047,2011-02-15,2011-02-22,2011-02-27,3578,1,3578,2026-04-11 09:31:21.3300000
SO44000,BK-R93R-44,27918,2011-02-16,2011-02-23,2011-02-28,3578,1,3578,2026-04-11 09:31:21.3300000
SO44001,BK-R93R-52,28044,2011-02-16,2011-02-23,2011-02-28,3578,1,3578,2026-04-11 09:31:21.3300000
SO44002,BK-R50B-62,14572,2011-02-16,2011-02-23,2011-02-28,699,1,699,2026-04-11 09:31:21.3300000
SO44003,BK-R50B-52,19325,2011-02-16,2011-02-23,2011-02-28,699,1,699,2026-04-11 09:31:21.3300000
SO44004,BK-R93R-62,28061,2011-02-16,2011-02-23,2011-02-28,3578,1,3578,2026-04-11 09:31:21.3300000
SO44005,BK-R50B-60,26629,2011-02-16,2011-02-23,2011-02-28,699,1,699,2026-04-11 09:31:21.3300000
SO44006,BK-R93R-62,16744,2011-02-16,2011-02-23,2011-02-28,3578,1,3578,2026-04-11 09:31:21.3300000
SO44007,BK-R50R-58,25555,2011-02-16,2011-02-23,2011-02-28,699,1,699,2026-04-11 09:31:21.3300000
SO44008,BK-R93R-48,27678,2011-02-17,2011-02-24,2011-03-01,3578,1,3578,2026-04-11 09:31:21.3300000
SO44009,BK-R93R-56,27759,2011-02-17,2011-02-24,2011-03-01,3578,1,3578,2026-04-11 09:31:21.3300000
SO44010,BK-R93R-62,13680,2011-02-17,2011-02-24,2011-03-01,3578,1,3578,2026-04-11 09:31:21.3300000
SO44011,BK-R93R-62,13514,2011-02-17,2011-02-24,2011-03-01,3578,1,3578,2026-04-11 09:31:21.3300000
SO44012,BK-M82B-42,11052,2011-02-17,2011-02-24,2011-03-01,3375,1,3375,2026-04-11 09:31:21.3300000
SO44013,BK-R93R-48,16928,2011-02-17,2011-02-24,2011-03-01,3578,1,3578,2026-04-11 09:31:21.3300000
SO44014,BK-R93R-52,27917,2011-02-18,2011-02-25,2011-03-02,3578,1,3578,2026-04-11 09:31:21.3300000
SO44015,BK-R93R-44,13693,2011-02-18,2011-02-25,2011-03-02,3578,1,3578,2026-04-11 09:31:21.3300000
SO44016,BK-M82B-44,11247,2011-02-18,2011-02-25,2011-03-02,3375,1,3375,2026-04-11 09:31:21.3300000
SO44017,BK-R93R-62,28078,2011-02-18,2011-02-25,2011-03-02,3578,1,3578,2026-04-11 09:31:21.3300000
SO44018,BK-M82B-44,25876,2011-02-18,2011-02-25,2011-03-02,3375,1,3375,2026-04-11 09:31:21.3300000
SO44019,BK-R93R-62,16701,2011-02-18,2011-02-25,2011-03-02,3578,1,3578,2026-04-11 09:31:21.3300000
SO44020,BK-R93R-44,16931,2011-02-18,2011-02-25,2011-03-02,3578,1,3578,2026-04-11 09:31:21.3300000
SO44021,BK-M82B-38,11032,2011-02-18,2011-02-25,2011-03-02,3375,1,3375,2026-04-11 09:31:21.3300000
SO44022,BK-R93R-52,22008,2011-02-19,2011-02-26,2011-03-03,3578,1,3578,2026-04-11 09:31:21.3300000
SO44023,BK-M82B-42,19830,2011-02-19,2011-02-26,2011-03-03,3375,1,3375,2026-04-11 09:31:21.3300000
SO44024,BK-R93R-56,16663,2011-02-19,2011-02-26,2011-03-03,3578,1,3578,2026-04-11 09:31:21.3300000
SO44025,BK-R93R-56,16708,2011-02-19,2011-02-26,2011-03-03,3578,1,3578,2026-04-11 09:31:21.3300000
SO44026,BK-R93R-62,17045,2011-02-19,2011-02-26,2011-03-03,3578,1,3578,2026-04-11 09:31:21.3300000
SO44027,BK-R93R-62,21921,2011-02-20,2011-02-27,2011-03-04,3578,1,3578,2026-04-11 09:31:21.3300000
SO44028,BK-R93R-48,17048,2011-02-20,2011-02-27,2011-03-04,3578,1,3578,2026-04-11 09:31:21.3300000
SO44029,BK-M82B-44,11050,2011-02-20,2011-02-27,2011-03-04,3375,1,3375,2026-04-11 09:31:21.3300000
SO44030,BK-R93R-44,12131,2011-02-21,2011-02-28,2011-03-05,3578,1,3578,2026-04-11 09:31:21.3300000
SO44031,BK-R93R-52,13689,2011-02-21,2011-02-28,2011-03-05,3578,1,3578,2026-04-11 09:31:21.3300000
SO44032,BK-M82S-38,11243,2011-02-21,2011-02-28,2011-03-05,3400,1,3400,2026-04-11 09:31:21.3300000
SO44033,BK-R93R-56,16693,2011-02-21,2011-02-28,2011-03-05,3578,1,3578,2026-04-11 09:31:21.3300000
SO44034,BK-R93R-52,16702,2011-02-21,2011-02-28,2011-03-05,3578,1,3578,2026-04-11 09:31:21.3300000
SO44035,BK-R93R-48,16707,2011-02-21,2011-02-28,2011-03-05,3578,1,3578,2026-04-11 09:31:21.3300000
SO44036,BK-R93R-62,17046,2011-02-21,2011-02-28,2011-03-05,3578,1,3578,2026-04-11 09:31:21.3300000
SO44037,BK-R50R-48,25272,2011-02-21,2011-02-28,2011-03-05,699,1,699,2026-04-11 09:31:21.3300000
SO44038,BK-M82S-38,25868,2011-02-21,2011-02-28,2011-03-05,3400,1,3400,2026-04-11 09:31:21.3300000
SO44039,BK-R50B-52,17971,2011-02-22,2011-03-01,2011-03-06,699,1,699,2026-04-11 09:31:21.3300000
SO44040,BK-M82B-48,11057,2011-02-22,2011-03-01,2011-03-06,3375,1,3375,2026-04-11 09:31:21.3300000
SO44041,BK-R93R-52,16742,2011-02-22,2011-03-01,2011-03-06,3578,1,3578,2026-04-11 09:31:21.3300000
SO44042,BK-R93R-52,13678,2011-02-23,2011-03-02,2011-03-07,3578,1,3578,2026-04-11 09:31:21.3300000
SO44043,BK-R93R-44,13679,2011-02-23,2011-03-02,2011-03-07,3578,1,3578,2026-04-11 09:31:21.3300000
SO44044,BK-R93R-56,13690,2011-02-23,2011-03-02,2011-03-07,3578,1,3578,2026-04-11 09:31:21.3300000
SO44045,BK-M82S-38,28394,2011-02-23,2011-03-02,2011-03-07,3400,1,3400,2026-04-11 09:31:21.3300000
SO44046,BK-R93R-52,28064,2011-02-23,2011-03-02,2011-03-07,3578,1,3578,2026-04-11 09:31:21.3300000
SO44047,BK-M82S-38,25878,2011-02-23,2011-03-02,2011-03-07,3400,1,3400,2026-04-11 09:31:21.3300000
SO44048,BK-R93R-56,16713,2011-02-23,2011-03-02,2011-03-07,3578,1,3578,2026-04-11 09:31:21.3300000
SO44049,BK-R93R-56,13538,2011-02-24,2011-03-03,2011-03-08,3578,1,3578,2026-04-11 09:31:21.3300000
SO44050,BK-R93R-62,17050,2011-02-24,2011-03-03,2011-03-08,3578,1,3578,2026-04-11 09:31:21.3300000
SO44051,BK-R93R-62,13691,2011-02-25,2011-03-04,2011-03-09,3578,1,3578,2026-04-11 09:31:21.3300000
SO44052,BK-R93R-56,16637,2011-02-25,2011-03-04,2011-03-09,3578,1,3578,2026-04-11 09:31:21.3300000
SO44053,BK-R50B-44,19329,2011-02-26,2011-03-05,2011-03-10,699,1,699,2026-04-11 09:31:21.3300000
SO44054,BK-R93R-56,13542,2011-02-26,2011-03-05,2011-03-10,3578,1,3578,2026-04-11 09:31:21.3300000
SO44055,BK-R93R-62,13543,2011-02-26,2011-03-05,2011-03-10,3578,1,3578,2026-04-11 09:31:21.3300000
SO44056,BK-R93R-56,13559,2011-02-26,2011-03-05,2011-03-10,3578,1,3578,2026-04-11 09:31:21.3300000
SO44057,BK-R50B-44,14577,2011-02-26,2011-03-05,2011-03-10,699,1,699,2026-04-11 09:31:21.3300000
SO44058,BK-M82B-44,11056,2011-02-26,2011-03-05,2011-03-10,3375,1,3375,2026-04-11 09:31:21.3300000
SO44059,BK-R93R-52,16688,2011-02-26,2011-03-05,2011-03-10,3578,1,3578,2026-04-11 09:31:21.3300000
SO44060,BK-R50B-52,25273,2011-02-26,2011-03-05,2011-03-10,699,1,699,2026-04-11 09:31:21.3300000
SO44061,BK-R93R-62,27919,2011-02-27,2011-03-06,2011-03-11,3578,1,3578,2026-04-11 09:31:21.3300000
SO44062,BK-R93R-62,28041,2011-02-27,2011-03-06,2011-03-11,3578,1,3578,2026-04-11 09:31:21.3300000
SO44063,BK-M82S-38,11240,2011-02-27,2011-03-06,2011-03-11,3400,1,3400,2026-04-11 09:31:21.3300000
SO44064,BK-R93R-62,22050,2011-02-27,2011-03-06,2011-03-11,3578,1,3578,2026-04-11 09:31:21.3300000
SO44065,BK-R93R-62,28062,2011-02-27,2011-03-06,2011-03-11,3578,1,3578,2026-04-11 09:31:21.3300000
SO44066,BK-M82S-38,25867,2011-02-27,2011-03-06,2011-03-11,3400,1,3400,2026-04-11 09:31:21.3300000
SO44067,BK-R93R-62,17049,2011-02-27,2011-03-06,2011-03-11,3578,1,3578,2026-04-11 09:31:21.3300000
SO44068,BK-R93R-52,13541,2011-02-28,2011-03-07,2011-03-12,3578,1,3578,2026-04-11 09:31:21.3300000
SO44069,BK-M82B-42,28395,2011-02-28,2011-03-07,2011-03-12,3375,1,3375,2026-04-11 09:31:21.3300000
SO44070,BK-M82B-42,19829,2011-02-28,2011-03-07,2011-03-12,3375,1,3375,2026-04-11 09:31:21.3300000
SO44071,BK-R93R-52,16691,2011-02-28,2011-03-07,2011-03-12,3578,1,3578,2026-04-11 09:31:21.3300000
SO44072,BK-R93R-44,16656,2011-02-28,2011-03-07,2011-03-12,3578,1,3578,2026-04-11 09:31:21.3300000
SO44073,BK-M82B-48,11044,2011-02-28,2011-03-07,2011-03-12,3375,1,3375,2026-04-11 09:31:21.3300000
SO44134,BK-R93R-62,13821,2011-03-01,2011-03-08,2011-03-13,3578,1,3578,2026-04-11 09:31:21.3300000
SO44135,BK-R93R-62,28156,2011-03-01,2011-03-08,2011-03-13,3578,1,3578,2026-04-11 09:31:21.3300000
SO44136,BK-R93R-44,22114,2011-03-01,2011-03-08,2011-03-13,3578,1,3578,2026-04-11 09:31:21.3300000
SO44137,BK-R93R-56,17328,2011-03-01,2011-03-08,2011-03-13,3578,1,3578,2026-04-11 09:31:21.3300000
SO44138,BK-R93R-62,13765,2011-03-02,2011-03-09,2011-03-14,3578,1,3578,2026-04-11 09:31:21.3300000
SO44139,BK-R93R-44,13792,2011-03-02,2011-03-09,2011-03-14,3578,1,3578,2026-04-11 09:31:21.3300000
SO44140,BK-R93R-44,12221,2011-03-02,2011-03-09,2011-03-14,3578,1,3578,2026-04-11 09:31:21.3300000
SO44141,BK-R93R-52,13572,2011-03-02,2011-03-09,2011-03-14,3578,1,3578,2026-04-11 09:31:21.3300000
SO44142,BK-R93R-52,22058,2011-03-02,2011-03-09,2011-03-14,3578,1,3578,2026-04-11 09:31:21.3300000
SO44143,BK-R93R-52,28145,2011-03-02,2011-03-09,2011-03-14,3578,1,3578,2026-04-11 09:31:21.3300000
SO44144,BK-R93R-48,17071,2011-03-02,2011-03-09,2011-03-14,3578,1,3578,2026-04-11 09:31:21.3300000
SO44145,BK-R93R-62,17309,2011-03-02,2011-03-09,2011-03-14,3578,1,3578,2026-04-11 09:31:21.3300000
SO44146,BK-R93R-52,17310,2011-03-02,2011-03-09,2011-03-14,3578,1,3578,2026-04-11 09:31:21.3300000
SO44147,BK-R93R-62,17320,2011-03-02,2011-03-09,2011-03-14,3578,1,3578,2026-04-11 09:31:21.3300000
SO44148,BK-R93R-62,28172,2011-03-03,2011-03-10,2011-03-15,3578,1,3578,2026-04-11 09:31:21.3300000
SO44149,BK-R93R-48,17242,2011-03-03,2011-03-10,2011-03-15,3578,1,3578,2026-04-11 09:31:21.3300000
SO44150,BK-R93R-48,17315,2011-03-03,2011-03-10,2011-03-15,3578,1,3578,2026-04-11 09:31:21.3300000
SO44151,BK-R50R-48,25558,2011-03-03,2011-03-10,2011-03-15,699,1,699,2026-04-11 09:31:21.3300000
SO44152,BK-M82S-44,11334,2011-03-04,2011-03-11,2011-03-16,3400,1,3400,2026-04-11 09:31:21.3300000
SO44153,BK-R93R-48,28168,2011-03-04,2011-03-11,2011-03-16,3578,1,3578,2026-04-11 09:31:21.3300000
SO44154,BK-R93R-44,28181,2011-03-04,2011-03-11,2011-03-16,3578,1,3578,2026-04-11 09:31:21.3300000
SO44155,BK-R93R-52,28131,2011-03-04,2011-03-11,2011-03-16,3578,1,3578,2026-04-11 09:31:21.3300000
SO44156,BK-M82S-44,25887,2011-03-04,2011-03-11,2011-03-16,3400,1,3400,2026-04-11 09:31:21.3300000
SO44157,BK-R93R-56,17055,2011-03-04,2011-03-11,2011-03-16,3578,1,3578,2026-04-11 09:31:21.3300000
SO44158,BK-R93R-44,13567,2011-03-05,2011-03-12,2011-03-17,3578,1,3578,2026-04-11 09:31:21.3300000
SO44159,BK-R93R-44,28182,2011-03-05,2011-03-12,2011-03-17,3578,1,3578,2026-04-11 09:31:21.3300000
SO44160,BK-R93R-48,28186,2011-03-05,2011-03-12,2011-03-17,3578,1,3578,2026-04-11 09:31:21.3300000
SO44161,BK-R93R-56,13772,2011-03-06,2011-03-13,2011-03-18,3578,1,3578,2026-04-11 09:31:21.3300000
SO44162,BK-R93R-44,28185,2011-03-06,2011-03-13,2011-03-18,3578,1,3578,2026-04-11 09:31:21.3300000
SO44163,BK-R93R-56,28193,2011-03-06,2011-03-13,2011-03-18,3578,1,3578,2026-04-11 09:31:21.3300000
SO44164,BK-R93R-62,28088,2011-03-06,2011-03-13,2011-03-18,3578,1,3578,2026-04-11 09:31:21.3300000
SO44165,BK-R93R-52,17065,2011-03-06,2011-03-13,2011-03-18,3578,1,3578,2026-04-11 09:31:21.3300000
SO44166,BK-R50B-44,14581,2011-03-06,2011-03-13,2011-03-18,699,1,699,2026-04-11 09:31:21.3300000
SO44167,BK-R93R-56,17308,2011-03-06,2011-03-13,2011-03-18,3578,1,3578,2026-04-11 09:31:21.3300000
SO44168,BK-R93R-52,12211,2011-03-07,2011-03-14,2011-03-19,3578,1,3578,2026-04-11 09:31:21.3300000
SO44169,BK-R93R-44,28179,2011-03-07,2011-03-14,2011-03-19,3578,1,3578,2026-04-11 09:31:21.3300000
SO44170,BK-R93R-56,28183,2011-03-07,2011-03-14,2011-03-19,3578,1,3578,2026-04-11 09:31:21.3300000
SO44171,BK-R93R-52,28112,2011-03-07,2011-03-14,2011-03-19,3578,1,3578,2026-04-11 09:31:21.3300000
SO44172,BK-R50B-44,14584,2011-03-07,2011-03-14,2011-03-19,699,1,699,2026-04-11 09:31:21.3300000
SO44173,BK-R93R-48,13784,2011-03-08,2011-03-15,2011-03-20,3578,1,3578,2026-04-11 09:31:21.3300000
SO44174,BK-R93R-44,17229,2011-03-08,2011-03-15,2011-03-20,3578,1,3578,2026-04-11 09:31:21.3300000
SO44175,BK-R93R-52,17246,2011-03-08,2011-03-15,2011-03-20,3578,1,3578,2026-04-11 09:31:21.3300000
SO44176,BK-R93R-56,12220,2011-03-09,2011-03-16,2011-03-21,3578,1,3578,2026-04-11 09:31:21.3300000
SO44177,BK-M82B-44,11337,2011-03-09,2011-03-16,2011-03-21,3375,1,3375,2026-04-11 09:31:21.3300000
SO44178,BK-R93R-48,28097,2011-03-09,2011-03-16,2011-03-21,3578,1,3578,2026-04-11 09:31:21.3300000
SO44179,BK-M82B-44,25888,2011-03-09,2011-03-16,2011-03-21,3375,1,3375,2026-04-11 09:31:21.3300000
SO44180,BK-M82S-48,11058,2011-03-09,2011-03-16,2011-03-21,3400,1,3400,2026-04-11 09:31:21.3300000
SO44181,BK-R93R-48,17294,2011-03-09,2011-03-16,2011-03-21,3578,1,3578,2026-04-11 09:31:21.3300000
SO44182,BK-R93R-62,17299,2011-03-09,2011-03-16,2011-03-21,3578,1,3578,2026-04-11 09:31:21.3300000
SO44183,BK-R93R-62,28158,2011-03-10,2011-03-17,2011-03-22,3578,1,3578,2026-04-11 09:31:21.3300000
SO44184,BK-R93R-56,17247,2011-03-10,2011-03-17,2011-03-22,3578,1,3578,2026-04-11 09:31:21.3300000
SO44185,BK-R93R-62,17280,2011-03-10,2011-03-17,2011-03-22,3578,1,3578,2026-04-11 09:31:21.3300000
SO44186,BK-M82S-48,25889,2011-03-12,2011-03-19,2011-03-24,3400,1,3400,2026-04-11 09:31:21.3300000
SO44187,BK-R93R-52,17069,2011-03-12,2011-03-19,2011-03-24,3578,1,3578,2026-04-11 09:31:21.3300000
SO44188,BK-R50B-60,20052,2011-03-13,2011-03-20,2011-03-25,699,1,699,2026-04-11 09:31:21.3300000
SO44189,BK-R50R-60,20054,2011-03-13,2011-03-20,2011-03-25,699,1,699,2026-04-11 09:31:21.3300000
SO44190,BK-M82B-38,11061,2011-03-13,2011-03-20,2011-03-25,3375,1,3375,2026-04-11 09:31:21.3300000
SO44191,BK-R93R-62,17248,2011-03-13,2011-03-20,2011-03-25,3578,1,3578,2026-04-11 09:31:21.3300000
SO44192,BK-R93R-48,13570,2011-03-14,2011-03-21,2011-03-26,3578,1,3578,2026-04-11 09:31:21.3300000
SO44193,BK-R93R-48,28164,2011-03-14,2011-03-21,2011-03-26,3578,1,3578,2026-04-11 09:31:21.3300000
SO44194,BK-R93R-62,17064,2011-03-14,2011-03-21,2011-03-26,3578,1,3578,2026-04-11 09:31:21.3300000
SO44195,BK-R93R-52,17249,2011-03-14,2011-03-21,2011-03-26,3578,1,3578,2026-04-11 09:31:21.3300000
SO44196,BK-R93R-56,17295,2011-03-14,2011-03-21,2011-03-26,3578,1,3578,2026-04-11 09:31:21.3300000
SO44197,BK-R93R-48,28096,2011-03-15,2011-03-22,2011-03-27,3578,1,3578,2026-04-11 09:31:21.3300000
SO44198,BK-R93R-62,28150,2011-03-15,2011-03-22,2011-03-27,3578,1,3578,2026-04-11 09:31:21.3300000
SO44199,BK-R93R-52,17259,2011-03-15,2011-03-22,2011-03-27,3578,1,3578,2026-04-11 09:31:21.3300000
SO44200,BK-R93R-44,17312,2011-03-15,2011-03-22,2011-03-27,3578,1,3578,2026-04-11 09:31:21.3300000
SO44201,BK-R93R-52,12254,2011-03-16,2011-03-23,2011-03-28,3578,1,3578,2026-04-11 09:31:21.3300000
SO44202,BK-R93R-44,28159,2011-03-16,2011-03-23,2011-03-28,3578,1,3578,2026-04-11 09:31:21.3300000
SO44203,BK-R93R-48,28149,2011-03-16,2011-03-23,2011-03-28,3578,1,3578,2026-04-11 09:31:21.3300000
SO44204,BK-R50B-62,14580,2011-03-16,2011-03-23,2011-03-28,699,1,699,2026-04-11 09:31:21.3300000
SO44205,BK-R93R-48,17285,2011-03-16,2011-03-23,2011-03-28,3578,1,3578,2026-04-11 09:31:21.3300000
SO44206,BK-M82S-48,11250,2011-03-17,2011-03-24,2011-03-29,3400,1,3400,2026-04-11 09:31:21.3300000
SO44207,BK-R93R-52,28162,2011-03-17,2011-03-24,2011-03-29,3578,1,3578,2026-04-11 09:31:21.3300000
SO44208,BK-M82S-48,25879,2011-03-17,2011-03-24,2011-03-29,3400,1,3400,2026-04-11 09:31:21.3300000
SO44209,BK-R93R-44,17257,2011-03-17,2011-03-24,2011-03-29,3578,1,3578,2026-04-11 09:31:21.3300000
SO44210,BK-R93R-62,13783,2011-03-18,2011-03-25,2011-03-30,3578,1,3578,2026-04-11 09:31:21.3300000
SO44211,BK-R93R-52,28154,2011-03-18,2011-03-25,2011-03-30,3578,1,3578,2026-04-11 09:31:21.3300000
SO44212,BK-R93R-48,28170,2011-03-18,2011-03-25,2011-03-30,3578,1,3578,2026-04-11 09:31:21.3300000
SO44213,BK-R93R-62,17351,2011-03-18,2011-03-25,2011-03-30,3578,1,3578,2026-04-11 09:31:21.3300000
SO44214,BK-R93R-44,17332,2011-03-18,2011-03-25,2011-03-30,3578,1,3578,2026-04-11 09:31:21.3300000
SO44215,BK-R93R-48,28180,2011-03-19,2011-03-26,2011-03-31,3578,1,3578,2026-04-11 09:31:21.3300000
SO44216,BK-R93R-56,13560,2011-03-19,2011-03-26,2011-03-31,3578,1,3578,2026-04-11 09:31:21.3300000
SO44217,BK-R93R-62,28148,2011-03-19,2011-03-26,2011-03-31,3578,1,3578,2026-04-11 09:31:21.3300000
SO44218,BK-R93R-44,22109,2011-03-19,2011-03-26,2011-03-31,3578,1,3578,2026-04-11 09:31:21.3300000
SO44219,BK-R50B-44,14590,2011-03-19,2011-03-26,2011-03-31,699,1,699,2026-04-11 09:31:21.3300000
SO44220,BK-M82S-42,11060,2011-03-19,2011-03-26,2011-03-31,3400,1,3400,2026-04-11 09:31:21.3300000
SO44221,BK-R93R-56,17255,2011-03-19,2011-03-26,2011-03-31,3578,1,3578,2026-04-11 09:31:21.3300000
SO44222,BK-R93R-44,17258,2011-03-19,2011-03-26,2011-03-31,3578,1,3578,2026-04-11 09:31:21.3300000
SO44223,BK-R93R-62,13847,2011-03-20,2011-03-27,2011-04-01,3578,1,3578,2026-04-11 09:31:21.3300000
SO44224,BK-R93R-56,28166,2011-03-20,2011-03-27,2011-04-01,3578,1,3578,2026-04-11 09:31:21.3300000
SO44225,BK-R50R-60,20060,2011-03-21,2011-03-28,2011-04-02,699,1,699,2026-04-11 09:31:21.3300000
SO44226,BK-R93R-52,12255,2011-03-21,2011-03-28,2011-04-02,3578,1,3578,2026-04-11 09:31:21.3300000
SO44227,BK-M82B-42,28401,2011-03-21,2011-03-28,2011-04-02,3375,1,3375,2026-04-11 09:31:21.3300000
SO44228,BK-M82S-38,11333,2011-03-21,2011-03-28,2011-04-02,3400,1,3400,2026-04-11 09:31:21.3300000
SO44229,BK-M82S-38,25886,2011-03-21,2011-03-28,2011-04-02,3400,1,3400,2026-04-11 09:31:21.3300000
SO44230,BK-R93R-48,17241,2011-03-21,2011-03-28,2011-04-02,3578,1,3578,2026-04-11 09:31:21.3300000
SO44231,BK-R50B-60,17973,2011-03-21,2011-03-28,2011-04-02,699,1,699,2026-04-11 09:31:21.3300000
SO44232,BK-R93R-48,17334,2011-03-21,2011-03-28,2011-04-02,3578,1,3578,2026-04-11 09:31:21.3300000
SO44233,BK-R93R-62,13841,2011-03-22,2011-03-29,2011-04-03,3578,1,3578,2026-04-11 09:31:21.3300000
SO44234,BK-R93R-48,28184,2011-03-22,2011-03-29,2011-04-03,3578,1,3578,2026-04-11 09:31:21.3300000
SO44235,BK-R93R-52,22117,2011-03-22,2011-03-29,2011-04-03,3578,1,3578,2026-04-11 09:31:21.3300000
SO44236,BK-R93R-48,28191,2011-03-22,2011-03-29,2011-04-03,3578,1,3578,2026-04-11 09:31:21.3300000
SO44237,BK-R93R-62,17056,2011-03-22,2011-03-29,2011-04-03,3578,1,3578,2026-04-11 09:31:21.3300000
SO44238,BK-R93R-44,17079,2011-03-22,2011-03-29,2011-04-03,3578,1,3578,2026-04-11 09:31:21.3300000
SO44239,BK-R93R-44,12217,2011-03-23,2011-03-30,2011-04-04,3578,1,3578,2026-04-11 09:31:21.3300000
SO44240,BK-R93R-44,13580,2011-03-23,2011-03-30,2011-04-04,3578,1,3578,2026-04-11 09:31:21.3300000
SO44241,BK-R93R-52,28155,2011-03-23,2011-03-30,2011-04-04,3578,1,3578,2026-04-11 09:31:21.3300000
SO44242,BK-R93R-52,28163,2011-03-23,2011-03-30,2011-04-04,3578,1,3578,2026-04-11 09:31:21.3300000
SO44243,BK-R93R-48,17278,2011-03-23,2011-03-30,2011-04-04,3578,1,3578,2026-04-11 09:31:21.3300000
SO44244,BK-R93R-48,17329,2011-03-23,2011-03-30,2011-04-04,3578,1,3578,2026-04-11 09:31:21.3300000
SO44245,BK-R50R-52,25556,2011-03-23,2011-03-30,2011-04-04,699,1,699,2026-04-11 09:31:21.3300000
SO44246,BK-R93R-48,12219,2011-03-24,2011-03-31,2011-04-05,3578,1,3578,2026-04-11 09:31:21.3300000
SO44247,BK-R93R-62,17233,2011-03-24,2011-03-31,2011-04-05,3578,1,3578,2026-04-11 09:31:21.3300000
SO44248,BK-R93R-52,17240,2011-03-24,2011-03-31,2011-04-05,3578,1,3578,2026-04-11 09:31:21.3300000
SO44249,BK-R93R-52,13845,2011-03-25,2011-04-01,2011-04-06,3578,1,3578,2026-04-11 09:31:21.3300000
SO44250,BK-R93R-48,28167,2011-03-25,2011-04-01,2011-04-06,3578,1,3578,2026-04-11 09:31:21.3300000
SO44251,BK-R93R-44,28190,2011-03-25,2011-04-01,2011-04-06,3578,1,3578,2026-04-11 09:31:21.3300000
SO44252,BK-R93R-48,13777,2011-03-26,2011-04-02,2011-04-07,3578,1,3578,2026-04-11 09:31:21.3300000
SO44253,BK-R93R-62,28099,2011-03-26,2011-04-02,2011-04-07,3578,1,3578,2026-04-11 09:31:21.3300000
SO44254,BK-R93R-56,28142,2011-03-26,2011-04-02,2011-04-07,3578,1,3578,2026-04-11 09:31:21.3300000
SO44255,BK-R50B-48,14585,2011-03-26,2011-04-02,2011-04-07,699,1,699,2026-04-11 09:31:21.3300000
SO44256,BK-R93R-48,17232,2011-03-26,2011-04-02,2011-04-07,3578,1,3578,2026-04-11 09:31:21.3300000
SO44257,BK-R93R-52,12212,2011-03-27,2011-04-03,2011-04-08,3578,1,3578,2026-04-11 09:31:21.3300000
SO44258,BK-R93R-62,13579,2011-03-27,2011-04-03,2011-04-08,3578,1,3578,2026-04-11 09:31:21.3300000
SO44259,BK-R93R-48,28171,2011-03-27,2011-04-03,2011-04-08,3578,1,3578,2026-04-11 09:31:21.3300000
SO44260,BK-R93R-48,28194,2011-03-27,2011-04-03,2011-04-08,3578,1,3578,2026-04-11 09:31:21.3300000
SO44261,BK-R93R-48,22112,2011-03-27,2011-04-03,2011-04-08,3578,1,3578,2026-04-11 09:31:21.3300000
SO44262,BK-R50R-60,20149,2011-03-27,2011-04-03,2011-04-08,699,1,699,2026-04-11 09:31:21.3300000
SO44263,BK-R93R-62,17279,2011-03-27,2011-04-03,2011-04-08,3578,1,3578,2026-04-11 09:31:21.3300000
SO44264,BK-R93R-52,17286,2011-03-27,2011-04-03,2011-04-08,3578,1,3578,2026-04-11 09:31:21.3300000
SO44265,BK-R50R-58,25557,2011-03-27,2011-04-03,2011-04-08,699,1,699,2026-04-11 09:31:21.3300000
SO44266,BK-R50B-62,25559,2011-03-27,2011-04-03,2011-04-08,699,1,699,2026-04-11 09:31:21.3300000
SO44267,BK-R50B-62,19339,2011-03-28,2011-04-04,2011-04-09,699,1,699,2026-04-11 09:31:21.3300000
SO44268,BK-R93R-48,13820,2011-03-28,2011-04-04,2011-04-09,3578,1,3578,2026-04-11 09:31:21.3300000
SO44269,BK-R50R-44,14589,2011-03-29,2011-04-05,2011-04-10,699,1,699,2026-04-11 09:31:21.3300000
SO44270,BK-R93R-56,13794,2011-03-30,2011-04-06,2011-04-11,3578,1,3578,2026-04-11 09:31:21.3300000
SO44271,BK-R93R-56,13846,2011-03-30,2011-04-06,2011-04-11,3578,1,3578,2026-04-11 09:31:21.3300000
SO44272,BK-R93R-44,12256,2011-03-30,2011-04-06,2011-04-11,3578,1,3578,2026-04-11 09:31:21.3300000
SO44273,BK-R93R-44,28147,2011-03-30,2011-04-06,2011-04-11,3578,1,3578,2026-04-11 09:31:21.3300000
SO44274,BK-R93R-56,28152,2011-03-30,2011-04-06,2011-04-11,3578,1,3578,2026-04-11 09:31:21.3300000
SO44275,BK-R93R-44,17256,2011-03-30,2011-04-06,2011-04-11,3578,1,3578,2026-04-11 09:31:21.3300000
SO44276,BK-R93R-52,17277,2011-03-30,2011-04-06,2011-04-11,3578,1,3578,2026-04-11 09:31:21.3300000
SO44277,BK-R93R-44,17288,2011-03-30,2011-04-06,2011-04-11,3578,1,3578,2026-04-11 09:31:21.3300000
SO44278,BK-R93R-62,17293,2011-03-30,2011-04-06,2011-04-11,3578,1,3578,2026-04-11 09:31:21.3300000
SO44279,BK-R93R-52,17326,2011-03-30,2011-04-06,2011-04-11,3578,1,3578,2026-04-11 09:31:21.3300000
SO44320,BK-R93R-56,14429,2011-03-31,2011-04-07,2011-04-12,3578,1,3578,2026-04-11 09:31:21.3300000
SO44321,BK-R93R-44,28222,2011-03-31,2011-04-07,2011-04-12,3578,1,3578,2026-04-11 09:31:21.3300000
SO44322,BK-R50R-48,17975,2011-03-31,2011-04-07,2011-04-12,699,1,699,2026-04-11 09:31:21.3300000
SO44323,BK-M82S-38,11072,2011-03-31,2011-04-07,2011-04-12,3400,1,3400,2026-04-11 09:31:21.3300000
SO44324,BK-R93R-44,12267,2011-04-01,2011-04-08,2011-04-13,3578,1,3578,2026-04-11 09:31:21.3300000
SO44325,BK-M82B-48,11095,2011-04-01,2011-04-08,2011-04-13,3375,1,3375,2026-04-11 09:31:21.3300000
SO44326,BK-R93R-48,17728,2011-04-01,2011-04-08,2011-04-13,3578,1,3578,2026-04-11 09:31:21.3300000
SO44327,BK-R93R-56,28598,2011-04-02,2011-04-09,2011-04-14,3578,1,3578,2026-04-11 09:31:21.3300000
SO44328,BK-R93R-62,17921,2011-04-02,2011-04-09,2011-04-14,3578,1,3578,2026-04-11 09:31:21.3300000
SO44329,BK-R93R-44,17904,2011-04-02,2011-04-09,2011-04-14,3578,1,3578,2026-04-11 09:31:21.3300000
SO44330,BK-R93R-48,28199,2011-04-02,2011-04-09,2011-04-14,3578,1,3578,2026-04-11 09:31:21.3300000
SO44331,BK-R93R-44,28257,2011-04-03,2011-04-10,2011-04-15,3578,1,3578,2026-04-11 09:31:21.3300000
SO44332,BK-R93R-62,17510,2011-04-03,2011-04-10,2011-04-15,3578,1,3578,2026-04-11 09:31:21.3300000
SO44333,BK-M82S-42,11343,2011-04-04,2011-04-11,2011-04-16,3400,1,3400,2026-04-11 09:31:21.3300000
SO44334,BK-R93R-44,28273,2011-04-04,2011-04-11,2011-04-16,3578,1,3578,2026-04-11 09:31:21.3300000
SO44335,BK-R50R-62,20165,2011-04-04,2011-04-11,2011-04-16,699,1,699,2026-04-11 09:31:21.3300000
SO44336,BK-M82S-42,25895,2011-04-04,2011-04-11,2011-04-16,3400,1,3400,2026-04-11 09:31:21.3300000
SO44337,BK-M82B-48,11097,2011-04-04,2011-04-11,2011-04-16,3375,1,3375,2026-04-11 09:31:21.3300000
SO44338,BK-R93R-56,18188,2011-04-04,2011-04-11,2011-04-16,3578,1,3578,2026-04-11 09:31:21.3300000
SO44339,BK-R93R-44,18189,2011-04-04,2011-04-11,2011-04-16,3578,1,3578,2026-04-11 09:31:21.3300000
SO44340,BK-R93R-56,17354,2011-04-04,2011-04-11,2011-04-16,3578,1,3578,2026-04-11 09:31:21.3300000
SO44341,BK-M82B-38,25905,2011-04-05,2011-04-12,2011-04-17,3375,1,3375,2026-04-11 09:31:21.3300000
SO44342,BK-R50R-58,14610,2011-04-05,2011-04-12,2011-04-17,699,1,699,2026-04-11 09:31:21.3300000
SO44343,BK-R93R-56,17920,2011-04-05,2011-04-12,2011-04-17,3578,1,3578,2026-04-11 09:31:21.3300000
SO44344,BK-R93R-62,14427,2011-04-06,2011-04-13,2011-04-18,3578,1,3578,2026-04-11 09:31:21.3300000
SO44345,BK-R93R-52,28200,2011-04-06,2011-04-13,2011-04-18,3578,1,3578,2026-04-11 09:31:21.3300000
SO44346,BK-R50B-62,14602,2011-04-06,2011-04-13,2011-04-18,699,1,699,2026-04-11 09:31:21.3300000
SO44347,BK-R93R-48,17911,2011-04-06,2011-04-13,2011-04-18,3578,1,3578,2026-04-11 09:31:21.3300000
SO44348,BK-R93R-52,14159,2011-04-07,2011-04-14,2011-04-19,3578,1,3578,2026-04-11 09:31:21.3300000
SO44349,BK-R93R-44,28243,2011-04-07,2011-04-14,2011-04-19,3578,1,3578,2026-04-11 09:31:21.3300000
SO44350,BK-R93R-48,28244,2011-04-07,2011-04-14,2011-04-19,3578,1,3578,2026-04-11 09:31:21.3300000
SO44351,BK-R93R-56,28271,2011-04-07,2011-04-14,2011-04-19,3578,1,3578,2026-04-11 09:31:21.3300000
SO44352,BK-R93R-44,28297,2011-04-07,2011-04-14,2011-04-19,3578,1,3578,2026-04-11 09:31:21.3300000
SO44353,BK-R50R-44,14591,2011-04-07,2011-04-14,2011-04-19,699,1,699,2026-04-11 09:31:21.3300000
SO44354,BK-R50B-62,14603,2011-04-07,2011-04-14,2011-04-19,699,1,699,2026-04-11 09:31:21.3300000
SO44355,BK-M82S-48,11093,2011-04-07,2011-04-14,2011-04-19,3400,1,3400,2026-04-11 09:31:21.3300000
SO44356,BK-M82S-42,11099,2011-04-07,2011-04-14,2011-04-19,3400,1,3400,2026-04-11 09:31:21.3300000
SO44357,BK-R93R-62,17511,2011-04-07,2011-04-14,2011-04-19,3578,1,3578,2026-04-11 09:31:21.3300000
SO44358,BK-R93R-62,17732,2011-04-07,2011-04-14,2011-04-19,3578,1,3578,2026-04-11 09:31:21.3300000
SO44359,BK-R93R-44,14525,2011-04-08,2011-04-15,2011-04-20,3578,1,3578,2026-04-11 09:31:21.3300000
SO44360,BK-R93R-44,14158,2011-04-08,2011-04-15,2011-04-20,3578,1,3578,2026-04-11 09:31:21.3300000
SO44361,BK-R93R-62,13686,2011-04-08,2011-04-15,2011-04-20,3578,1,3578,2026-04-11 09:31:21.3300000
SO44362,BK-R93R-62,28259,2011-04-08,2011-04-15,2011-04-20,3578,1,3578,2026-04-11 09:31:21.3300000
SO44363,BK-R93R-48,28285,2011-04-08,2011-04-15,2011-04-20,3578,1,3578,2026-04-11 09:31:21.3300000
SO44364,BK-M82B-38,11092,2011-04-08,2011-04-15,2011-04-20,3375,1,3375,2026-04-11 09:31:21.3300000
SO44365,BK-R93R-52,17912,2011-04-08,2011-04-15,2011-04-20,3578,1,3578,2026-04-11 09:31:21.3300000
SO44366,BK-R93R-52,17502,2011-04-08,2011-04-15,2011-04-20,3578,1,3578,2026-04-11 09:31:21.3300000
SO44367,BK-R50R-48,25562,2011-04-08,2011-04-15,2011-04-20,699,1,699,2026-04-11 09:31:21.3300000
SO44368,BK-R93R-56,14150,2011-04-09,2011-04-16,2011-04-21,3578,1,3578,2026-04-11 09:31:21.3300000
SO44369,BK-R93R-62,28250,2011-04-09,2011-04-16,2011-04-21,3578,1,3578,2026-04-11 09:31:21.3300000
SO44370,BK-R93R-52,18193,2011-04-09,2011-04-16,2011-04-21,3578,1,3578,2026-04-11 09:31:21.3300000
SO44371,BK-R93R-44,17514,2011-04-09,2011-04-16,2011-04-21,3578,1,3578,2026-04-11 09:31:21.3300000
SO44372,BK-R93R-62,17736,2011-04-09,2011-04-16,2011-04-21,3578,1,3578,2026-04-11 09:31:21.3300000
SO44373,BK-R93R-62,13767,2011-04-10,2011-04-17,2011-04-22,3578,1,3578,2026-04-11 09:31:21.3300000
SO44374,BK-R93R-62,14157,2011-04-10,2011-04-17,2011-04-22,3578,1,3578,2026-04-11 09:31:21.3300000
SO44375,BK-R93R-62,14183,2011-04-10,2011-04-17,2011-04-22,3578,1,3578,2026-04-11 09:31:21.3300000
SO44376,BK-M82B-42,29399,2011-04-10,2011-04-17,2011-04-22,3375,1,3375,2026-04-11 09:31:21.3300000
SO44377,BK-R93R-62,28234,2011-04-10,2011-04-17,2011-04-22,3578,1,3578,2026-04-11 09:31:21.3300000
SO44378,BK-M82B-42,25903,2011-04-10,2011-04-17,2011-04-22,3375,1,3375,2026-04-11 09:31:21.3300000
SO44379,BK-M82B-48,11080,2011-04-10,2011-04-17,2011-04-22,3375,1,3375,2026-04-11 09:31:21.3300000
SO44380,BK-R93R-62,17915,2011-04-10,2011-04-17,2011-04-22,3578,1,3578,2026-04-11 09:31:21.3300000
SO44381,BK-R93R-52,14191,2011-04-11,2011-04-18,2011-04-23,3578,1,3578,2026-04-11 09:31:21.3300000
SO44382,BK-M82S-48,11341,2011-04-11,2011-04-18,2011-04-23,3400,1,3400,2026-04-11 09:31:21.3300000
SO44383,BK-R93R-62,28268,2011-04-11,2011-04-18,2011-04-23,3578,1,3578,2026-04-11 09:31:21.3300000
SO44384,BK-R93R-44,28296,2011-04-11,2011-04-18,2011-04-23,3578,1,3578,2026-04-11 09:31:21.3300000
SO44385,BK-R93R-56,28298,2011-04-11,2011-04-18,2011-04-23,3578,1,3578,2026-04-11 09:31:21.3300000
SO44386,BK-R93R-48,28587,2011-04-11,2011-04-18,2011-04-23,3578,1,3578,2026-04-11 09:31:21.3300000
SO44387,BK-M82B-48,11096,2011-04-11,2011-04-18,2011-04-23,3375,1,3375,2026-04-11 09:31:21.3300000
SO44388,BK-R93R-62,17924,2011-04-11,2011-04-18,2011-04-23,3578,1,3578,2026-04-11 09:31:21.3300000
SO44389,BK-R93R-52,17925,2011-04-11,2011-04-18,2011-04-23,3578,1,3578,2026-04-11 09:31:21.3300000
SO44390,BK-R93R-56,17353,2011-04-11,2011-04-18,2011-04-23,3578,1,3578,2026-04-11 09:31:21.3300000
SO44391,BK-R93R-52,17730,2011-04-11,2011-04-18,2011-04-23,3578,1,3578,2026-04-11 09:31:21.3300000
SO44392,BK-R93R-56,17910,2011-04-11,2011-04-18,2011-04-23,3578,1,3578,2026-04-11 09:31:21.3300000
SO44393,BK-M82S-42,29398,2011-04-12,2011-04-19,2011-04-24,3400,1,3400,2026-04-11 09:31:21.3300000
SO44394,BK-R93R-52,28246,2011-04-12,2011-04-19,2011-04-24,3578,1,3578,2026-04-11 09:31:21.3300000
SO44395,BK-R93R-56,28339,2011-04-12,2011-04-19,2011-04-24,3578,1,3578,2026-04-11 09:31:21.3300000
SO44396,BK-M82S-42,25901,2011-04-12,2011-04-19,2011-04-24,3400,1,3400,2026-04-11 09:31:21.3300000
SO44397,BK-R50R-52,14596,2011-04-12,2011-04-19,2011-04-24,699,1,699,2026-04-11 09:31:21.3300000
SO44398,BK-R93R-48,17733,2011-04-12,2011-04-19,2011-04-24,3578,1,3578,2026-04-11 09:31:21.3300000
SO44399,BK-R93R-44,28240,2011-04-13,2011-04-20,2011-04-25,3578,1,3578,2026-04-11 09:31:21.3300000
SO44400,BK-R93R-48,28588,2011-04-13,2011-04-20,2011-04-25,3578,1,3578,2026-04-11 09:31:21.3300000
SO44401,BK-R93R-48,17515,2011-04-13,2011-04-20,2011-04-25,3578,1,3578,2026-04-11 09:31:21.3300000
SO44402,BK-R93R-56,13666,2011-04-14,2011-04-21,2011-04-26,3578,1,3578,2026-04-11 09:31:21.3300000
SO44403,BK-M82B-44,19844,2011-04-14,2011-04-21,2011-04-26,3375,1,3375,2026-04-11 09:31:21.3300000
SO44404,BK-R93R-56,28221,2011-04-15,2011-04-22,2011-04-27,3578,1,3578,2026-04-11 09:31:21.3300000
SO44405,BK-R93R-62,28224,2011-04-15,2011-04-22,2011-04-27,3578,1,3578,2026-04-11 09:31:21.3300000
SO44406,BK-R93R-52,28299,2011-04-15,2011-04-22,2011-04-27,3578,1,3578,2026-04-11 09:31:21.3300000
SO44407,BK-M82B-48,11077,2011-04-15,2011-04-22,2011-04-27,3375,1,3375,2026-04-11 09:31:21.3300000
SO44408,BK-M82B-48,11103,2011-04-15,2011-04-22,2011-04-27,3375,1,3375,2026-04-11 09:31:21.3300000
SO44409,BK-R50R-58,25563,2011-04-15,2011-04-22,2011-04-27,699,1,699,2026-04-11 09:31:21.3300000
SO44410,BK-R93R-62,28223,2011-04-16,2011-04-23,2011-04-28,3578,1,3578,2026-04-11 09:31:21.3300000
SO44411,BK-R93R-48,28584,2011-04-16,2011-04-23,2011-04-28,3578,1,3578,2026-04-11 09:31:21.3300000
SO44412,BK-M82B-42,11100,2011-04-16,2011-04-23,2011-04-28,3375,1,3375,2026-04-11 09:31:21.3300000
SO44413,BK-R93R-62,13606,2011-04-17,2011-04-24,2011-04-29,3578,1,3578,2026-04-11 09:31:21.3300000
SO44414,BK-R93R-44,28340,2011-04-17,2011-04-24,2011-04-29,3578,1,3578,2026-04-11 09:31:21.3300000
SO44415,BK-R93R-48,28355,2011-04-17,2011-04-24,2011-04-29,3578,1,3578,2026-04-11 09:31:21.3300000
SO44416,BK-M82S-42,11069,2011-04-17,2011-04-24,2011-04-29,3400,1,3400,2026-04-11 09:31:21.3300000
SO44417,BK-R93R-44,17917,2011-04-17,2011-04-24,2011-04-29,3578,1,3578,2026-04-11 09:31:21.3300000
SO44418,BK-R93R-44,17919,2011-04-17,2011-04-24,2011-04-29,3578,1,3578,2026-04-11 09:31:21.3300000
SO44419,BK-R93R-62,17352,2011-04-17,2011-04-24,2011-04-29,3578,1,3578,2026-04-11 09:31:21.3300000
SO44420,BK-R93R-44,17512,2011-04-17,2011-04-24,2011-04-29,3578,1,3578,2026-04-11 09:31:21.3300000
SO44421,BK-R93R-52,13607,2011-04-18,2011-04-25,2011-04-30,3578,1,3578,2026-04-11 09:31:21.3300000
SO44422,BK-R50R-44,19353,2011-04-18,2011-04-25,2011-04-30,699,1,699,2026-04-11 09:31:21.3300000
SO44423,BK-R93R-52,28586,2011-04-18,2011-04-25,2011-04-30,3578,1,3578,2026-04-11 09:31:21.3300000
SO44424,BK-R93R-48,17916,2011-04-18,2011-04-25,2011-04-30,3578,1,3578,2026-04-11 09:31:21.3300000
SO44425,BK-R93R-44,17504,2011-04-18,2011-04-25,2011-04-30,3578,1,3578,2026-04-11 09:31:21.3300000
SO44426,BK-R93R-56,13770,2011-04-19,2011-04-26,2011-05-01,3578,1,3578,2026-04-11 09:31:21.3300000
SO44427,BK-R93R-56,14146,2011-04-19,2011-04-26,2011-05-01,3578,1,3578,2026-04-11 09:31:21.3300000
SO44428,BK-R93R-52,28362,2011-04-19,2011-04-26,2011-05-01,3578,1,3578,2026-04-11 09:31:21.3300000
SO44429,BK-R93R-56,28583,2011-04-19,2011-04-26,2011-05-01,3578,1,3578,2026-04-11 09:31:21.3300000
SO44430,BK-R93R-52,17927,2011-04-19,2011-04-26,2011-05-01,3578,1,3578,2026-04-11 09:31:21.3300000
SO44431,BK-R93R-48,17725,2011-04-19,2011-04-26,2011-05-01,3578,1,3578,2026-04-11 09:31:21.3300000
SO44432,BK-R93R-56,14165,2011-04-20,2011-04-27,2011-05-02,3578,1,3578,2026-04-11 09:31:21.3300000
SO44433,BK-R93R-48,28270,2011-04-20,2011-04-27,2011-05-02,3578,1,3578,2026-04-11 09:31:21.3300000
SO44434,BK-R93R-62,28580,2011-04-20,2011-04-27,2011-05-02,3578,1,3578,2026-04-11 09:31:21.3300000
SO44435,BK-R93R-48,28573,2011-04-21,2011-04-28,2011-05-03,3578,1,3578,2026-04-11 09:31:21.3300000
SO44436,BK-R50R-60,26630,2011-04-21,2011-04-28,2011-05-03,699,1,699,2026-04-11 09:31:21.3300000
SO44437,BK-M82S-38,11076,2011-04-21,2011-04-28,2011-05-03,3400,1,3400,2026-04-11 09:31:21.3300000
SO44438,BK-R93R-48,17909,2011-04-21,2011-04-28,2011-05-03,3578,1,3578,2026-04-11 09:31:21.3300000
SO44439,BK-R93R-62,14195,2011-04-22,2011-04-29,2011-05-04,3578,1,3578,2026-04-11 09:31:21.3300000
SO44440,BK-R93R-48,12261,2011-04-22,2011-04-29,2011-05-04,3578,1,3578,2026-04-11 09:31:21.3300000
SO44441,BK-R93R-48,22118,2011-04-22,2011-04-29,2011-05-04,3578,1,3578,2026-04-11 09:31:21.3300000
SO44442,BK-R50B-60,14599,2011-04-22,2011-04-29,2011-05-04,699,1,699,2026-04-11 09:31:21.3300000
SO44443,BK-R93R-62,17370,2011-04-22,2011-04-29,2011-05-04,3578,1,3578,2026-04-11 09:31:21.3300000
SO44444,BK-R93R-44,13697,2011-04-24,2011-05-01,2011-05-06,3578,1,3578,2026-04-11 09:31:21.3300000
SO44445,BK-R93R-56,17478,2011-04-25,2011-05-02,2011-05-07,3578,1,3578,2026-04-11 09:31:21.3300000
SO44446,BK-R93R-52,17914,2011-04-25,2011-05-02,2011-05-07,3578,1,3578,2026-04-11 09:31:21.3300000
SO44447,BK-R93R-48,12265,2011-04-26,2011-05-03,2011-05-08,3578,1,3578,2026-04-11 09:31:21.3300000
SO44448,BK-R93R-44,28264,2011-04-26,2011-05-03,2011-05-08,3578,1,3578,2026-04-11 09:31:21.3300000
SO44449,BK-R93R-48,28293,2011-04-26,2011-05-03,2011-05-08,3578,1,3578,2026-04-11 09:31:21.3300000
SO44450,BK-R93R-62,28294,2011-04-26,2011-05-03,2011-05-08,3578,1,3578,2026-04-11 09:31:21.3300000
SO44451,BK-R93R-52,28295,2011-04-26,2011-05-03,2011-05-08,3578,1,3578,2026-04-11 09:31:21.3300000
SO44452,BK-R50B-58,20164,2011-04-26,2011-05-03,2011-05-08,699,1,699,2026-04-11 09:31:21.3300000
SO44453,BK-R93R-62,17923,2011-04-26,2011-05-03,2011-05-08,3578,1,3578,2026-04-11 09:31:21.3300000
SO44454,BK-R93R-62,17926,2011-04-26,2011-05-03,2011-05-08,3578,1,3578,2026-04-11 09:31:21.3300000
SO44455,BK-R93R-48,17513,2011-04-26,2011-05-03,2011-05-08,3578,1,3578,2026-04-11 09:31:21.3300000
SO44456,BK-R50R-58,25560,2011-04-26,2011-05-03,2011-05-08,699,1,699,2026-04-11 09:31:21.3300000
SO44457,BK-R93R-44,28196,2011-04-27,2011-05-04,2011-05-09,3578,1,3578,2026-04-11 09:31:21.3300000
SO44458,BK-R93R-56,28247,2011-04-27,2011-05-04,2011-05-09,3578,1,3578,2026-04-11 09:31:21.3300000
SO44459,BK-R93R-56,28288,2011-04-27,2011-05-04,2011-05-09,3578,1,3578,2026-04-11 09:31:21.3300000
SO44460,BK-R50B-60,20150,2011-04-27,2011-05-04,2011-05-09,699,1,699,2026-04-11 09:31:21.3300000
SO44461,BK-R93R-52,17918,2011-04-27,2011-05-04,2011-05-09,3578,1,3578,2026-04-11 09:31:21.3300000
SO44462,BK-R93R-44,14155,2011-04-28,2011-05-05,2011-05-10,3578,1,3578,2026-04-11 09:31:21.3300000
SO44463,BK-R50B-58,19340,2011-04-28,2011-05-05,2011-05-10,699,1,699,2026-04-11 09:31:21.3300000
SO44464,BK-R93R-56,22120,2011-04-28,2011-05-05,2011-05-10,3578,1,3578,2026-04-11 09:31:21.3300000
SO44465,BK-R50R-58,14613,2011-04-28,2011-05-05,2011-05-10,699,1,699,2026-04-11 09:31:21.3300000
SO44466,BK-R50B-60,26640,2011-04-28,2011-05-05,2011-05-10,699,1,699,2026-04-11 09:31:21.3300000
SO44467,BK-M82S-44,11070,2011-04-28,2011-05-05,2011-05-10,3400,1,3400,2026-04-11 09:31:21.3300000
SO44468,BK-M82B-48,11075,2011-04-28,2011-05-05,2011-05-10,3375,1,3375,2026-04-11 09:31:21.3300000
SO44469,BK-R93R-56,17734,2011-04-28,2011-05-05,2011-05-10,3578,1,3578,2026-04-11 09:31:21.3300000
SO44470,BK-R93R-52,17735,2011-04-28,2011-05-05,2011-05-10,3578,1,3578,2026-04-11 09:31:21.3300000
SO44471,BK-R50R-60,25561,2011-04-28,2011-05-05,2011-05-10,699,1,699,2026-04-11 09:31:21.3300000
SO44472,BK-R93R-48,13685,2011-04-29,2011-05-06,2011-05-11,3578,1,3578,2026-04-11 09:31:21.3300000
SO44473,BK-R93R-48,28255,2011-04-29,2011-05-06,2011-05-11,3578,1,3578,2026-04-11 09:31:21.3300000
SO44474,BK-R50R-52,14601,2011-04-29,2011-05-06,2011-05-11,699,1,699,2026-04-11 09:31:21.3300000
SO44475,BK-M82S-42,11101,2011-04-29,2011-05-06,2011-05-11,3400,1,3400,2026-04-11 09:31:21.3300000
SO44476,BK-R93R-56,17913,2011-04-29,2011-05-06,2011-05-11,3578,1,3578,2026-04-11 09:31:21.3300000
SO44477,BK-R93R-62,17922,2011-04-29,2011-05-06,2011-05-11,3578,1,3578,2026-04-11 09:31:21.3300000
SO44478,BK-R93R-56,17726,2011-04-29,2011-05-06,2011-05-11,3578,1,3578,2026-04-11 09:31:21.3300000
SO44479,BK-M82B-44,29391,2011-04-30,2011-05-07,2011-05-12,3375,1,3375,2026-04-11 09:31:21.3300000
SO44480,BK-M82B-44,25891,2011-04-30,2011-05-07,2011-05-12,3375,1,3375,2026-04-11 09:31:21.3300000
SO44571,BK-M82S-48,29448,2011-05-01,2011-05-08,2011-05-13,3400,1,3400,2026-04-11 09:31:21.3300000
SO44572,BK-R93R-56,28664,2011-05-01,2011-05-08,2011-05-13,3578,1,3578,2026-04-11 09:31:21.3300000
SO44573,BK-M82S-48,25917,2011-05-01,2011-05-08,2011-05-13,3400,1,3400,2026-04-11 09:31:21.3300000
SO44574,BK-M82B-42,11107,2011-05-01,2011-05-08,2011-05-13,3375,1,3375,2026-04-11 09:31:21.3300000
SO44575,BK-M82S-38,11110,2011-05-01,2011-05-08,2011-05-13,3400,1,3400,2026-04-11 09:31:21.3300000
SO44576,BK-R93R-52,28660,2011-05-01,2011-05-08,2011-05-13,3578,1,3578,2026-04-11 09:31:21.3300000
SO44577,BK-R93R-56,28667,2011-05-02,2011-05-09,2011-05-14,3578,1,3578,2026-04-11 09:31:21.3300000
SO44578,BK-R93R-56,28653,2011-05-02,2011-05-09,2011-05-14,3578,1,3578,2026-04-11 09:31:21.3300000
SO44579,BK-R93R-48,28662,2011-05-02,2011-05-09,2011-05-14,3578,1,3578,2026-04-11 09:31:21.3300000
SO44580,BK-R93R-56,13782,2011-05-03,2011-05-10,2011-05-15,3578,1,3578,2026-04-11 09:31:21.3300000
SO44581,BK-M82B-38,11108,2011-05-03,2011-05-10,2011-05-15,3375,1,3375,2026-04-11 09:31:21.3300000
SO44582,BK-M82S-44,11134,2011-05-03,2011-05-10,2011-05-15,3400,1,3400,2026-04-11 09:31:21.3300000
SO44583,BK-R93R-62,18210,2011-05-03,2011-05-10,2011-05-15,3578,1,3578,2026-04-11 09:31:21.3300000
SO44584,BK-R93R-52,28671,2011-05-04,2011-05-11,2011-05-16,3578,1,3578,2026-04-11 09:31:21.3300000
SO44585,BK-R93R-48,28790,2011-05-04,2011-05-11,2011-05-16,3578,1,3578,2026-04-11 09:31:21.3300000
SO44586,BK-R93R-56,28794,2011-05-04,2011-05-11,2011-05-16,3578,1,3578,2026-04-11 09:31:21.3300000
SO44587,BK-R93R-44,28627,2011-05-04,2011-05-11,2011-05-16,3578,1,3578,2026-04-11 09:31:21.3300000
SO44588,BK-R50B-52,26683,2011-05-04,2011-05-11,2011-05-16,699,1,699,2026-04-11 09:31:21.3300000
SO44589,BK-M82S-44,11104,2011-05-04,2011-05-11,2011-05-16,3400,1,3400,2026-04-11 09:31:21.3300000
SO44590,BK-R93R-62,13795,2011-05-05,2011-05-12,2011-05-17,3578,1,3578,2026-04-11 09:31:21.3300000
SO44591,BK-R50R-52,17987,2011-05-05,2011-05-12,2011-05-17,699,1,699,2026-04-11 09:31:21.3300000
SO44592,BK-R93R-56,28761,2011-05-05,2011-05-12,2011-05-17,3578,1,3578,2026-04-11 09:31:21.3300000
SO44593,BK-R93R-52,28645,2011-05-05,2011-05-12,2011-05-17,3578,1,3578,2026-04-11 09:31:21.3300000
SO44594,BK-R93R-62,18250,2011-05-05,2011-05-12,2011-05-17,3578,1,3578,2026-04-11 09:31:21.3300000
SO44595,BK-M82S-42,11124,2011-05-05,2011-05-12,2011-05-17,3400,1,3400,2026-04-11 09:31:21.3300000
SO44596,BK-R93R-52,18238,2011-05-05,2011-05-12,2011-05-17,3578,1,3578,2026-04-11 09:31:21.3300000
SO44597,BK-R93R-62,12290,2011-05-06,2011-05-13,2011-05-18,3578,1,3578,2026-04-11 09:31:21.3300000
SO44598,BK-M82B-38,29400,2011-05-06,2011-05-13,2011-05-18,3375,1,3375,2026-04-11 09:31:21.3300000
SO44599,BK-R93R-62,28792,2011-05-06,2011-05-13,2011-05-18,3578,1,3578,2026-04-11 09:31:21.3300000
SO44600,BK-R93R-56,18243,2011-05-06,2011-05-13,2011-05-18,3578,1,3578,2026-04-11 09:31:21.3300000
SO44601,BK-M82S-42,11117,2011-05-06,2011-05-13,2011-05-18,3400,1,3400,2026-04-11 09:31:21.3300000
SO44602,BK-R93R-56,14702,2011-05-07,2011-05-14,2011-05-19,3578,1,3578,2026-04-11 09:31:21.3300000
SO44603,BK-R50B-52,20167,2011-05-07,2011-05-14,2011-05-19,699,1,699,2026-04-11 09:31:21.3300000
SO44604,BK-R50R-60,19364,2011-05-07,2011-05-14,2011-05-19,699,1,699,2026-04-11 09:31:21.3300000
SO44605,BK-R93R-56,28672,2011-05-07,2011-05-14,2011-05-19,3578,1,3578,2026-04-11 09:31:21.3300000
SO44606,BK-R93R-52,28772,2011-05-07,2011-05-14,2011-05-19,3578,1,3578,2026-04-11 09:31:21.3300000
SO44607,BK-R93R-62,28774,2011-05-07,2011-05-14,2011-05-19,3578,1,3578,2026-04-11 09:31:21.3300000
SO44608,BK-R93R-52,18200,2011-05-07,2011-05-14,2011-05-19,3578,1,3578,2026-04-11 09:31:21.3300000
SO44609,BK-R93R-44,18220,2011-05-07,2011-05-14,2011-05-19,3578,1,3578,2026-04-11 09:31:21.3300000
SO44610,BK-R93R-52,18241,2011-05-07,2011-05-14,2011-05-19,3578,1,3578,2026-04-11 09:31:21.3300000
SO44611,BK-R93R-56,13778,2011-05-08,2011-05-15,2011-05-20,3578,1,3578,2026-04-11 09:31:21.3300000
SO44612,BK-R93R-44,28675,2011-05-08,2011-05-15,2011-05-20,3578,1,3578,2026-04-11 09:31:21.3300000
SO44613,BK-R93R-52,28628,2011-05-08,2011-05-15,2011-05-20,3578,1,3578,2026-04-11 09:31:21.3300000
SO44614,BK-R93R-48,28650,2011-05-08,2011-05-15,2011-05-20,3578,1,3578,2026-04-11 09:31:21.3300000
SO44615,BK-R93R-56,28654,2011-05-08,2011-05-15,2011-05-20,3578,1,3578,2026-04-11 09:31:21.3300000
SO44616,BK-R93R-56,28655,2011-05-08,2011-05-15,2011-05-20,3578,1,3578,2026-04-11 09:31:21.3300000
SO44617,BK-R93R-52,28666,2011-05-08,2011-05-15,2011-05-20,3578,1,3578,2026-04-11 09:31:21.3300000
SO44618,BK-R93R-56,18205,2011-05-08,2011-05-15,2011-05-20,3578,1,3578,2026-04-11 09:31:21.3300000
SO44619,BK-R93R-48,13789,2011-05-09,2011-05-16,2011-05-21,3578,1,3578,2026-04-11 09:31:21.3300000
SO44620,BK-R93R-48,18204,2011-05-09,2011-05-16,2011-05-21,3578,1,3578,2026-04-11 09:31:21.3300000
SO44621,BK-R93R-52,18217,2011-05-09,2011-05-16,2011-05-21,3578,1,3578,2026-04-11 09:31:21.3300000
SO44622,BK-R93R-44,13771,2011-05-09,2011-05-16,2011-05-21,3578,1,3578,2026-04-11 09:31:21.3300000
SO44623,BK-R93R-48,12301,2011-05-10,2011-05-17,2011-05-22,3578,1,3578,2026-04-11 09:31:21.3300000
SO44624,BK-R50B-52,19357,2011-05-10,2011-05-17,2011-05-22,699,1,699,2026-04-11 09:31:21.3300000
SO44625,BK-R93R-56,28658,2011-05-10,2011-05-17,2011-05-22,3578,1,3578,2026-04-11 09:31:21.3300000
SO44626,BK-R93R-52,18272,2011-05-10,2011-05-17,2011-05-22,3578,1,3578,2026-04-11 09:31:21.3300000
SO44627,BK-M82B-42,11109,2011-05-10,2011-05-17,2011-05-22,3375,1,3375,2026-04-11 09:31:21.3300000
SO44628,BK-M82B-38,11356,2011-05-10,2011-05-17,2011-05-22,3375,1,3375,2026-04-11 09:31:21.3300000
SO44629,BK-R93R-44,18209,2011-05-10,2011-05-17,2011-05-22,3578,1,3578,2026-04-11 09:31:21.3300000
SO44630,BK-R93R-48,28765,2011-05-11,2011-05-18,2011-05-23,3578,1,3578,2026-04-11 09:31:21.3300000
SO44631,BK-R93R-62,28629,2011-05-11,2011-05-18,2011-05-23,3578,1,3578,2026-04-11 09:31:21.3300000
SO44632,BK-R93R-56,18196,2011-05-11,2011-05-18,2011-05-23,3578,1,3578,2026-04-11 09:31:21.3300000
SO44633,BK-R93R-62,18203,2011-05-11,2011-05-18,2011-05-23,3578,1,3578,2026-04-11 09:31:21.3300000
SO44634,BK-R93R-44,18213,2011-05-11,2011-05-18,2011-05-23,3578,1,3578,2026-04-11 09:31:21.3300000
SO44635,BK-R93R-62,18218,2011-05-11,2011-05-18,2011-05-23,3578,1,3578,2026-04-11 09:31:21.3300000
SO44636,BK-R93R-56,14705,2011-05-12,2011-05-19,2011-05-24,3578,1,3578,2026-04-11 09:31:21.3300000
SO44637,BK-R93R-44,28644,2011-05-12,2011-05-19,2011-05-24,3578,1,3578,2026-04-11 09:31:21.3300000
SO44638,BK-R93R-62,28651,2011-05-12,2011-05-19,2011-05-24,3578,1,3578,2026-04-11 09:31:21.3300000
SO44639,BK-R50R-52,14617,2011-05-12,2011-05-19,2011-05-24,699,1,699,2026-04-11 09:31:21.3300000
SO44640,BK-R93R-52,18246,2011-05-12,2011-05-19,2011-05-24,3578,1,3578,2026-04-11 09:31:21.3300000
SO44641,BK-R93R-52,18255,2011-05-12,2011-05-19,2011-05-24,3578,1,3578,2026-04-11 09:31:21.3300000
SO44642,BK-R50R-52,25567,2011-05-12,2011-05-19,2011-05-24,699,1,699,2026-04-11 09:31:21.3300000
SO44643,BK-R93R-56,12280,2011-05-13,2011-05-20,2011-05-25,3578,1,3578,2026-04-11 09:31:21.3300000
SO44644,BK-R93R-44,12279,2011-05-13,2011-05-20,2011-05-25,3578,1,3578,2026-04-11 09:31:21.3300000
SO44645,BK-M82S-38,11344,2011-05-13,2011-05-20,2011-05-25,3400,1,3400,2026-04-11 09:31:21.3300000
SO44646,BK-M82S-38,29449,2011-05-13,2011-05-20,2011-05-25,3400,1,3400,2026-04-11 09:31:21.3300000
SO44647,BK-R93R-48,28770,2011-05-13,2011-05-20,2011-05-25,3578,1,3578,2026-04-11 09:31:21.3300000
SO44648,BK-M82S-38,25916,2011-05-13,2011-05-20,2011-05-25,3400,1,3400,2026-04-11 09:31:21.3300000
SO44649,BK-M82S-38,25924,2011-05-13,2011-05-20,2011-05-25,3400,1,3400,2026-04-11 09:31:21.3300000
SO44650,BK-M82B-48,11147,2011-05-13,2011-05-20,2011-05-25,3375,1,3375,2026-04-11 09:31:21.3300000
SO44651,BK-R93R-52,14720,2011-05-14,2011-05-21,2011-05-26,3578,1,3578,2026-04-11 09:31:21.3300000
SO44652,BK-M82B-44,28407,2011-05-14,2011-05-21,2011-05-26,3375,1,3375,2026-04-11 09:31:21.3300000
SO44653,BK-R50R-44,20170,2011-05-14,2011-05-21,2011-05-26,699,1,699,2026-04-11 09:31:21.3300000
SO44654,BK-R93R-52,28619,2011-05-14,2011-05-21,2011-05-26,3578,1,3578,2026-04-11 09:31:21.3300000
SO44655,BK-M82S-44,11105,2011-05-14,2011-05-21,2011-05-26,3400,1,3400,2026-04-11 09:31:21.3300000
SO44656,BK-R93R-44,18275,2011-05-14,2011-05-21,2011-05-26,3578,1,3578,2026-04-11 09:31:21.3300000
SO44657,BK-M82B-44,11120,2011-05-14,2011-05-21,2011-05-26,3375,1,3375,2026-04-11 09:31:21.3300000
SO44658,BK-R93R-48,18201,2011-05-14,2011-05-21,2011-05-26,3578,1,3578,2026-04-11 09:31:21.3300000
SO44659,BK-R93R-52,18208,2011-05-14,2011-05-21,2011-05-26,3578,1,3578,2026-04-11 09:31:21.3300000
SO44660,BK-R93R-62,28775,2011-05-15,2011-05-22,2011-05-27,3578,1,3578,2026-04-11 09:31:21.3300000
SO44661,BK-R50B-62,14639,2011-05-15,2011-05-22,2011-05-27,699,1,699,2026-04-11 09:31:21.3300000
SO44662,BK-M82B-42,11151,2011-05-15,2011-05-22,2011-05-27,3375,1,3375,2026-04-11 09:31:21.3300000
SO44663,BK-R93R-52,18212,2011-05-15,2011-05-22,2011-05-27,3578,1,3578,2026-04-11 09:31:21.3300000
SO44664,BK-R93R-44,18222,2011-05-15,2011-05-22,2011-05-27,3578,1,3578,2026-04-11 09:31:21.3300000
SO44665,BK-R50B-60,25564,2011-05-15,2011-05-22,2011-05-27,699,1,699,2026-04-11 09:31:21.3300000
SO44666,BK-R93R-52,28763,2011-05-16,2011-05-23,2011-05-28,3578,1,3578,2026-04-11 09:31:21.3300000
SO44667,BK-R93R-62,28795,2011-05-16,2011-05-23,2011-05-28,3578,1,3578,2026-04-11 09:31:21.3300000
SO44668,BK-R93R-52,28621,2011-05-16,2011-05-23,2011-05-28,3578,1,3578,2026-04-11 09:31:21.3300000
SO44669,BK-M82B-44,25942,2011-05-16,2011-05-23,2011-05-28,3375,1,3375,2026-04-11 09:31:21.3300000
SO44670,BK-R93R-52,18245,2011-05-16,2011-05-23,2011-05-28,3578,1,3578,2026-04-11 09:31:21.3300000
SO44671,BK-R93R-44,18268,2011-05-16,2011-05-23,2011-05-28,3578,1,3578,2026-04-11 09:31:21.3300000
SO44672,BK-R93R-62,18207,2011-05-16,2011-05-23,2011-05-28,3578,1,3578,2026-04-11 09:31:21.3300000
SO44673,BK-R93R-56,13790,2011-05-17,2011-05-24,2011-05-29,3578,1,3578,2026-04-11 09:31:21.3300000
SO44674,BK-R93R-56,28635,2011-05-17,2011-05-24,2011-05-29,3578,1,3578,2026-04-11 09:31:21.3300000
SO44675,BK-R50B-62,25566,2011-05-17,2011-05-24,2011-05-29,699,1,699,2026-04-11 09:31:21.3300000
SO44676,BK-R93R-48,18198,2011-05-17,2011-05-24,2011-05-29,3578,1,3578,2026-04-11 09:31:21.3300000
SO44677,BK-R93R-62,22233,2011-05-18,2011-05-25,2011-05-30,3578,1,3578,2026-04-11 09:31:21.3300000
SO44678,BK-R93R-62,22121,2011-05-18,2011-05-25,2011-05-30,3578,1,3578,2026-04-11 09:31:21.3300000
SO44679,BK-M82S-44,11106,2011-05-18,2011-05-25,2011-05-30,3400,1,3400,2026-04-11 09:31:21.3300000
SO44680,BK-R93R-48,12296,2011-05-19,2011-05-26,2011-05-31,3578,1,3578,2026-04-11 09:31:21.3300000
SO44681,BK-R50B-52,17982,2011-05-19,2011-05-26,2011-05-31,699,1,699,2026-04-11 09:31:21.3300000
SO44682,BK-R93R-62,28797,2011-05-19,2011-05-26,2011-05-31,3578,1,3578,2026-04-11 09:31:21.3300000
SO44683,BK-R93R-48,28799,2011-05-19,2011-05-26,2011-05-31,3578,1,3578,2026-04-11 09:31:21.3300000
SO44684,BK-R93R-62,28643,2011-05-19,2011-05-26,2011-05-31,3578,1,3578,2026-04-11 09:31:21.3300000
SO44685,BK-R93R-62,18249,2011-05-19,2011-05-26,2011-05-31,3578,1,3578,2026-04-11 09:31:21.3300000
SO44686,BK-R93R-52,14712,2011-05-20,2011-05-27,2011-06-01,3578,1,3578,2026-04-11 09:31:21.3300000
SO44687,BK-R50B-52,20172,2011-05-20,2011-05-27,2011-06-01,699,1,699,2026-04-11 09:31:21.3300000
SO44688,BK-R93R-62,18244,2011-05-20,2011-05-27,2011-06-01,3578,1,3578,2026-04-11 09:31:21.3300000
SO44689,BK-R93R-62,18269,2011-05-20,2011-05-27,2011-06-01,3578,1,3578,2026-04-11 09:31:21.3300000
SO44690,BK-M82S-38,11111,2011-05-20,2011-05-27,2011-06-01,3400,1,3400,2026-04-11 09:31:21.3300000
SO44691,BK-M82S-44,28414,2011-05-21,2011-05-28,2011-06-02,3400,1,3400,2026-04-11 09:31:21.3300000
SO44692,BK-R93R-44,28670,2011-05-21,2011-05-28,2011-06-02,3578,1,3578,2026-04-11 09:31:21.3300000
SO44693,BK-R93R-44,28676,2011-05-21,2011-05-28,2011-06-02,3578,1,3578,2026-04-11 09:31:21.3300000
SO44694,BK-R93R-44,22232,2011-05-21,2011-05-28,2011-06-02,3578,1,3578,2026-04-11 09:31:21.3300000
SO44695,BK-M82S-44,19855,2011-05-21,2011-05-28,2011-06-02,3400,1,3400,2026-04-11 09:31:21.3300000
SO44696,BK-R93R-52,18254,2011-05-21,2011-05-28,2011-06-02,3578,1,3578,2026-04-11 09:31:21.3300000
SO44697,BK-R93R-62,18219,2011-05-22,2011-05-29,2011-06-03,3578,1,3578,2026-04-11 09:31:21.3300000
SO44698,BK-R50R-44,25565,2011-05-22,2011-05-29,2011-06-03,699,1,699,2026-04-11 09:31:21.3300000
SO44699,BK-R93R-52,22234,2011-05-23,2011-05-30,2011-06-04,3578,1,3578,2026-04-11 09:31:21.3300000
SO44700,BK-R93R-56,28769,2011-05-23,2011-05-30,2011-06-04,3578,1,3578,2026-04-11 09:31:21.3300000
SO44701,BK-R50B-62,14636,2011-05-23,2011-05-30,2011-06-04,699,1,699,2026-04-11 09:31:21.3300000
SO44702,BK-R93R-56,18260,2011-05-23,2011-05-30,2011-06-04,3578,1,3578,2026-04-11 09:31:21.3300000
SO44703,BK-R93R-44,12300,2011-05-24,2011-05-31,2011-06-05,3578,1,3578,2026-04-11 09:31:21.3300000
SO44704,BK-M82B-44,29403,2011-05-24,2011-05-31,2011-06-05,3375,1,3375,2026-04-11 09:31:21.3300000
SO44705,BK-R93R-44,28678,2011-05-24,2011-05-31,2011-06-05,3578,1,3578,2026-04-11 09:31:21.3300000
SO44706,BK-R93R-44,28618,2011-05-24,2011-05-31,2011-06-05,3578,1,3578,2026-04-11 09:31:21.3300000
SO44707,BK-R93R-44,28649,2011-05-24,2011-05-31,2011-06-05,3578,1,3578,2026-04-11 09:31:21.3300000
SO44708,BK-M82B-44,25909,2011-05-24,2011-05-31,2011-06-05,3375,1,3375,2026-04-11 09:31:21.3300000
SO44709,BK-R93R-44,18240,2011-05-24,2011-05-31,2011-06-05,3578,1,3578,2026-04-11 09:31:21.3300000
SO44710,BK-R93R-52,28674,2011-05-25,2011-06-01,2011-06-06,3578,1,3578,2026-04-11 09:31:21.3300000
SO44711,BK-R93R-62,18248,2011-05-25,2011-06-01,2011-06-06,3578,1,3578,2026-04-11 09:31:21.3300000
SO44712,BK-M82B-38,11112,2011-05-25,2011-06-01,2011-06-06,3375,1,3375,2026-04-11 09:31:21.3300000
SO44713,BK-R93R-52,22128,2011-05-26,2011-06-02,2011-06-07,3578,1,3578,2026-04-11 09:31:21.3300000
SO44714,BK-R93R-52,28657,2011-05-26,2011-06-02,2011-06-07,3578,1,3578,2026-04-11 09:31:21.3300000
SO44715,BK-R93R-56,22182,2011-05-26,2011-06-02,2011-06-07,3578,1,3578,2026-04-11 09:31:21.3300000
SO44716,BK-R93R-56,22230,2011-05-26,2011-06-02,2011-06-07,3578,1,3578,2026-04-11 09:31:21.3300000
SO44717,BK-R50B-62,14616,2011-05-26,2011-06-02,2011-06-07,699,1,699,2026-04-11 09:31:21.3300000
SO44718,BK-R93R-56,18239,2011-05-26,2011-06-02,2011-06-07,3578,1,3578,2026-04-11 09:31:21.3300000
SO44719,BK-R93R-52,14700,2011-05-27,2011-06-03,2011-06-08,3578,1,3578,2026-04-11 09:31:21.3300000
SO44720,BK-R93R-44,28625,2011-05-27,2011-06-03,2011-06-08,3578,1,3578,2026-04-11 09:31:21.3300000
SO44721,BK-R50B-52,26643,2011-05-27,2011-06-03,2011-06-08,699,1,699,2026-04-11 09:31:21.3300000
SO44722,BK-R93R-62,13774,2011-05-28,2011-06-04,2011-06-09,3578,1,3578,2026-04-11 09:31:21.3300000
SO44723,BK-M82S-42,29410,2011-05-28,2011-06-04,2011-06-09,3400,1,3400,2026-04-11 09:31:21.3300000
SO44724,BK-R93R-56,28665,2011-05-28,2011-06-04,2011-06-09,3578,1,3578,2026-04-11 09:31:21.3300000
SO44725,BK-M82S-42,25910,2011-05-28,2011-06-04,2011-06-09,3400,1,3400,2026-04-11 09:31:21.3300000
SO44726,BK-R50B-58,14614,2011-05-28,2011-06-04,2011-06-09,699,1,699,2026-04-11 09:31:21.3300000
SO44727,BK-R93R-52,18273,2011-05-28,2011-06-04,2011-06-09,3578,1,3578,2026-04-11 09:31:21.3300000
SO44728,BK-M82S-38,11126,2011-05-28,2011-06-04,2011-06-09,3400,1,3400,2026-04-11 09:31:21.3300000
SO44729,BK-R93R-62,12307,2011-05-29,2011-06-05,2011-06-10,3578,1,3578,2026-04-11 09:31:21.3300000
SO44730,BK-R93R-44,14697,2011-05-29,2011-06-05,2011-06-10,3578,1,3578,2026-04-11 09:31:21.3300000
SO44731,BK-R93R-48,28661,2011-05-29,2011-06-05,2011-06-10,3578,1,3578,2026-04-11 09:31:21.3300000
SO44732,BK-R93R-48,18251,2011-05-29,2011-06-05,2011-06-10,3578,1,3578,2026-04-11 09:31:21.3300000
SO44733,BK-R93R-52,18214,2011-05-29,2011-06-05,2011-06-10,3578,1,3578,2026-04-11 09:31:21.3300000
SO44734,BK-R93R-52,12285,2011-05-30,2011-06-06,2011-06-11,3578,1,3578,2026-04-11 09:31:21.3300000
SO44735,BK-R93R-44,28673,2011-05-30,2011-06-06,2011-06-11,3578,1,3578,2026-04-11 09:31:21.3300000
SO44736,BK-R50R-48,14634,2011-05-30,2011-06-06,2011-06-11,699,1,699,2026-04-11 09:31:21.3300000
SO44737,BK-R93R-56,18242,2011-05-30,2011-06-06,2011-06-11,3578,1,3578,2026-04-11 09:31:21.3300000
SO44738,BK-R93R-52,18252,2011-05-30,2011-06-06,2011-06-11,3578,1,3578,2026-04-11 09:31:21.3300000
SO44739,BK-R93R-48,18202,2011-05-30,2011-06-06,2011-06-11,3578,1,3578,2026-04-11 09:31:21.3300000
SO44803,BK-R93R-62,12383,2011-05-31,2011-06-07,2011-06-12,3578,1,3578,2026-04-11 09:31:21.3300000
SO44804,BK-R93R-62,28829,2011-05-31,2011-06-07,2011-06-12,3578,1,3578,2026-04-11 09:31:21.3300000
SO44805,BK-R93R-56,29011,2011-05-31,2011-06-07,2011-06-12,3578,1,3578,2026-04-11 09:31:21.3300000
SO44806,BK-R93R-44,18452,2011-05-31,2011-06-07,2011-06-12,3578,1,3578,2026-04-11 09:31:21.3300000
SO44807,BK-M82B-44,11365,2011-05-31,2011-06-07,2011-06-12,3375,1,3375,2026-04-11 09:31:21.3300000
SO44808,BK-R93R-44,13836,2011-06-01,2011-06-08,2011-06-13,3578,1,3578,2026-04-11 09:31:21.3300000
SO44809,BK-R50B-52,20552,2011-06-01,2011-06-08,2011-06-13,699,1,699,2026-04-11 09:31:21.3300000
SO44810,BK-R93R-44,29126,2011-06-01,2011-06-08,2011-06-13,3578,1,3578,2026-04-11 09:31:21.3300000
SO44811,BK-R93R-44,22732,2011-06-01,2011-06-08,2011-06-13,3578,1,3578,2026-04-11 09:31:21.3300000
SO44812,BK-R93R-56,28988,2011-06-01,2011-06-08,2011-06-13,3578,1,3578,2026-04-11 09:31:21.3300000
SO44813,BK-R93R-48,18695,2011-06-01,2011-06-08,2011-06-13,3578,1,3578,2026-04-11 09:31:21.3300000
SO44814,BK-R93R-52,18281,2011-06-01,2011-06-08,2011-06-13,3578,1,3578,2026-04-11 09:31:21.3300000
SO44815,BK-M82B-48,11444,2011-06-01,2011-06-08,2011-06-13,3375,1,3375,2026-04-11 09:31:21.3300000
SO44816,BK-R93R-48,12321,2011-06-02,2011-06-09,2011-06-14,3578,1,3578,2026-04-11 09:31:21.3300000
SO44817,BK-R93R-48,14777,2011-06-02,2011-06-09,2011-06-14,3578,1,3578,2026-04-11 09:31:21.3300000
SO44818,BK-R93R-52,28827,2011-06-02,2011-06-09,2011-06-14,3578,1,3578,2026-04-11 09:31:21.3300000
SO44819,BK-R93R-52,28853,2011-06-02,2011-06-09,2011-06-14,3578,1,3578,2026-04-11 09:31:21.3300000
SO44820,BK-M82B-44,25972,2011-06-02,2011-06-09,2011-06-14,3375,1,3375,2026-04-11 09:31:21.3300000
SO44821,BK-M82S-42,25975,2011-06-02,2011-06-09,2011-06-14,3400,1,3400,2026-04-11 09:31:21.3300000
SO44822,BK-R93R-44,18486,2011-06-02,2011-06-09,2011-06-14,3578,1,3578,2026-04-11 09:31:21.3300000
SO44823,BK-R93R-52,18488,2011-06-02,2011-06-09,2011-06-14,3578,1,3578,2026-04-11 09:31:21.3300000
SO44824,BK-R93R-48,18694,2011-06-02,2011-06-09,2011-06-14,3578,1,3578,2026-04-11 09:31:21.3300000
SO44825,BK-R93R-48,18309,2011-06-02,2011-06-09,2011-06-14,3578,1,3578,2026-04-11 09:31:21.3300000
SO44826,BK-R93R-56,12308,2011-06-03,2011-06-10,2011-06-15,3578,1,3578,2026-04-11 09:31:21.3300000
SO44827,BK-M82S-38,25973,2011-06-03,2011-06-10,2011-06-15,3400,1,3400,2026-04-11 09:31:21.3300000
SO44828,BK-R93R-48,28997,2011-06-03,2011-06-10,2011-06-15,3578,1,3578,2026-04-11 09:31:21.3300000
SO44829,BK-R50B-60,14643,2011-06-03,2011-06-10,2011-06-15,699,1,699,2026-04-11 09:31:21.3300000
SO44830,BK-R93R-56,18337,2011-06-03,2011-06-10,2011-06-15,3578,1,3578,2026-04-11 09:31:21.3300000
SO44831,BK-M82B-44,29467,2011-06-04,2011-06-11,2011-06-16,3375,1,3375,2026-04-11 09:31:21.3300000
SO44832,BK-R93R-44,28804,2011-06-04,2011-06-11,2011-06-16,3578,1,3578,2026-04-11 09:31:21.3300000
SO44833,BK-R93R-62,28842,2011-06-04,2011-06-11,2011-06-16,3578,1,3578,2026-04-11 09:31:21.3300000
SO44834,BK-M82B-44,25952,2011-06-04,2011-06-11,2011-06-16,3375,1,3375,2026-04-11 09:31:21.3300000
SO44835,BK-R93R-44,18338,2011-06-04,2011-06-11,2011-06-16,3578,1,3578,2026-04-11 09:31:21.3300000
SO44836,BK-R93R-56,18465,2011-06-04,2011-06-11,2011-06-16,3578,1,3578,2026-04-11 09:31:21.3300000
SO44837,BK-R93R-48,13808,2011-06-05,2011-06-12,2011-06-17,3578,1,3578,2026-04-11 09:31:21.3300000
SO44838,BK-R93R-44,14138,2011-06-05,2011-06-12,2011-06-17,3578,1,3578,2026-04-11 09:31:21.3300000
SO44839,BK-R93R-56,28825,2011-06-05,2011-06-12,2011-06-17,3578,1,3578,2026-04-11 09:31:21.3300000
SO44840,BK-R93R-56,28857,2011-06-05,2011-06-12,2011-06-17,3578,1,3578,2026-04-11 09:31:21.3300000
SO44841,BK-R93R-56,18335,2011-06-05,2011-06-12,2011-06-17,3578,1,3578,2026-04-11 09:31:21.3300000
SO44842,BK-R93R-62,14140,2011-06-06,2011-06-13,2011-06-18,3578,1,3578,2026-04-11 09:31:21.3300000
SO44843,BK-R93R-48,29058,2011-06-06,2011-06-13,2011-06-18,3578,1,3578,2026-04-11 09:31:21.3300000
SO44844,BK-R93R-56,29139,2011-06-06,2011-06-13,2011-06-18,3578,1,3578,2026-04-11 09:31:21.3300000
SO44845,BK-R93R-52,28845,2011-06-06,2011-06-13,2011-06-18,3578,1,3578,2026-04-11 09:31:21.3300000
SO44846,BK-R93R-56,18334,2011-06-06,2011-06-13,2011-06-18,3578,1,3578,2026-04-11 09:31:21.3300000
SO44847,BK-M82S-44,11445,2011-06-06,2011-06-13,2011-06-18,3400,1,3400,2026-04-11 09:31:21.3300000
SO44848,BK-M82B-38,28418,2011-06-07,2011-06-14,2011-06-19,3375,1,3375,2026-04-11 09:31:21.3300000
SO44849,BK-R50R-60,17996,2011-06-07,2011-06-14,2011-06-19,699,1,699,2026-04-11 09:31:21.3300000
SO44850,BK-R50B-62,19417,2011-06-07,2011-06-14,2011-06-19,699,1,699,2026-04-11 09:31:21.3300000
SO44851,BK-R93R-62,22299,2011-06-07,2011-06-14,2011-06-19,3578,1,3578,2026-04-11 09:31:21.3300000
SO44852,BK-R93R-44,29128,2011-06-07,2011-06-14,2011-06-19,3578,1,3578,2026-04-11 09:31:21.3300000
SO44853,BK-M82B-38,19874,2011-06-07,2011-06-14,2011-06-19,3375,1,3375,2026-04-11 09:31:21.3300000
SO44854,BK-R93R-44,29004,2011-06-07,2011-06-14,2011-06-19,3578,1,3578,2026-04-11 09:31:21.3300000
SO44855,BK-R50R-58,26692,2011-06-07,2011-06-14,2011-06-19,699,1,699,2026-04-11 09:31:21.3300000
SO44856,BK-R50R-48,14651,2011-06-07,2011-06-14,2011-06-19,699,1,699,2026-04-11 09:31:21.3300000
SO44857,BK-R93R-62,18484,2011-06-07,2011-06-14,2011-06-19,3578,1,3578,2026-04-11 09:31:21.3300000
SO44858,BK-R93R-48,18487,2011-06-07,2011-06-14,2011-06-19,3578,1,3578,2026-04-11 09:31:21.3300000
SO44859,BK-R93R-62,18495,2011-06-07,2011-06-14,2011-06-19,3578,1,3578,2026-04-11 09:31:21.3300000
SO44860,BK-R93R-62,18693,2011-06-07,2011-06-14,2011-06-19,3578,1,3578,2026-04-11 09:31:21.3300000
SO44861,BK-R93R-56,18288,2011-06-07,2011-06-14,2011-06-19,3578,1,3578,2026-04-11 09:31:21.3300000
SO44862,BK-R93R-52,18457,2011-06-07,2011-06-14,2011-06-19,3578,1,3578,2026-04-11 09:31:21.3300000
SO44863,BK-R93R-62,18467,2011-06-07,2011-06-14,2011-06-19,3578,1,3578,2026-04-11 09:31:21.3300000
SO44864,BK-M82B-38,11364,2011-06-07,2011-06-14,2011-06-19,3375,1,3375,2026-04-11 09:31:21.3300000
SO44865,BK-M82B-48,11372,2011-06-07,2011-06-14,2011-06-19,3375,1,3375,2026-04-11 09:31:21.3300000
SO44866,BK-M82B-44,11443,2011-06-07,2011-06-14,2011-06-19,3375,1,3375,2026-04-11 09:31:21.3300000
SO44867,BK-R93R-52,14793,2011-06-08,2011-06-15,2011-06-20,3578,1,3578,2026-04-11 09:31:21.3300000
SO44868,BK-R93R-52,28852,2011-06-08,2011-06-15,2011-06-20,3578,1,3578,2026-04-11 09:31:21.3300000
SO44869,BK-R93R-48,18700,2011-06-08,2011-06-15,2011-06-20,3578,1,3578,2026-04-11 09:31:21.3300000
SO44870,BK-R93R-44,18301,2011-06-08,2011-06-15,2011-06-20,3578,1,3578,2026-04-11 09:31:21.3300000
SO44871,BK-M82S-42,11363,2011-06-08,2011-06-15,2011-06-20,3400,1,3400,2026-04-11 09:31:21.3300000
SO44872,BK-R93R-48,29111,2011-06-09,2011-06-16,2011-06-21,3578,1,3578,2026-04-11 09:31:21.3300000
SO44873,BK-R93R-48,28828,2011-06-09,2011-06-16,2011-06-21,3578,1,3578,2026-04-11 09:31:21.3300000
SO44874,BK-R50R-58,18004,2011-06-10,2011-06-17,2011-06-22,699,1,699,2026-04-11 09:31:21.3300000
SO44875,BK-R93R-52,29048,2011-06-10,2011-06-17,2011-06-22,3578,1,3578,2026-04-11 09:31:21.3300000
SO44876,BK-R93R-48,29056,2011-06-10,2011-06-17,2011-06-22,3578,1,3578,2026-04-11 09:31:21.3300000
SO44877,BK-R93R-44,29136,2011-06-10,2011-06-17,2011-06-22,3578,1,3578,2026-04-11 09:31:21.3300000
SO44878,BK-R93R-44,28807,2011-06-10,2011-06-17,2011-06-22,3578,1,3578,2026-04-11 09:31:21.3300000
SO44879,BK-R93R-62,28833,2011-06-10,2011-06-17,2011-06-22,3578,1,3578,2026-04-11 09:31:21.3300000
SO44880,BK-R93R-44,18470,2011-06-10,2011-06-17,2011-06-22,3578,1,3578,2026-04-11 09:31:21.3300000
SO44881,BK-R93R-52,18496,2011-06-10,2011-06-17,2011-06-22,3578,1,3578,2026-04-11 09:31:21.3300000
SO44882,BK-R93R-44,18703,2011-06-10,2011-06-17,2011-06-22,3578,1,3578,2026-04-11 09:31:21.3300000
SO44883,BK-R93R-56,18296,2011-06-10,2011-06-17,2011-06-22,3578,1,3578,2026-04-11 09:31:21.3300000
SO44884,BK-R93R-48,18308,2011-06-10,2011-06-17,2011-06-22,3578,1,3578,2026-04-11 09:31:21.3300000
SO44885,BK-R93R-62,14833,2011-06-11,2011-06-18,2011-06-23,3578,1,3578,2026-04-11 09:31:21.3300000
SO44886,BK-R93R-56,29108,2011-06-11,2011-06-18,2011-06-23,3578,1,3578,2026-04-11 09:31:21.3300000
SO44887,BK-R93R-62,28821,2011-06-11,2011-06-18,2011-06-23,3578,1,3578,2026-04-11 09:31:21.3300000
SO44888,BK-R93R-62,28838,2011-06-11,2011-06-18,2011-06-23,3578,1,3578,2026-04-11 09:31:21.3300000
SO44889,BK-M82B-38,11351,2011-06-12,2011-06-19,2011-06-24,3375,1,3375,2026-04-11 09:31:21.3300000
SO44890,BK-M82S-44,11381,2011-06-12,2011-06-19,2011-06-24,3400,1,3400,2026-04-11 09:31:21.3300000
SO44891,BK-R93R-62,28847,2011-06-12,2011-06-19,2011-06-24,3578,1,3578,2026-04-11 09:31:21.3300000
SO44892,BK-R93R-52,22267,2011-06-12,2011-06-19,2011-06-24,3578,1,3578,2026-04-11 09:31:21.3300000
SO44893,BK-R93R-56,28856,2011-06-12,2011-06-19,2011-06-24,3578,1,3578,2026-04-11 09:31:21.3300000
SO44894,BK-M82B-38,25943,2011-06-12,2011-06-19,2011-06-24,3375,1,3375,2026-04-11 09:31:21.3300000
SO44895,BK-M82B-48,25951,2011-06-12,2011-06-19,2011-06-24,3375,1,3375,2026-04-11 09:31:21.3300000
SO44896,BK-M82S-44,25964,2011-06-12,2011-06-19,2011-06-24,3400,1,3400,2026-04-11 09:31:21.3300000
SO44897,BK-R93R-56,18696,2011-06-12,2011-06-19,2011-06-24,3578,1,3578,2026-04-11 09:31:21.3300000
SO44898,BK-R93R-62,18307,2011-06-12,2011-06-19,2011-06-24,3578,1,3578,2026-04-11 09:31:21.3300000
SO44899,BK-M82B-48,11353,2011-06-12,2011-06-19,2011-06-24,3375,1,3375,2026-04-11 09:31:21.3300000
SO44900,BK-R93R-56,14778,2011-06-13,2011-06-20,2011-06-25,3578,1,3578,2026-04-11 09:31:21.3300000
SO44901,BK-R93R-52,12332,2011-06-13,2011-06-20,2011-06-25,3578,1,3578,2026-04-11 09:31:21.3300000
SO44902,BK-R93R-56,13829,2011-06-13,2011-06-20,2011-06-25,3578,1,3578,2026-04-11 09:31:21.3300000
SO44903,BK-R93R-52,18284,2011-06-13,2011-06-20,2011-06-25,3578,1,3578,2026-04-11 09:31:21.3300000
SO44904,BK-M82B-44,11359,2011-06-13,2011-06-20,2011-06-25,3375,1,3375,2026-04-11 09:31:21.3300000
SO44905,BK-R93R-48,13822,2011-06-14,2011-06-21,2011-06-26,3578,1,3578,2026-04-11 09:31:21.3300000
SO44906,BK-R93R-44,14832,2011-06-14,2011-06-21,2011-06-26,3578,1,3578,2026-04-11 09:31:21.3300000
SO44907,BK-R50R-62,19415,2011-06-14,2011-06-21,2011-06-26,699,1,699,2026-04-11 09:31:21.3300000
SO44908,BK-R93R-56,29032,2011-06-14,2011-06-21,2011-06-26,3578,1,3578,2026-04-11 09:31:21.3300000
SO44909,BK-R93R-62,28840,2011-06-14,2011-06-21,2011-06-26,3578,1,3578,2026-04-11 09:31:21.3300000
SO44910,BK-M82S-38,25969,2011-06-14,2011-06-21,2011-06-26,3400,1,3400,2026-04-11 09:31:21.3300000
SO44911,BK-M82B-42,25976,2011-06-14,2011-06-21,2011-06-26,3375,1,3375,2026-04-11 09:31:21.3300000
SO44912,BK-R93R-62,28966,2011-06-14,2011-06-21,2011-06-26,3578,1,3578,2026-04-11 09:31:21.3300000
SO44913,BK-R93R-44,18468,2011-06-14,2011-06-21,2011-06-26,3578,1,3578,2026-04-11 09:31:21.3300000
SO44914,BK-R93R-44,18491,2011-06-14,2011-06-21,2011-06-26,3578,1,3578,2026-04-11 09:31:21.3300000
SO44915,BK-R93R-48,18461,2011-06-14,2011-06-21,2011-06-26,3578,1,3578,2026-04-11 09:31:21.3300000
SO44916,BK-R93R-44,18463,2011-06-14,2011-06-21,2011-06-26,3578,1,3578,2026-04-11 09:31:21.3300000
SO44917,BK-R93R-62,13842,2011-06-15,2011-06-22,2011-06-27,3578,1,3578,2026-04-11 09:31:21.3300000
SO44918,BK-M82B-44,29466,2011-06-15,2011-06-22,2011-06-27,3375,1,3375,2026-04-11 09:31:21.3300000
SO44919,BK-R93R-62,29017,2011-06-15,2011-06-22,2011-06-27,3578,1,3578,2026-04-11 09:31:21.3300000
SO44920,BK-R50B-44,14648,2011-06-15,2011-06-22,2011-06-27,699,1,699,2026-04-11 09:31:21.3300000
SO44921,BK-R93R-48,18489,2011-06-15,2011-06-22,2011-06-27,3578,1,3578,2026-04-11 09:31:21.3300000
SO44922,BK-R93R-56,18277,2011-06-15,2011-06-22,2011-06-27,3578,1,3578,2026-04-11 09:31:21.3300000
SO44923,BK-R93R-48,18336,2011-06-15,2011-06-22,2011-06-27,3578,1,3578,2026-04-11 09:31:21.3300000
SO44924,BK-R93R-62,28830,2011-06-16,2011-06-23,2011-06-28,3578,1,3578,2026-04-11 09:31:21.3300000
SO44925,BK-R93R-52,18493,2011-06-16,2011-06-23,2011-06-28,3578,1,3578,2026-04-11 09:31:21.3300000
SO44926,BK-R50R-48,25706,2011-06-16,2011-06-23,2011-06-28,699,1,699,2026-04-11 09:31:21.3300000
SO44927,BK-M82B-38,11448,2011-06-16,2011-06-23,2011-06-28,3375,1,3375,2026-04-11 09:31:21.3300000
SO44928,BK-R93R-56,14843,2011-06-17,2011-06-24,2011-06-29,3578,1,3578,2026-04-11 09:31:21.3300000
SO44929,BK-R93R-48,12398,2011-06-17,2011-06-24,2011-06-29,3578,1,3578,2026-04-11 09:31:21.3300000
SO44930,BK-R93R-48,29110,2011-06-17,2011-06-24,2011-06-29,3578,1,3578,2026-04-11 09:31:21.3300000
SO44931,BK-R93R-48,28849,2011-06-17,2011-06-24,2011-06-29,3578,1,3578,2026-04-11 09:31:21.3300000
SO44932,BK-R93R-48,18303,2011-06-17,2011-06-24,2011-06-29,3578,1,3578,2026-04-11 09:31:21.3300000
SO44933,BK-R93R-48,18276,2011-06-17,2011-06-24,2011-06-29,3578,1,3578,2026-04-11 09:31:21.3300000
SO44934,BK-R93R-48,14771,2011-06-18,2011-06-25,2011-06-30,3578,1,3578,2026-04-11 09:31:21.3300000
SO44935,BK-R93R-48,12333,2011-06-18,2011-06-25,2011-06-30,3578,1,3578,2026-04-11 09:31:21.3300000
SO44936,BK-R93R-48,29044,2011-06-18,2011-06-25,2011-06-30,3578,1,3578,2026-04-11 09:31:21.3300000
SO44937,BK-R93R-44,22251,2011-06-18,2011-06-25,2011-06-30,3578,1,3578,2026-04-11 09:31:21.3300000
SO44938,BK-R93R-56,28851,2011-06-18,2011-06-25,2011-06-30,3578,1,3578,2026-04-11 09:31:21.3300000
SO44939,BK-R93R-56,28993,2011-06-18,2011-06-25,2011-06-30,3578,1,3578,2026-04-11 09:31:21.3300000
SO44940,BK-R93R-44,18490,2011-06-18,2011-06-25,2011-06-30,3578,1,3578,2026-04-11 09:31:21.3300000
SO44941,BK-R93R-62,18697,2011-06-18,2011-06-25,2011-06-30,3578,1,3578,2026-04-11 09:31:21.3300000
SO44942,BK-R93R-62,18701,2011-06-18,2011-06-25,2011-06-30,3578,1,3578,2026-04-11 09:31:21.3300000
SO44943,BK-R50R-52,25568,2011-06-18,2011-06-25,2011-06-30,699,1,699,2026-04-11 09:31:21.3300000
SO44944,BK-R50B-58,25707,2011-06-18,2011-06-25,2011-06-30,699,1,699,2026-04-11 09:31:21.3300000
SO44945,BK-R50R-60,25710,2011-06-18,2011-06-25,2011-06-30,699,1,699,2026-04-11 09:31:21.3300000
SO44946,BK-M82B-42,11357,2011-06-18,2011-06-25,2011-06-30,3375,1,3375,2026-04-11 09:31:21.3300000
SO44947,BK-M82S-44,11446,2011-06-18,2011-06-25,2011-06-30,3400,1,3400,2026-04-11 09:31:21.3300000
SO44948,BK-R93R-48,12395,2011-06-19,2011-06-26,2011-07-01,3578,1,3578,2026-04-11 09:31:21.3300000
SO44949,BK-M82B-42,29474,2011-06-19,2011-06-26,2011-07-01,3375,1,3375,2026-04-11 09:31:21.3300000
SO44950,BK-R93R-52,28835,2011-06-19,2011-06-26,2011-07-01,3578,1,3578,2026-04-11 09:31:21.3300000
SO44951,BK-R93R-44,28843,2011-06-19,2011-06-26,2011-07-01,3578,1,3578,2026-04-11 09:31:21.3300000
SO44952,BK-M82B-42,25955,2011-06-19,2011-06-26,2011-07-01,3375,1,3375,2026-04-11 09:31:21.3300000
SO44953,BK-R93R-48,28859,2011-06-19,2011-06-26,2011-07-01,3578,1,3578,2026-04-11 09:31:21.3300000
SO44954,BK-R93R-62,28990,2011-06-19,2011-06-26,2011-07-01,3578,1,3578,2026-04-11 09:31:21.3300000
SO44955,BK-R50B-52,25709,2011-06-19,2011-06-26,2011-07-01,699,1,699,2026-04-11 09:31:21.3300000
SO44956,BK-M82B-48,11449,2011-06-19,2011-06-26,2011-07-01,3375,1,3375,2026-04-11 09:31:21.3300000
SO44957,BK-R93R-62,22247,2011-06-20,2011-06-27,2011-07-02,3578,1,3578,2026-04-11 09:31:21.3300000
SO44958,BK-R50B-58,20173,2011-06-20,2011-06-27,2011-07-02,699,1,699,2026-04-11 09:31:21.3300000
SO44959,BK-R93R-48,29019,2011-06-20,2011-06-27,2011-07-02,3578,1,3578,2026-04-11 09:31:21.3300000
SO44960,BK-R93R-56,22373,2011-06-20,2011-06-27,2011-07-02,3578,1,3578,2026-04-11 09:31:21.3300000
SO44961,BK-R93R-52,29060,2011-06-20,2011-06-27,2011-07-02,3578,1,3578,2026-04-11 09:31:21.3300000
SO44962,BK-R93R-62,28831,2011-06-20,2011-06-27,2011-07-02,3578,1,3578,2026-04-11 09:31:21.3300000
SO44963,BK-M82S-44,25974,2011-06-20,2011-06-27,2011-07-02,3400,1,3400,2026-04-11 09:31:21.3300000
SO44964,BK-R50B-60,14647,2011-06-20,2011-06-27,2011-07-02,699,1,699,2026-04-11 09:31:21.3300000
SO44965,BK-R50B-58,14649,2011-06-20,2011-06-27,2011-07-02,699,1,699,2026-04-11 09:31:21.3300000
SO44966,BK-R93R-56,18458,2011-06-20,2011-06-27,2011-07-02,3578,1,3578,2026-04-11 09:31:21.3300000
SO44967,BK-R93R-62,14794,2011-06-21,2011-06-28,2011-07-03,3578,1,3578,2026-04-11 09:31:21.3300000
SO44968,BK-R50B-52,19365,2011-06-21,2011-06-28,2011-07-03,699,1,699,2026-04-11 09:31:21.3300000
SO44969,BK-R93R-48,22713,2011-06-21,2011-06-28,2011-07-03,3578,1,3578,2026-04-11 09:31:21.3300000
SO44970,BK-R93R-48,28820,2011-06-21,2011-06-28,2011-07-03,3578,1,3578,2026-04-11 09:31:21.3300000
SO44971,BK-R93R-52,28989,2011-06-21,2011-06-28,2011-07-03,3578,1,3578,2026-04-11 09:31:21.3300000
SO44972,BK-R93R-44,29016,2011-06-21,2011-06-28,2011-07-03,3578,1,3578,2026-04-11 09:31:21.3300000
SO44973,BK-R93R-56,18482,2011-06-21,2011-06-28,2011-07-03,3578,1,3578,2026-04-11 09:31:21.3300000
SO44974,BK-R93R-48,14776,2011-06-22,2011-06-29,2011-07-04,3578,1,3578,2026-04-11 09:31:21.3300000
SO44975,BK-R93R-44,28823,2011-06-22,2011-06-29,2011-07-04,3578,1,3578,2026-04-11 09:31:21.3300000
SO44976,BK-R93R-44,28824,2011-06-22,2011-06-29,2011-07-04,3578,1,3578,2026-04-11 09:31:21.3300000
SO44977,BK-R93R-52,29010,2011-06-22,2011-06-29,2011-07-04,3578,1,3578,2026-04-11 09:31:21.3300000
SO44978,BK-R50R-60,14652,2011-06-22,2011-06-29,2011-07-04,699,1,699,2026-04-11 09:31:21.3300000
SO44979,BK-R93R-62,18469,2011-06-22,2011-06-29,2011-07-04,3578,1,3578,2026-04-11 09:31:21.3300000
SO44980,BK-R93R-62,18699,2011-06-22,2011-06-29,2011-07-04,3578,1,3578,2026-04-11 09:31:21.3300000
SO44981,BK-R93R-62,18462,2011-06-22,2011-06-29,2011-07-04,3578,1,3578,2026-04-11 09:31:21.3300000
SO44982,BK-R93R-48,29132,2011-06-23,2011-06-30,2011-07-05,3578,1,3578,2026-04-11 09:31:21.3300000
SO44983,BK-R93R-62,22252,2011-06-23,2011-06-30,2011-07-05,3578,1,3578,2026-04-11 09:31:21.3300000
SO44984,BK-R93R-56,29008,2011-06-23,2011-06-30,2011-07-05,3578,1,3578,2026-04-11 09:31:21.3300000
SO44985,BK-R93R-44,18692,2011-06-23,2011-06-30,2011-07-05,3578,1,3578,2026-04-11 09:31:21.3300000
SO44986,BK-R50R-48,25708,2011-06-23,2011-06-30,2011-07-05,699,1,699,2026-04-11 09:31:21.3300000
SO44987,BK-R93R-56,12323,2011-06-24,2011-07-01,2011-07-06,3578,1,3578,2026-04-11 09:31:21.3300000
SO44988,BK-R50B-44,17999,2011-06-24,2011-07-01,2011-07-06,699,1,699,2026-04-11 09:31:21.3300000
SO44989,BK-R93R-44,28854,2011-06-24,2011-07-01,2011-07-06,3578,1,3578,2026-04-11 09:31:21.3300000
SO44990,BK-R50B-44,14645,2011-06-24,2011-07-01,2011-07-06,699,1,699,2026-04-11 09:31:21.3300000
SO44991,BK-R93R-56,18698,2011-06-24,2011-07-01,2011-07-06,3578,1,3578,2026-04-11 09:31:21.3300000
SO44992,BK-R93R-44,18464,2011-06-24,2011-07-01,2011-07-06,3578,1,3578,2026-04-11 09:31:21.3300000
SO44993,BK-M82B-44,11368,2011-06-24,2011-07-01,2011-07-06,3375,1,3375,2026-04-11 09:31:21.3300000
SO44994,BK-R93R-44,28805,2011-06-25,2011-07-02,2011-07-07,3578,1,3578,2026-04-11 09:31:21.3300000
SO44995,BK-R93R-52,28841,2011-06-25,2011-07-02,2011-07-07,3578,1,3578,2026-04-11 09:31:21.3300000
SO44996,BK-M82B-42,25970,2011-06-25,2011-07-02,2011-07-07,3375,1,3375,2026-04-11 09:31:21.3300000
SO44997,BK-R93R-62,28870,2011-06-25,2011-07-02,2011-07-07,3578,1,3578,2026-04-11 09:31:21.3300000
SO44998,BK-R50B-48,14646,2011-06-25,2011-07-02,2011-07-07,699,1,699,2026-04-11 09:31:21.3300000
SO44999,BK-R93R-44,18485,2011-06-25,2011-07-02,2011-07-07,3578,1,3578,2026-04-11 09:31:21.3300000
SO45000,BK-R93R-48,18297,2011-06-25,2011-07-02,2011-07-07,3578,1,3578,2026-04-11 09:31:21.3300000
SO45001,BK-R93R-48,18302,2011-06-25,2011-07-02,2011-07-07,3578,1,3578,2026-04-11 09:31:21.3300000
SO45002,BK-R93R-48,13844,2011-06-26,2011-07-03,2011-07-08,3578,1,3578,2026-04-11 09:31:21.3300000
SO45003,BK-R93R-56,29059,2011-06-26,2011-07-03,2011-07-08,3578,1,3578,2026-04-11 09:31:21.3300000
SO45004,BK-R93R-56,29106,2011-06-26,2011-07-03,2011-07-08,3578,1,3578,2026-04-11 09:31:21.3300000
SO45005,BK-R93R-48,28844,2011-06-26,2011-07-03,2011-07-08,3578,1,3578,2026-04-11 09:31:21.3300000
SO45006,BK-R93R-48,12373,2011-06-27,2011-07-04,2011-07-09,3578,1,3578,2026-04-11 09:31:21.3300000
SO45007,BK-R93R-62,14137,2011-06-27,2011-07-04,2011-07-09,3578,1,3578,2026-04-11 09:31:21.3300000
SO45008,BK-R93R-52,14831,2011-06-27,2011-07-04,2011-07-09,3578,1,3578,2026-04-11 09:31:21.3300000
SO45009,BK-R50B-44,19387,2011-06-27,2011-07-04,2011-07-09,699,1,699,2026-04-11 09:31:21.3300000
SO45010,BK-R93R-52,28869,2011-06-27,2011-07-04,2011-07-09,3578,1,3578,2026-04-11 09:31:21.3300000
SO45011,BK-R93R-52,22268,2011-06-27,2011-07-04,2011-07-09,3578,1,3578,2026-04-11 09:31:21.3300000
SO45012,BK-R50B-52,14650,2011-06-27,2011-07-04,2011-07-09,699,1,699,2026-04-11 09:31:21.3300000
SO45013,BK-R93R-62,18483,2011-06-27,2011-07-04,2011-07-09,3578,1,3578,2026-04-11 09:31:21.3300000
SO45014,BK-R50R-60,25705,2011-06-27,2011-07-04,2011-07-09,699,1,699,2026-04-11 09:31:21.3300000
SO45015,BK-M82S-44,11360,2011-06-27,2011-07-04,2011-07-09,3400,1,3400,2026-04-11 09:31:21.3300000
SO45016,BK-R93R-62,14770,2011-06-28,2011-07-05,2011-07-10,3578,1,3578,2026-04-11 09:31:21.3300000
SO45017,BK-R93R-48,28826,2011-06-28,2011-07-05,2011-07-10,3578,1,3578,2026-04-11 09:31:21.3300000
SO45018,BK-R93R-52,18494,2011-06-28,2011-07-05,2011-07-10,3578,1,3578,2026-04-11 09:31:21.3300000
SO45019,BK-R93R-52,18691,2011-06-28,2011-07-05,2011-07-10,3578,1,3578,2026-04-11 09:31:21.3300000
SO45020,BK-R93R-44,18332,2011-06-28,2011-07-05,2011-07-10,3578,1,3578,2026-04-11 09:31:21.3300000
SO45021,BK-M82B-38,11358,2011-06-28,2011-07-05,2011-07-10,3375,1,3375,2026-04-11 09:31:21.3300000
SO45022,BK-M82B-44,11447,2011-06-28,2011-07-05,2011-07-10,3375,1,3375,2026-04-11 09:31:21.3300000
SO45023,BK-R93R-62,13807,2011-06-28,2011-07-05,2011-07-10,3578,1,3578,2026-04-11 09:31:21.3300000
SO45024,BK-M82S-38,29475,2011-06-29,2011-07-06,2011-07-11,3400,1,3400,2026-04-11 09:31:21.3300000
