cid,bdate,gen,dwh_create_date
AW00011000,1971-10-06,Male,2026-04-11 09:31:21.4933333
AW00011001,1976-05-10,Male,2026-04-11 09:31:21.4933333
AW00011002,1971-02-09,Male,2026-04-11 09:31:21.4933333
AW00011003,1973-08-14,Female,2026-04-11 09:31:21.4933333
AW00011004,1979-08-05,Female,2026-04-11 09:31:21.4933333
AW00011005,1976-08-01,Male,2026-04-11 09:31:21.4933333
AW00011006,1976-12-02,Female,2026-04-11 09:31:21.4933333
AW00011007,1969-11-06,Male,2026-04-11 09:31:21.4933333
AW00011008,1975-07-04,Female,2026-04-11 09:31:21.4933333
AW00011009,1969-09-29,Male,2026-04-11 09:31:21.4933333
AW00011010,1969-08-05,Female,2026-04-11 09:31:21.4933333
AW00011011,1969-05-03,Male,2026-04-11 09:31:21.4933333
AW00011012,1979-01-14,Female,2026-04-11 09:31:21.4933333
AW00011013,1979-08-03,Male,2026-04-11 09:31:21.4933333
AW00011014,1973-11-06,Female,2026-04-11 09:31:21.4933333
AW00011015,1984-08-26,Female,2026-04-11 09:31:21.4933333
AW00011016,1984-10-25,Male,2026-04-11 09:31:21.4933333
AW00011017,1949-12-24,Female,2026-04-11 09:31:21.4933333
AW00011018,1955-10-06,Male,2026-04-11 09:31:21.4933333
AW00011019,1983-09-04,Male,2026-04-11 09:31:21.4933333
AW00011020,1984-03-19,Male,2026-04-11 09:31:21.4933333
AW00011021,1984-03-02,Female,2026-04-11 09:31:21.4933333
AW00011022,1984-04-10,Female,2026-04-11 09:31:21.4933333
AW00011023,1984-04-09,Female,2026-04-11 09:31:21.4933333
AW00011024,1984-03-16,Female,2026-04-11 09:31:21.4933333
AW00011025,1951-06-22,Female,2026-04-11 09:31:21.4933333
AW00011026,1951-10-01,Female,2026-04-11 09:31:21.4933333
AW00011027,1952-06-05,Female,2026-04-11 09:31:21.4933333
AW00011028,1951-10-09,Female,2026-04-11 09:31:21.4933333
AW00011029,1952-06-19,Female,2026-04-11 09:31:21.4933333
AW00011030,1958-02-18,Female,2026-04-11 09:31:21.4933333
AW00011031,1953-02-18,Female,2026-04-11 09:31:21.4933333
AW00011032,1952-12-08,Female,2026-04-11 09:31:21.4933333
AW00011033,1958-09-19,Female,2026-04-11 09:31:21.4933333
AW00011034,1952-12-16,Female,2026-04-11 09:31:21.4933333
AW00011035,1953-08-23,Female,2026-04-11 09:31:21.4933333
AW00011036,1984-06-16,Female,2026-04-11 09:31:21.4933333
AW00011037,1983-05-27,Female,2026-04-11 09:31:21.4933333
AW00011038,1953-09-20,Female,2026-04-11 09:31:21.4933333
AW00011039,1954-06-16,n/a,2026-04-11 09:31:21.4933333
AW00011040,1983-01-29,n/a,2026-04-11 09:31:21.4933333
AW00011041,1983-04-15,n/a,2026-04-11 09:31:21.4933333
AW00011042,1982-12-11,Female,2026-04-11 09:31:21.4933333
AW00011043,1981-08-23,Female,2026-04-11 09:31:21.4933333
AW00011044,1954-11-21,Female,2026-04-11 09:31:21.4933333
AW00011045,1955-11-16,Female,2026-04-11 09:31:21.4933333
AW00011046,1955-09-19,Female,2026-04-11 09:31:21.4933333
AW00011047,1955-08-27,Female,2026-04-11 09:31:21.4933333
AW00011048,1956-05-21,Female,2026-04-11 09:31:21.4933333
AW00011049,1986-01-15,Female,2026-04-11 09:31:21.4933333
AW00011050,1957-03-06,Female,2026-04-11 09:31:21.4933333
AW00011051,1957-01-31,Female,2026-04-11 09:31:21.4933333
AW00011052,1957-02-03,Female,2026-04-11 09:31:21.4933333
AW00011053,1986-02-17,Female,2026-04-11 09:31:21.4933333
AW00011054,1957-09-07,Female,2026-04-11 09:31:21.4933333
AW00011055,1957-09-02,Male,2026-04-11 09:31:21.4933333
AW00011056,1958-10-01,Female,2026-04-11 09:31:21.4933333
AW00011057,1970-04-07,Female,2026-04-11 09:31:21.4933333
AW00011058,1965-04-23,Female,2026-04-11 09:31:21.4933333
AW00011059,1959-09-29,Female,2026-04-11 09:31:21.4933333
AW00011060,1959-09-14,Female,2026-04-11 09:31:21.4933333
AW00011061,1976-02-20,Male,2026-04-11 09:31:21.4933333
AW00011062,1981-03-01,Male,2026-04-11 09:31:21.4933333
AW00011063,1980-10-04,Female,2026-04-11 09:31:21.4933333
AW00011064,1981-06-05,Male,2026-04-11 09:31:21.4933333
AW00011065,1979-04-08,Female,2026-04-11 09:31:21.4933333
AW00011066,1979-05-27,Female,2026-04-11 09:31:21.4933333
AW00011067,1982-03-25,Male,2026-04-11 09:31:21.4933333
AW00011068,1966-09-19,Female,2026-04-11 09:31:21.4933333
AW00011069,1966-09-17,Female,2026-04-11 09:31:21.4933333
AW00011070,1960-10-02,Male,2026-04-11 09:31:21.4933333
AW00011071,1960-12-23,Female,2026-04-11 09:31:21.4933333
AW00011072,1960-08-05,Female,2026-04-11 09:31:21.4933333
AW00011073,1962-02-11,Female,2026-04-11 09:31:21.4933333
AW00011074,1962-02-25,Male,2026-04-11 09:31:21.4933333
AW00011075,1963-05-16,Female,2026-04-11 09:31:21.4933333
AW00011076,1963-01-10,Male,2026-04-11 09:31:21.4933333
AW00011077,1963-03-19,Female,2026-04-11 09:31:21.4933333
AW00011078,1985-01-06,Female,2026-04-11 09:31:21.4933333
AW00011079,1970-03-07,Male,2026-04-11 09:31:21.4933333
AW00011080,1965-01-13,Male,2026-04-11 09:31:21.4933333
AW00011081,1972-01-21,Female,2026-04-11 09:31:21.4933333
AW00011082,1972-02-01,Female,2026-04-11 09:31:21.4933333
AW00011083,1977-03-11,Female,2026-04-11 09:31:21.4933333
AW00011084,1963-03-12,Male,2026-04-11 09:31:21.4933333
AW00011085,1963-01-16,Female,2026-04-11 09:31:21.4933333
AW00011086,1963-06-22,Male,2026-04-11 09:31:21.4933333
AW00011087,1963-04-02,Female,2026-04-11 09:31:21.4933333
AW00011088,1963-05-25,Male,2026-04-11 09:31:21.4933333
AW00011089,1962-08-05,Female,2026-04-11 09:31:21.4933333
AW00011090,1968-12-13,Male,2026-04-11 09:31:21.4933333
AW00011091,1962-10-02,Male,2026-04-11 09:31:21.4933333
AW00011092,1972-11-02,Female,2026-04-11 09:31:21.4933333
AW00011093,1978-09-06,Female,2026-04-11 09:31:21.4933333
AW00011094,1967-09-29,Male,2026-04-11 09:31:21.4933333
AW00011095,1968-02-29,Male,2026-04-11 09:31:21.4933333
AW00011096,1968-02-07,Male,2026-04-11 09:31:21.4933333
AW00011097,1972-10-23,Male,2026-04-11 09:31:21.4933333
AW00011098,1966-10-29,Female,2026-04-11 09:31:21.4933333
AW00011099,1966-09-05,Male,2026-04-11 09:31:21.4933333
AW00011100,1966-03-15,Female,2026-04-11 09:31:21.4933333
AW00011101,1970-11-05,Female,2026-04-11 09:31:21.4933333
AW00011102,1970-10-19,Female,2026-04-11 09:31:21.4933333
AW00011103,1981-04-12,Female,2026-04-11 09:31:21.4933333
AW00011104,1975-03-08,Male,2026-04-11 09:31:21.4933333
AW00011105,1970-06-27,Female,2026-04-11 09:31:21.4933333
AW00011106,1970-03-11,Male,2026-04-11 09:31:21.4933333
AW00011107,1976-03-04,Female,2026-04-11 09:31:21.4933333
AW00011108,1969-01-10,Female,2026-04-11 09:31:21.4933333
AW00011109,1980-04-30,Male,2026-04-11 09:31:21.4933333
AW00011110,1967-12-04,Male,2026-04-11 09:31:21.4933333
AW00011111,1967-08-23,Female,2026-04-11 09:31:21.4933333
AW00011112,1968-03-08,Female,2026-04-11 09:31:21.4933333
AW00011113,1973-02-17,Male,2026-04-11 09:31:21.4933333
AW00011114,1967-11-25,Female,2026-04-11 09:31:21.4933333
AW00011115,1967-08-12,Male,2026-04-11 09:31:21.4933333
AW00011116,1979-04-02,Male,2026-04-11 09:31:21.4933333
AW00011117,1966-08-21,Female,2026-04-11 09:31:21.4933333
AW00011118,1962-12-31,Male,2026-04-11 09:31:21.4933333
AW00011119,1940-10-07,Male,2026-04-11 09:31:21.4933333
AW00011120,1942-02-06,Female,2026-04-11 09:31:21.4933333
AW00011121,1966-05-18,Male,2026-04-11 09:31:21.4933333
AW00011122,1965-09-30,Male,2026-04-11 09:31:21.4933333
AW00011123,1965-12-18,Male,2026-04-11 09:31:21.4933333
AW00011124,1968-07-23,Male,2026-04-11 09:31:21.4933333
AW00011125,1961-10-06,Female,2026-04-11 09:31:21.4933333
AW00011126,1954-10-05,Male,2026-04-11 09:31:21.4933333
AW00011127,1981-04-19,Female,2026-04-11 09:31:21.4933333
AW00011128,1981-06-03,Female,2026-04-11 09:31:21.4933333
AW00011129,1981-02-01,Female,2026-04-11 09:31:21.4933333
AW00011130,1985-07-05,Female,2026-04-11 09:31:21.4933333
AW00011131,1985-09-09,Female,2026-04-11 09:31:21.4933333
AW00011132,1986-04-25,Female,2026-04-11 09:31:21.4933333
AW00011133,1986-03-08,Female,2026-04-11 09:31:21.4933333
AW00011134,1957-02-22,Male,2026-04-11 09:31:21.4933333
AW00011135,1985-05-02,Male,2026-04-11 09:31:21.4933333
AW00011136,1984-04-24,Female,2026-04-11 09:31:21.4933333
AW00011137,1984-01-17,Female,2026-04-11 09:31:21.4933333
AW00011138,1984-03-14,Female,2026-04-11 09:31:21.4933333
AW00011139,1949-11-05,Female,2026-04-11 09:31:21.4933333
AW00011140,1982-08-11,Male,2026-04-11 09:31:21.4933333
AW00011141,1982-12-19,Female,2026-04-11 09:31:21.4933333
AW00011142,1983-02-11,Male,2026-04-11 09:31:21.4933333
AW00011143,1982-08-04,Male,2026-04-11 09:31:21.4933333
AW00011144,1985-03-08,Male,2026-04-11 09:31:21.4933333
AW00011145,1985-06-06,Female,2026-04-11 09:31:21.4933333
AW00011146,1945-02-22,Female,2026-04-11 09:31:21.4933333
AW00011147,1944-08-04,Male,2026-04-11 09:31:21.4933333
AW00011148,1947-02-13,Male,2026-04-11 09:31:21.4933333
AW00011149,1946-10-18,Male,2026-04-11 09:31:21.4933333
AW00011150,1946-09-12,Male,2026-04-11 09:31:21.4933333
AW00011151,1947-08-25,Female,2026-04-11 09:31:21.4933333
AW00011152,1981-07-09,Male,2026-04-11 09:31:21.4933333
AW00011153,1981-12-21,Female,2026-04-11 09:31:21.4933333
AW00011154,1982-02-18,Female,2026-04-11 09:31:21.4933333
AW00011155,1981-07-25,Male,2026-04-11 09:31:21.4933333
AW00011156,1981-08-06,Female,2026-04-11 09:31:21.4933333
AW00011157,1980-12-08,Female,2026-04-11 09:31:21.4933333
AW00011158,1981-04-06,Male,2026-04-11 09:31:21.4933333
AW00011159,1981-03-16,Female,2026-04-11 09:31:21.4933333
AW00011160,1979-07-08,Male,2026-04-11 09:31:21.4933333
AW00011161,1979-10-20,Female,2026-04-11 09:31:21.4933333
AW00011162,1979-09-02,Male,2026-04-11 09:31:21.4933333
AW00011163,1980-06-18,Male,2026-04-11 09:31:21.4933333
AW00011164,1979-11-02,Male,2026-04-11 09:31:21.4933333
AW00011165,1979-01-15,Female,2026-04-11 09:31:21.4933333
AW00011166,1977-10-22,Female,2026-04-11 09:31:21.4933333
AW00011167,1978-01-29,Female,2026-04-11 09:31:21.4933333
AW00011168,1973-11-12,Male,2026-04-11 09:31:21.4933333
AW00011169,1973-12-20,Male,2026-04-11 09:31:21.4933333
AW00011170,1973-08-04,Female,2026-04-11 09:31:21.4933333
AW00011171,1978-10-05,Male,2026-04-11 09:31:21.4933333
AW00011172,1973-05-20,Female,2026-04-11 09:31:21.4933333
AW00011173,1973-02-28,Female,2026-04-11 09:31:21.4933333
AW00011174,1973-01-09,Male,2026-04-11 09:31:21.4933333
AW00011175,1968-09-01,Male,2026-04-11 09:31:21.4933333
AW00011176,1979-01-21,Male,2026-04-11 09:31:21.4933333
AW00011177,1948-01-01,Male,2026-04-11 09:31:21.4933333
AW00011178,1954-08-20,Male,2026-04-11 09:31:21.4933333
AW00011179,1959-12-08,Female,2026-04-11 09:31:21.4933333
AW00011180,1948-07-01,Female,2026-04-11 09:31:21.4933333
AW00011181,1960-02-01,Male,2026-04-11 09:31:21.4933333
AW00011182,1950-02-22,Female,2026-04-11 09:31:21.4933333
AW00011183,1950-01-12,Female,2026-04-11 09:31:21.4933333
AW00011184,1955-11-13,Female,2026-04-11 09:31:21.4933333
AW00011185,1950-04-07,Female,2026-04-11 09:31:21.4933333
AW00011186,1949-11-18,Female,2026-04-11 09:31:21.4933333
AW00011187,1949-08-21,Female,2026-04-11 09:31:21.4933333
AW00011188,1950-03-06,Female,2026-04-11 09:31:21.4933333
AW00011189,1950-01-12,Male,2026-04-11 09:31:21.4933333
AW00011190,1949-12-20,Male,2026-04-11 09:31:21.4933333
AW00011191,1951-06-17,Female,2026-04-11 09:31:21.4933333
AW00011192,1951-03-13,Male,2026-04-11 09:31:21.4933333
AW00011193,1950-08-13,Male,2026-04-11 09:31:21.4933333
AW00011194,1950-12-08,Female,2026-04-11 09:31:21.4933333
AW00011195,1951-08-10,Female,2026-04-11 09:31:21.4933333
AW00011196,1951-12-05,Male,2026-04-11 09:31:21.4933333
AW00011197,1951-12-16,Female,2026-04-11 09:31:21.4933333
AW00011198,1952-05-25,Female,2026-04-11 09:31:21.4933333
AW00011199,1957-11-02,Female,2026-04-11 09:31:21.4933333
AW00011200,1953-05-21,Male,2026-04-11 09:31:21.4933333
AW00011201,1953-02-14,Female,2026-04-11 09:31:21.4933333
AW00011202,1958-08-22,Female,2026-04-11 09:31:21.4933333
AW00011203,1959-08-18,Male,2026-04-11 09:31:21.4933333
AW00011204,1953-11-29,Female,2026-04-11 09:31:21.4933333
AW00011205,1954-01-21,Female,2026-04-11 09:31:21.4933333
AW00011206,1954-03-24,Male,2026-04-11 09:31:21.4933333
AW00011207,1954-01-16,Female,2026-04-11 09:31:21.4933333
AW00011208,1953-08-03,Female,2026-04-11 09:31:21.4933333
AW00011209,1953-07-12,Female,2026-04-11 09:31:21.4933333
AW00011210,1953-12-06,Male,2026-04-11 09:31:21.4933333
AW00011211,1960-10-08,Female,2026-04-11 09:31:21.4933333
AW00011212,1955-05-05,Female,2026-04-11 09:31:21.4933333
AW00011213,1954-11-11,Female,2026-04-11 09:31:21.4933333
AW00011214,1955-05-07,Male,2026-04-11 09:31:21.4933333
AW00011215,1961-06-17,Female,2026-04-11 09:31:21.4933333
AW00011216,1955-11-17,Female,2026-04-11 09:31:21.4933333
AW00011217,1955-08-11,Female,2026-04-11 09:31:21.4933333
AW00011218,1961-09-07,Female,2026-04-11 09:31:21.4933333
AW00011219,1956-05-31,Male,2026-04-11 09:31:21.4933333
AW00011220,1961-02-19,Female,2026-04-11 09:31:21.4933333
AW00011221,1955-12-08,Male,2026-04-11 09:31:21.4933333
AW00011222,1956-02-14,Female,2026-04-11 09:31:21.4933333
AW00011223,1957-03-15,Female,2026-04-11 09:31:21.4933333
AW00011224,1957-03-05,Female,2026-04-11 09:31:21.4933333
AW00011225,1962-02-12,Female,2026-04-11 09:31:21.4933333
AW00011226,1962-09-23,Female,2026-04-11 09:31:21.4933333
AW00011227,1962-08-08,Male,2026-04-11 09:31:21.4933333
AW00011228,1956-10-16,Female,2026-04-11 09:31:21.4933333
AW00011229,1957-06-01,Male,2026-04-11 09:31:21.4933333
AW00011230,1956-09-30,Female,2026-04-11 09:31:21.4933333
AW00011231,1963-11-11,Male,2026-04-11 09:31:21.4933333
AW00011232,1958-03-27,Female,2026-04-11 09:31:21.4933333
AW00011233,1963-09-06,Male,2026-04-11 09:31:21.4933333
AW00011234,1958-05-19,Female,2026-04-11 09:31:21.4933333
AW00011235,1957-08-07,Male,2026-04-11 09:31:21.4933333
AW00011236,1957-09-02,Male,2026-04-11 09:31:21.4933333
AW00011237,1964-03-22,Male,2026-04-11 09:31:21.4933333
AW00011238,1964-02-07,Female,2026-04-11 09:31:21.4933333
AW00011239,1969-10-02,Female,2026-04-11 09:31:21.4933333
AW00011240,1964-06-09,Female,2026-04-11 09:31:21.4933333
AW00011241,1974-04-06,Female,2026-04-11 09:31:21.4933333
AW00011242,1963-05-11,Male,2026-04-11 09:31:21.4933333
AW00011243,1963-04-08,Female,2026-04-11 09:31:21.4933333
AW00011244,1968-11-22,Female,2026-04-11 09:31:21.4933333
AW00011245,1962-04-26,Male,2026-04-11 09:31:21.4933333
AW00011246,1962-04-08,Female,2026-04-11 09:31:21.4933333
AW00011247,1961-12-04,Female,2026-04-11 09:31:21.4933333
AW00011248,1966-03-22,Male,2026-04-11 09:31:21.4933333
AW00011249,1966-07-09,Female,2026-04-11 09:31:21.4933333
AW00011250,1966-03-08,Female,2026-04-11 09:31:21.4933333
AW00011251,1938-01-01,Male,2026-04-11 09:31:21.4933333
AW00011252,1937-12-05,Male,2026-04-11 09:31:21.4933333
AW00011253,1949-08-24,Male,2026-04-11 09:31:21.4933333
AW00011254,1938-08-31,Male,2026-04-11 09:31:21.4933333
AW00011255,1938-10-02,Male,2026-04-11 09:31:21.4933333
AW00011256,1939-03-20,Female,2026-04-11 09:31:21.4933333
AW00011257,NULL,Female,2026-04-11 09:31:21.4933333
AW00011258,1938-12-26,Male,2026-04-11 09:31:21.4933333
AW00011259,1970-09-24,Female,2026-04-11 09:31:21.4933333
AW00011260,1976-04-08,Female,2026-04-11 09:31:21.4933333
AW00011261,1970-10-22,Female,2026-04-11 09:31:21.4933333
AW00011262,1975-05-01,Female,2026-04-11 09:31:21.4933333
AW00011263,1970-03-11,Female,2026-04-11 09:31:21.4933333
AW00011264,1969-12-15,Male,2026-04-11 09:31:21.4933333
AW00011265,1970-01-10,Female,2026-04-11 09:31:21.4933333
AW00011266,1969-11-02,Female,2026-04-11 09:31:21.4933333
AW00011267,1975-09-29,Male,2026-04-11 09:31:21.4933333
AW00011268,1969-10-31,Female,2026-04-11 09:31:21.4933333
AW00011269,1975-10-10,Male,2026-04-11 09:31:21.4933333
AW00011270,1975-05-01,Male,2026-04-11 09:31:21.4933333
AW00011271,1969-12-03,Female,2026-04-11 09:31:21.4933333
AW00011272,1962-05-10,Female,2026-04-11 09:31:21.4933333
AW00011273,1962-03-31,Male,2026-04-11 09:31:21.4933333
AW00011274,1939-10-10,Male,2026-04-11 09:31:21.4933333
AW00011275,1939-07-18,Female,2026-04-11 09:31:21.4933333
AW00011276,1974-09-15,Female,2026-04-11 09:31:21.4933333
AW00011277,1968-12-07,Male,2026-04-11 09:31:21.4933333
AW00011278,1969-02-16,Male,2026-04-11 09:31:21.4933333
AW00011279,1974-09-08,Female,2026-04-11 09:31:21.4933333
AW00011280,1969-02-17,Male,2026-04-11 09:31:21.4933333
AW00011281,1974-10-06,Female,2026-04-11 09:31:21.4933333
AW00011282,1967-07-16,Male,2026-04-11 09:31:21.4933333
AW00011283,1968-04-24,Male,2026-04-11 09:31:21.4933333
AW00011284,1967-09-24,Female,2026-04-11 09:31:21.4933333
AW00011285,1973-03-15,Male,2026-04-11 09:31:21.4933333
AW00011286,1967-08-31,Male,2026-04-11 09:31:21.4933333
AW00011287,1966-07-16,Male,2026-04-11 09:31:21.4933333
AW00011288,1978-03-12,Female,2026-04-11 09:31:21.4933333
AW00011289,1972-03-03,Female,2026-04-11 09:31:21.4933333
AW00011290,1972-08-14,Female,2026-04-11 09:31:21.4933333
AW00011291,1972-05-01,Female,2026-04-11 09:31:21.4933333
AW00011292,1967-05-05,Male,2026-04-11 09:31:21.4933333
AW00011293,1960-11-23,Male,2026-04-11 09:31:21.4933333
AW00011294,1961-03-02,Male,2026-04-11 09:31:21.4933333
AW00011295,1959-11-13,Female,2026-04-11 09:31:21.4933333
AW00011296,1941-04-05,Female,2026-04-11 09:31:21.4933333
AW00011297,1940-08-01,Male,2026-04-11 09:31:21.4933333
AW00011298,1940-08-30,Male,2026-04-11 09:31:21.4933333
AW00011299,1941-09-29,Male,2026-04-11 09:31:21.4933333
AW00011300,1965-08-31,Male,2026-04-11 09:31:21.4933333
AW00011301,1965-12-07,Male,2026-04-11 09:31:21.4933333
AW00011302,1971-12-09,Male,2026-04-11 09:31:21.4933333
AW00011303,1966-04-10,Female,2026-04-11 09:31:21.4933333
AW00011304,1971-03-14,Female,2026-04-11 09:31:21.4933333
AW00011305,1965-12-17,Male,2026-04-11 09:31:21.4933333
AW00011306,1965-12-20,Male,2026-04-11 09:31:21.4933333
AW00011307,1965-10-31,Male,2026-04-11 09:31:21.4933333
AW00011308,1959-09-02,Male,2026-04-11 09:31:21.4933333
AW00011309,1959-12-10,Female,2026-04-11 09:31:21.4933333
AW00011310,1964-07-05,Female,2026-04-11 09:31:21.4933333
AW00011311,1959-02-21,Female,2026-04-11 09:31:21.4933333
AW00011312,1958-10-01,Female,2026-04-11 09:31:21.4933333
AW00011313,1958-08-27,Male,2026-04-11 09:31:21.4933333
AW00011314,1970-06-16,Female,2026-04-11 09:31:21.4933333
AW00011315,1959-03-31,Female,2026-04-11 09:31:21.4933333
AW00011316,1959-05-17,Male,2026-04-11 09:31:21.4933333
AW00011317,1963-09-14,Female,2026-04-11 09:31:21.4933333
AW00011318,1958-04-25,Female,2026-04-11 09:31:21.4933333
AW00011319,1948-04-23,Female,2026-04-11 09:31:21.4933333
AW00011320,1942-12-24,Female,2026-04-11 09:31:21.4933333
AW00011321,1944-01-05,Male,2026-04-11 09:31:21.4933333
AW00011322,1943-09-12,Female,2026-04-11 09:31:21.4933333
AW00011323,1943-12-18,Male,2026-04-11 09:31:21.4933333
AW00011324,1944-11-10,Male,2026-04-11 09:31:21.4933333
AW00011325,1944-12-29,Male,2026-04-11 09:31:21.4933333
AW00011326,1944-12-23,Male,2026-04-11 09:31:21.4933333
AW00011327,1945-09-01,Male,2026-04-11 09:31:21.4933333
AW00011328,1945-06-30,Male,2026-04-11 09:31:21.4933333
AW00011329,1946-01-22,Male,2026-04-11 09:31:21.4933333
AW00011330,1945-11-10,Male,2026-04-11 09:31:21.4933333
AW00011331,1974-01-03,Female,2026-04-11 09:31:21.4933333
AW00011332,1968-04-02,Female,2026-04-11 09:31:21.4933333
AW00011333,1968-01-07,Female,2026-04-11 09:31:21.4933333
AW00011334,1966-09-19,Female,2026-04-11 09:31:21.4933333
AW00011335,1977-12-18,Female,2026-04-11 09:31:21.4933333
AW00011336,1973-03-08,Male,2026-04-11 09:31:21.4933333
AW00011337,1967-03-21,Male,2026-04-11 09:31:21.4933333
AW00011338,1972-08-06,Male,2026-04-11 09:31:21.4933333
AW00011339,1967-01-05,Male,2026-04-11 09:31:21.4933333
AW00011340,1947-04-03,Female,2026-04-11 09:31:21.4933333
AW00011341,1942-02-18,Male,2026-04-11 09:31:21.4933333
AW00011342,1973-03-07,Male,2026-04-11 09:31:21.4933333
AW00011343,1975-03-09,Male,2026-04-11 09:31:21.4933333
AW00011344,1963-01-21,Female,2026-04-11 09:31:21.4933333
AW00011345,1962-09-09,Female,2026-04-11 09:31:21.4933333
AW00011346,1966-05-18,Female,2026-04-11 09:31:21.4933333
AW00011347,1972-06-17,Male,2026-04-11 09:31:21.4933333
AW00011348,1961-03-21,Male,2026-04-11 09:31:21.4933333
AW00011349,1965-08-30,Female,2026-04-11 09:31:21.4933333
AW00011350,1942-07-14,Female,2026-04-11 09:31:21.4933333
AW00011351,1950-04-02,Female,2026-04-11 09:31:21.4933333
AW00011352,1945-09-04,Male,2026-04-11 09:31:21.4933333
AW00011353,1946-12-09,Female,2026-04-11 09:31:21.4933333
AW00011354,1947-08-23,Female,2026-04-11 09:31:21.4933333
AW00011355,1948-06-26,Male,2026-04-11 09:31:21.4933333
AW00011356,1985-11-24,Male,2026-04-11 09:31:21.4933333
AW00011357,1984-09-19,Male,2026-04-11 09:31:21.4933333
AW00011358,1984-05-10,Female,2026-04-11 09:31:21.4933333
AW00011359,1984-03-03,Male,2026-04-11 09:31:21.4933333
AW00011360,1984-01-30,Male,2026-04-11 09:31:21.4933333
AW00011361,1982-10-26,Female,2026-04-11 09:31:21.4933333
AW00011362,1983-05-11,Male,2026-04-11 09:31:21.4933333
AW00011363,1983-04-19,Male,2026-04-11 09:31:21.4933333
AW00011364,1985-03-22,Female,2026-04-11 09:31:21.4933333
AW00011365,1984-12-06,Female,2026-04-11 09:31:21.4933333
AW00011366,1985-04-23,Female,2026-04-11 09:31:21.4933333
AW00011367,1984-08-21,Male,2026-04-11 09:31:21.4933333
AW00011368,1984-05-24,Male,2026-04-11 09:31:21.4933333
AW00011369,1984-02-01,Female,2026-04-11 09:31:21.4933333
AW00011370,1983-09-29,Female,2026-04-11 09:31:21.4933333
AW00011371,1983-11-24,Female,2026-04-11 09:31:21.4933333
AW00011372,1983-11-12,Female,2026-04-11 09:31:21.4933333
AW00011373,1954-09-16,Female,2026-04-11 09:31:21.4933333
AW00011374,1948-12-25,Male,2026-04-11 09:31:21.4933333
AW00011375,1948-11-05,Male,2026-04-11 09:31:21.4933333
AW00011376,1948-12-07,Male,2026-04-11 09:31:21.4933333
AW00011377,1966-08-23,Male,2026-04-11 09:31:21.4933333
AW00011378,1965-11-19,Female,2026-04-11 09:31:21.4933333
AW00011379,1976-05-13,Male,2026-04-11 09:31:21.4933333
AW00011380,1964-08-29,Male,2026-04-11 09:31:21.4933333
AW00011381,1970-08-18,Female,2026-04-11 09:31:21.4933333
AW00011382,1974-07-15,Male,2026-04-11 09:31:21.4933333
AW00011383,1966-02-25,Female,2026-04-11 09:31:21.4933333
AW00011384,1971-10-13,Female,2026-04-11 09:31:21.4933333
AW00011385,1971-08-08,Male,2026-04-11 09:31:21.4933333
AW00011386,1971-11-02,Female,2026-04-11 09:31:21.4933333
AW00011387,1964-11-29,Female,2026-04-11 09:31:21.4933333
AW00011388,1965-01-20,Male,2026-04-11 09:31:21.4933333
AW00011389,1981-04-20,Male,2026-04-11 09:31:21.4933333
AW00011390,1976-04-17,Female,2026-04-11 09:31:21.4933333
AW00011391,1976-06-25,Female,2026-04-11 09:31:21.4933333
AW00011392,1981-02-03,Male,2026-04-11 09:31:21.4933333
AW00011393,1974-07-17,Male,2026-04-11 09:31:21.4933333
AW00011394,1975-04-22,Male,2026-04-11 09:31:21.4933333
AW00011395,1976-04-16,Female,2026-04-11 09:31:21.4933333
AW00011396,1975-04-04,Male,2026-04-11 09:31:21.4933333
AW00011397,1974-12-02,Female,2026-04-11 09:31:21.4933333
AW00011398,1975-03-09,Male,2026-04-11 09:31:21.4933333
AW00011399,1975-02-01,Female,2026-04-11 09:31:21.4933333
AW00011400,1980-04-15,Male,2026-04-11 09:31:21.4933333
AW00011401,1975-02-23,Female,2026-04-11 09:31:21.4933333
AW00011402,1975-05-20,Female,2026-04-11 09:31:21.4933333
AW00011403,1980-01-06,Female,2026-04-11 09:31:21.4933333
AW00011404,1957-06-30,Female,2026-04-11 09:31:21.4933333
AW00011405,1957-08-16,Female,2026-04-11 09:31:21.4933333
AW00011406,1957-12-31,Female,2026-04-11 09:31:21.4933333
AW00011407,1957-09-30,Male,2026-04-11 09:31:21.4933333
AW00011408,1964-05-10,Male,2026-04-11 09:31:21.4933333
AW00011409,1979-03-02,Female,2026-04-11 09:31:21.4933333
AW00011410,NULL,Male,2026-04-11 09:31:21.4933333
AW00011411,1959-08-12,Male,2026-04-11 09:31:21.4933333
AW00011412,1959-10-07,Female,2026-04-11 09:31:21.4933333
AW00011413,1959-10-13,Female,2026-04-11 09:31:21.4933333
AW00011414,1959-09-15,Male,2026-04-11 09:31:21.4933333
AW00011415,1949-12-03,Male,2026-04-11 09:31:21.4933333
AW00011416,1950-09-16,Female,2026-04-11 09:31:21.4933333
AW00011417,1950-08-26,Female,2026-04-11 09:31:21.4933333
AW00011418,1950-08-09,Male,2026-04-11 09:31:21.4933333
AW00011419,1950-08-18,Male,2026-04-11 09:31:21.4933333
AW00011420,1952-01-09,Male,2026-04-11 09:31:21.4933333
AW00011421,1952-01-16,Female,2026-04-11 09:31:21.4933333
AW00011422,1952-02-29,Male,2026-04-11 09:31:21.4933333
AW00011423,1960-05-04,Female,2026-04-11 09:31:21.4933333
AW00011424,1964-12-03,Female,2026-04-11 09:31:21.4933333
AW00011425,1965-08-02,Female,2026-04-11 09:31:21.4933333
AW00011426,1959-04-01,Male,2026-04-11 09:31:21.4933333
AW00011427,1959-06-17,Female,2026-04-11 09:31:21.4933333
AW00011428,1959-02-19,Female,2026-04-11 09:31:21.4933333
AW00011429,1958-01-13,Male,2026-04-11 09:31:21.4933333
AW00011430,1957-09-21,Female,2026-04-11 09:31:21.4933333
AW00011431,1974-10-20,Male,2026-04-11 09:31:21.4933333
AW00011432,1957-03-10,Female,2026-04-11 09:31:21.4933333
AW00011433,1957-03-01,Male,2026-04-11 09:31:21.4933333
AW00011434,1962-05-02,Male,2026-04-11 09:31:21.4933333
AW00011435,1955-09-03,Female,2026-04-11 09:31:21.4933333
AW00011436,1956-03-17,Female,2026-04-11 09:31:21.4933333
AW00011437,1955-06-16,Male,2026-04-11 09:31:21.4933333
AW00011438,1955-04-13,Female,2026-04-11 09:31:21.4933333
AW00011439,1953-11-14,Female,2026-04-11 09:31:21.4933333
AW00011440,1953-03-26,Male,2026-04-11 09:31:21.4933333
AW00011441,1952-12-09,Female,2026-04-11 09:31:21.4933333
AW00011442,1953-05-13,Male,2026-04-11 09:31:21.4933333
AW00011443,1981-11-19,Female,2026-04-11 09:31:21.4933333
AW00011444,1981-10-26,Female,2026-04-11 09:31:21.4933333
AW00011445,1980-01-18,Female,2026-04-11 09:31:21.4933333
AW00011446,1980-02-09,Female,2026-04-11 09:31:21.4933333
AW00011447,1980-02-13,Female,2026-04-11 09:31:21.4933333
AW00011448,1980-10-25,Male,2026-04-11 09:31:21.4933333
AW00011449,1980-08-01,Male,2026-04-11 09:31:21.4933333
AW00011450,1981-05-11,Male,2026-04-11 09:31:21.4933333
AW00011451,1980-05-08,Male,2026-04-11 09:31:21.4933333
AW00011452,1979-05-05,Female,2026-04-11 09:31:21.4933333
AW00011453,1984-08-17,Male,2026-04-11 09:31:21.4933333
AW00011454,1979-10-20,Female,2026-04-11 09:31:21.4933333
AW00011455,1979-10-19,Male,2026-04-11 09:31:21.4933333
AW00011456,1980-01-05,Male,2026-04-11 09:31:21.4933333
AW00011457,1978-11-18,Female,2026-04-11 09:31:21.4933333
AW00011458,1978-10-03,Female,2026-04-11 09:31:21.4933333
AW00011459,1978-04-12,Female,2026-04-11 09:31:21.4933333
AW00011460,1983-10-04,Male,2026-04-11 09:31:21.4933333
AW00011461,1977-09-22,Male,2026-04-11 09:31:21.4933333
AW00011462,1977-07-18,Female,2026-04-11 09:31:21.4933333
AW00011463,1977-09-09,Female,2026-04-11 09:31:21.4933333
AW00011464,1977-05-15,Male,2026-04-11 09:31:21.4933333
AW00011465,1976-08-18,Male,2026-04-11 09:31:21.4933333
AW00011466,1977-01-30,Male,2026-04-11 09:31:21.4933333
AW00011467,1975-04-06,Male,2026-04-11 09:31:21.4933333
AW00011468,1980-12-15,Female,2026-04-11 09:31:21.4933333
AW00011469,1978-10-14,Male,2026-04-11 09:31:21.4933333
AW00011470,1979-03-25,Male,2026-04-11 09:31:21.4933333
AW00011471,1979-03-25,Female,2026-04-11 09:31:21.4933333
AW00011472,1968-09-30,Male,2026-04-11 09:31:21.4933333
AW00011473,1986-01-30,Female,2026-04-11 09:31:21.4933333
AW00011474,1985-08-21,Male,2026-04-11 09:31:21.4933333
AW00011475,1984-04-07,Male,2026-04-11 09:31:21.4933333
AW00011476,1980-05-16,Female,2026-04-11 09:31:21.4933333
AW00011477,1984-06-21,Male,2026-04-11 09:31:21.4933333
AW00011478,1984-02-22,Male,2026-04-11 09:31:21.4933333
AW00011479,1978-10-20,Male,2026-04-11 09:31:21.4933333
AW00011480,1984-03-07,Female,2026-04-11 09:31:21.4933333
AW00011481,1978-11-20,Female,2026-04-11 09:31:21.4933333
AW00011482,1978-01-16,Female,2026-04-11 09:31:21.4933333
AW00011483,1983-05-19,Male,2026-04-11 09:31:21.4933333
AW00011484,1983-03-03,Male,2026-04-11 09:31:21.4933333
AW00011485,1978-02-04,Male,2026-04-11 09:31:21.4933333
AW00011486,1982-05-21,Female,2026-04-11 09:31:21.4933333
AW00011487,1977-01-05,Female,2026-04-11 09:31:21.4933333
AW00011488,1977-03-20,Male,2026-04-11 09:31:21.4933333
AW00011489,1976-09-03,Female,2026-04-11 09:31:21.4933333
AW00011490,1976-07-05,Male,2026-04-11 09:31:21.4933333
AW00011491,1982-04-02,Male,2026-04-11 09:31:21.4933333
AW00011492,1982-11-15,Male,2026-04-11 09:31:21.4933333
AW00011493,1976-05-31,Female,2026-04-11 09:31:21.4933333
AW00011494,1976-01-25,Male,2026-04-11 09:31:21.4933333
AW00011495,1977-03-03,Male,2026-04-11 09:31:21.4933333
AW00011496,1976-04-15,Male,2026-04-11 09:31:21.4933333
AW00011497,1981-11-22,Female,2026-04-11 09:31:21.4933333
AW00011498,1979-07-15,Male,2026-04-11 09:31:21.4933333
AW00011499,1980-05-13,Male,2026-04-11 09:31:21.4933333
AW00011500,1980-03-17,Female,2026-04-11 09:31:21.4933333
AW00011501,1981-01-03,Female,2026-04-11 09:31:21.4933333
AW00011502,1980-09-03,Male,2026-04-11 09:31:21.4933333
AW00011503,1936-04-11,Male,2026-04-11 09:31:21.4933333
AW00011504,1936-10-17,Female,2026-04-11 09:31:21.4933333
AW00011505,1972-01-04,Female,2026-04-11 09:31:21.4933333
AW00011506,1971-11-14,Male,2026-04-11 09:31:21.4933333
AW00011507,1972-05-19,Female,2026-04-11 09:31:21.4933333
AW00011508,1972-01-04,Female,2026-04-11 09:31:21.4933333
AW00011509,1964-07-22,Female,2026-04-11 09:31:21.4933333
AW00011510,1959-01-10,Male,2026-04-11 09:31:21.4933333
AW00011511,1964-06-10,Male,2026-04-11 09:31:21.4933333
AW00011512,1976-08-05,Female,2026-04-11 09:31:21.4933333
AW00011513,1965-09-23,Female,2026-04-11 09:31:21.4933333
AW00011514,1965-04-16,Male,2026-04-11 09:31:21.4933333
AW00011515,1959-08-25,Female,2026-04-11 09:31:21.4933333
AW00011516,1976-10-13,Female,2026-04-11 09:31:21.4933333
AW00011517,1959-12-18,Female,2026-04-11 09:31:21.4933333
AW00011518,1960-11-06,Male,2026-04-11 09:31:21.4933333
AW00011519,1960-09-13,Male,2026-04-11 09:31:21.4933333
AW00011520,1960-10-08,Female,2026-04-11 09:31:21.4933333
AW00011521,1977-12-01,Female,2026-04-11 09:31:21.4933333
AW00011522,1972-06-17,Male,2026-04-11 09:31:21.4933333
AW00011523,1962-02-07,Male,2026-04-11 09:31:21.4933333
AW00011524,1961-07-22,Female,2026-04-11 09:31:21.4933333
AW00011525,1961-07-08,Female,2026-04-11 09:31:21.4933333
AW00011526,1973-01-30,Female,2026-04-11 09:31:21.4933333
AW00011527,1961-12-02,Female,2026-04-11 09:31:21.4933333
AW00011528,1968-08-15,Female,2026-04-11 09:31:21.4933333
AW00011529,1963-05-16,Male,2026-04-11 09:31:21.4933333
AW00011530,1963-01-23,Male,2026-04-11 09:31:21.4933333
AW00011531,1962-07-07,Female,2026-04-11 09:31:21.4933333
AW00011532,1962-08-26,Female,2026-04-11 09:31:21.4933333
AW00011533,1968-07-17,Female,2026-04-11 09:31:21.4933333
AW00011534,1964-05-12,Male,2026-04-11 09:31:21.4933333
AW00011535,1963-12-31,Male,2026-04-11 09:31:21.4933333
AW00011536,1969-04-13,Male,2026-04-11 09:31:21.4933333
AW00011537,1963-09-21,Male,2026-04-11 09:31:21.4933333
AW00011538,1965-02-24,Female,2026-04-11 09:31:21.4933333
AW00011539,1970-08-18,Male,2026-04-11 09:31:21.4933333
AW00011540,1970-01-24,Male,2026-04-11 09:31:21.4933333
AW00011541,1964-10-09,Male,2026-04-11 09:31:21.4933333
AW00011542,1979-09-07,Male,2026-04-11 09:31:21.4933333
AW00011543,1973-08-16,Female,2026-04-11 09:31:21.4933333
AW00011544,1979-05-04,Male,2026-04-11 09:31:21.4933333
AW00011545,1973-09-22,Male,2026-04-11 09:31:21.4933333
AW00011546,1973-09-11,Female,2026-04-11 09:31:21.4933333
AW00011547,1979-03-05,Female,2026-04-11 09:31:21.4933333
AW00011548,1974-04-11,Male,2026-04-11 09:31:21.4933333
AW00011549,1979-09-03,Female,2026-04-11 09:31:21.4933333
AW00011550,1979-08-05,Female,2026-04-11 09:31:21.4933333
AW00011551,NULL,Male,2026-04-11 09:31:21.4933333
AW00011552,1972-11-23,Male,2026-04-11 09:31:21.4933333
AW00011553,1973-03-08,Female,2026-04-11 09:31:21.4933333
AW00011554,1932-03-27,Female,2026-04-11 09:31:21.4933333
AW00011555,1937-07-04,Female,2026-04-11 09:31:21.4933333
AW00011556,1972-11-10,Male,2026-04-11 09:31:21.4933333
AW00011557,1972-07-14,Female,2026-04-11 09:31:21.4933333
AW00011558,1973-02-18,Male,2026-04-11 09:31:21.4933333
AW00011559,1978-12-12,Male,2026-04-11 09:31:21.4933333
AW00011560,1978-08-09,Female,2026-04-11 09:31:21.4933333
AW00011561,1972-01-21,Female,2026-04-11 09:31:21.4933333
AW00011562,NULL,Male,2026-04-11 09:31:21.4933333
AW00011563,1971-08-01,Male,2026-04-11 09:31:21.4933333
AW00011564,1972-01-09,Male,2026-04-11 09:31:21.4933333
AW00011565,1971-12-30,Male,2026-04-11 09:31:21.4933333
AW00011566,1973-03-01,Female,2026-04-11 09:31:21.4933333
AW00011567,1978-09-19,Female,2026-04-11 09:31:21.4933333
AW00011568,1972-04-21,Female,2026-04-11 09:31:21.4933333
AW00011569,1977-05-06,Male,2026-04-11 09:31:21.4933333
AW00011570,1971-07-22,Female,2026-04-11 09:31:21.4933333
AW00011571,1971-11-15,Male,2026-04-11 09:31:21.4933333
AW00011572,1977-03-11,Male,2026-04-11 09:31:21.4933333
AW00011573,1976-11-11,Female,2026-04-11 09:31:21.4933333
AW00011574,1971-01-14,Female,2026-04-11 09:31:21.4933333
AW00011575,1970-10-19,Male,2026-04-11 09:31:21.4933333
AW00011576,1970-08-10,Male,2026-04-11 09:31:21.4933333
AW00011577,1971-04-21,Female,2026-04-11 09:31:21.4933333
AW00011578,1970-05-08,Female,2026-04-11 09:31:21.4933333
AW00011579,1981-02-13,Male,2026-04-11 09:31:21.4933333
AW00011580,1939-03-12,Male,2026-04-11 09:31:21.4933333
AW00011581,NULL,Female,2026-04-11 09:31:21.4933333
AW00011582,1974-04-09,Female,2026-04-11 09:31:21.4933333
AW00011583,1971-03-26,Female,2026-04-11 09:31:21.4933333
AW00011584,1971-05-22,Male,2026-04-11 09:31:21.4933333
AW00011585,1976-03-04,Female,2026-04-11 09:31:21.4933333
AW00011586,1971-06-14,Male,2026-04-11 09:31:21.4933333
AW00011587,1975-10-18,Male,2026-04-11 09:31:21.4933333
AW00011588,1970-01-11,Female,2026-04-11 09:31:21.4933333
AW00011589,1975-05-01,Female,2026-04-11 09:31:21.4933333
AW00011590,1980-04-12,Female,2026-04-11 09:31:21.4933333
AW00011591,1968-11-12,Female,2026-04-11 09:31:21.4933333
AW00011592,1984-03-03,Male,2026-04-11 09:31:21.4933333
AW00011593,1982-09-22,Male,2026-04-11 09:31:21.4933333
AW00011594,1985-05-03,Male,2026-04-11 09:31:21.4933333
AW00011595,1984-12-29,Male,2026-04-11 09:31:21.4933333
AW00011596,1969-03-02,Male,2026-04-11 09:31:21.4933333
AW00011597,1983-08-06,Female,2026-04-11 09:31:21.4933333
AW00011598,1983-12-30,Female,2026-04-11 09:31:21.4933333
AW00011599,1983-03-16,Female,2026-04-11 09:31:21.4933333
AW00011600,1982-10-05,Female,2026-04-11 09:31:21.4933333
AW00011601,1983-02-18,Male,2026-04-11 09:31:21.4933333
AW00011602,1982-10-11,Male,2026-04-11 09:31:21.4933333
AW00011603,1982-08-06,Male,2026-04-11 09:31:21.4933333
AW00011604,1982-12-01,Male,2026-04-11 09:31:21.4933333
AW00011605,1982-05-20,Female,2026-04-11 09:31:21.4933333
AW00011606,1986-01-30,Female,2026-04-11 09:31:21.4933333
AW00011607,1986-05-05,Male,2026-04-11 09:31:21.4933333
AW00011608,1981-09-01,Male,2026-04-11 09:31:21.4933333
AW00011609,1981-12-24,Male,2026-04-11 09:31:21.4933333
AW00011610,1980-10-20,Male,2026-04-11 09:31:21.4933333
AW00011611,1985-02-23,Male,2026-04-11 09:31:21.4933333
AW00011612,1985-10-07,Male,2026-04-11 09:31:21.4933333
AW00011613,1981-05-02,Female,2026-04-11 09:31:21.4933333
AW00011614,1981-02-13,Female,2026-04-11 09:31:21.4933333
AW00011615,1981-05-20,Male,2026-04-11 09:31:21.4933333
AW00011616,1980-09-05,Female,2026-04-11 09:31:21.4933333
AW00011617,1964-10-01,Male,2026-04-11 09:31:21.4933333
AW00011618,1964-10-21,Male,2026-04-11 09:31:21.4933333
AW00011619,1978-10-29,Female,2026-04-11 09:31:21.4933333
AW00011620,1978-10-18,Female,2026-04-11 09:31:21.4933333
AW00011621,1978-08-19,Female,2026-04-11 09:31:21.4933333
AW00011622,1979-06-16,Male,2026-04-11 09:31:21.4933333
AW00011623,1978-12-25,Female,2026-04-11 09:31:21.4933333
AW00011624,1984-03-19,Male,2026-04-11 09:31:21.4933333
AW00011625,1978-07-19,Male,2026-04-11 09:31:21.4933333
AW00011626,1978-12-12,Female,2026-04-11 09:31:21.4933333
AW00011627,1978-08-27,Male,2026-04-11 09:31:21.4933333
AW00011628,1977-11-14,Female,2026-04-11 09:31:21.4933333
AW00011629,1976-08-07,Male,2026-04-11 09:31:21.4933333
AW00011630,1977-06-23,Female,2026-04-11 09:31:21.4933333
AW00011631,1976-08-12,Male,2026-04-11 09:31:21.4933333
AW00011632,1982-05-02,Female,2026-04-11 09:31:21.4933333
AW00011633,1977-11-23,Male,2026-04-11 09:31:21.4933333
AW00011634,1977-12-10,Male,2026-04-11 09:31:21.4933333
AW00011635,1983-08-11,Male,2026-04-11 09:31:21.4933333
AW00011636,1978-06-21,Female,2026-04-11 09:31:21.4933333
AW00011637,1983-08-11,Female,2026-04-11 09:31:21.4933333
AW00011638,1977-09-09,Male,2026-04-11 09:31:21.4933333
AW00011639,1978-06-22,Female,2026-04-11 09:31:21.4933333
AW00011640,1975-10-31,Female,2026-04-11 09:31:21.4933333
AW00011641,1976-02-09,Male,2026-04-11 09:31:21.4933333
AW00011642,1976-06-24,Female,2026-04-11 09:31:21.4933333
AW00011643,1976-01-24,Female,2026-04-11 09:31:21.4933333
AW00011644,1975-04-06,Male,2026-04-11 09:31:21.4933333
AW00011645,1975-04-18,Female,2026-04-11 09:31:21.4933333
AW00011646,1980-03-15,Female,2026-04-11 09:31:21.4933333
AW00011647,1975-03-22,Male,2026-04-11 09:31:21.4933333
AW00011648,1980-04-12,Male,2026-04-11 09:31:21.4933333
AW00011649,1980-01-23,Male,2026-04-11 09:31:21.4933333
AW00011650,1975-01-23,Male,2026-04-11 09:31:21.4933333
AW00011651,1982-12-13,Female,2026-04-11 09:31:21.4933333
AW00011652,1982-05-01,Male,2026-04-11 09:31:21.4933333
AW00011653,1982-06-04,Female,2026-04-11 09:31:21.4933333
AW00011654,1977-03-18,Female,2026-04-11 09:31:21.4933333
AW00011655,1982-03-28,Female,2026-04-11 09:31:21.4933333
AW00011656,1977-03-19,Female,2026-04-11 09:31:21.4933333
AW00011657,1976-10-31,Female,2026-04-11 09:31:21.4933333
AW00011658,1985-08-03,Male,2026-04-11 09:31:21.4933333
AW00011659,1974-10-20,Male,2026-04-11 09:31:21.4933333
AW00011660,1980-01-19,Female,2026-04-11 09:31:21.4933333
AW00011661,1981-01-03,Male,2026-04-11 09:31:21.4933333
AW00011662,1976-01-01,Male,2026-04-11 09:31:21.4933333
AW00011663,1975-08-25,Male,2026-04-11 09:31:21.4933333
AW00011664,1975-08-09,Female,2026-04-11 09:31:21.4933333
AW00011665,1976-06-11,Female,2026-04-11 09:31:21.4933333
AW00011666,1981-12-13,Male,2026-04-11 09:31:21.4933333
AW00011667,1972-12-18,Male,2026-04-11 09:31:21.4933333
AW00011668,1984-03-02,Female,2026-04-11 09:31:21.4933333
AW00011669,1978-10-17,Female,2026-04-11 09:31:21.4933333
AW00011670,1973-04-15,Female,2026-04-11 09:31:21.4933333
AW00011671,1971-11-15,Female,2026-04-11 09:31:21.4933333
AW00011672,1972-03-20,Male,2026-04-11 09:31:21.4933333
AW00011673,1977-02-03,Female,2026-04-11 09:31:21.4933333
AW00011674,1972-02-15,Female,2026-04-11 09:31:21.4933333
AW00011675,1977-01-29,Male,2026-04-11 09:31:21.4933333
AW00011676,1971-08-13,Male,2026-04-11 09:31:21.4933333
AW00011677,1980-10-10,Male,2026-04-11 09:31:21.4933333
AW00011678,1974-07-28,Male,2026-04-11 09:31:21.4933333
AW00011679,1974-11-05,Male,2026-04-11 09:31:21.4933333
AW00011680,1975-03-04,Female,2026-04-11 09:31:21.4933333
AW00011681,1975-02-04,Female,2026-04-11 09:31:21.4933333
AW00011682,1980-03-12,Female,2026-04-11 09:31:21.4933333
AW00011683,1974-07-05,Male,2026-04-11 09:31:21.4933333
AW00011684,1971-03-31,Male,2026-04-11 09:31:21.4933333
AW00011685,1970-08-07,Male,2026-04-11 09:31:21.4933333
AW00011686,1976-04-09,Male,2026-04-11 09:31:21.4933333
AW00011687,1976-07-09,Male,2026-04-11 09:31:21.4933333
AW00011688,1976-12-21,Female,2026-04-11 09:31:21.4933333
AW00011689,1971-03-06,Male,2026-04-11 09:31:21.4933333
AW00011690,1976-01-10,Female,2026-04-11 09:31:21.4933333
AW00011691,1974-12-30,Female,2026-04-11 09:31:21.4933333
AW00011692,1969-12-17,Male,2026-04-11 09:31:21.4933333
AW00011693,1975-09-21,Female,2026-04-11 09:31:21.4933333
AW00011694,1969-09-21,Male,2026-04-11 09:31:21.4933333
AW00011695,1969-07-10,Male,2026-04-11 09:31:21.4933333
AW00011696,1975-04-02,Female,2026-04-11 09:31:21.4933333
AW00011697,1975-06-21,Male,2026-04-11 09:31:21.4933333
AW00011698,1975-11-22,Male,2026-04-11 09:31:21.4933333
AW00011699,1968-09-12,Male,2026-04-11 09:31:21.4933333
AW00011700,1969-05-24,Male,2026-04-11 09:31:21.4933333
AW00011701,1985-08-16,Male,2026-04-11 09:31:21.4933333
AW00011702,1974-10-13,Female,2026-04-11 09:31:21.4933333
AW00011703,1973-12-22,Female,2026-04-11 09:31:21.4933333
AW00011704,1973-11-29,Male,2026-04-11 09:31:21.4933333
AW00011705,1979-05-18,Female,2026-04-11 09:31:21.4933333
AW00011706,1968-08-13,Male,2026-04-11 09:31:21.4933333
AW00011707,1969-06-20,Female,2026-04-11 09:31:21.4933333
AW00011708,1974-09-15,Female,2026-04-11 09:31:21.4933333
AW00011709,1968-08-18,Female,2026-04-11 09:31:21.4933333
AW00011710,1967-09-17,Female,2026-04-11 09:31:21.4933333
AW00011711,1973-12-04,Male,2026-04-11 09:31:21.4933333
AW00011712,1968-05-02,Female,2026-04-11 09:31:21.4933333
AW00011713,1967-09-17,Male,2026-04-11 09:31:21.4933333
AW00011714,1968-04-16,Female,2026-04-11 09:31:21.4933333
AW00011715,1968-03-20,Female,2026-04-11 09:31:21.4933333
AW00011716,1967-04-20,Male,2026-04-11 09:31:21.4933333
AW00011717,1972-08-29,Male,2026-04-11 09:31:21.4933333
AW00011718,1972-11-10,Female,2026-04-11 09:31:21.4933333
AW00011719,1971-05-05,Male,2026-04-11 09:31:21.4933333
AW00011720,1965-09-23,Female,2026-04-11 09:31:21.4933333
AW00011721,1971-01-18,Female,2026-04-11 09:31:21.4933333
AW00011722,1965-12-30,Male,2026-04-11 09:31:21.4933333
AW00011723,1973-02-17,Male,2026-04-11 09:31:21.4933333
AW00011724,1972-10-12,Male,2026-04-11 09:31:21.4933333
AW00011725,1973-03-16,Male,2026-04-11 09:31:21.4933333
AW00011726,1973-01-13,Male,2026-04-11 09:31:21.4933333
AW00011727,1973-01-05,Male,2026-04-11 09:31:21.4933333
AW00011728,1965-07-06,Male,2026-04-11 09:31:21.4933333
AW00011729,1971-05-03,Male,2026-04-11 09:31:21.4933333
AW00011730,1966-04-01,Female,2026-04-11 09:31:21.4933333
AW00011731,1966-02-16,Female,2026-04-11 09:31:21.4933333
AW00011732,1970-02-04,Male,2026-04-11 09:31:21.4933333
AW00011733,1970-07-23,Female,2026-04-11 09:31:21.4933333
AW00011734,1970-08-21,Male,2026-04-11 09:31:21.4933333
AW00011735,1964-07-21,Female,2026-04-11 09:31:21.4933333
AW00011736,1970-09-21,Male,2026-04-11 09:31:21.4933333
AW00011737,1970-02-04,Female,2026-04-11 09:31:21.4933333
AW00011738,1970-10-05,Male,2026-04-11 09:31:21.4933333
AW00011739,1964-11-10,Male,2026-04-11 09:31:21.4933333
AW00011740,1964-10-21,Female,2026-04-11 09:31:21.4933333
AW00011741,1965-01-22,Female,2026-04-11 09:31:21.4933333
AW00011742,1964-05-01,Male,2026-04-11 09:31:21.4933333
AW00011743,1974-09-09,Male,2026-04-11 09:31:21.4933333
AW00011744,1964-03-06,Female,2026-04-11 09:31:21.4933333
AW00011745,1964-04-11,Female,2026-04-11 09:31:21.4933333
AW00011746,1964-05-30,Male,2026-04-11 09:31:21.4933333
AW00011747,1963-08-09,Female,2026-04-11 09:31:21.4933333
AW00011748,1964-01-15,Male,2026-04-11 09:31:21.4933333
AW00011749,1980-09-09,Male,2026-04-11 09:31:21.4933333
AW00011750,1984-09-17,Female,2026-04-11 09:31:21.4933333
AW00011751,1976-01-14,Female,2026-04-11 09:31:21.4933333
AW00011752,1981-05-03,Female,2026-04-11 09:31:21.4933333
AW00011753,1975-09-15,Female,2026-04-11 09:31:21.4933333
AW00011754,1976-01-05,Female,2026-04-11 09:31:21.4933333
AW00011755,1973-11-12,Male,2026-04-11 09:31:21.4933333
AW00011756,1974-03-13,Female,2026-04-11 09:31:21.4933333
AW00011757,1979-05-11,Male,2026-04-11 09:31:21.4933333
AW00011758,1979-12-19,Male,2026-04-11 09:31:21.4933333
AW00011759,1980-11-18,Female,2026-04-11 09:31:21.4933333
AW00011760,1973-04-25,Female,2026-04-11 09:31:21.4933333
AW00011761,1972-10-16,Male,2026-04-11 09:31:21.4933333
AW00011762,1984-02-17,Male,2026-04-11 09:31:21.4933333
AW00011763,1972-08-10,Male,2026-04-11 09:31:21.4933333
AW00011764,1973-01-13,Female,2026-04-11 09:31:21.4933333
AW00011765,1983-04-06,Male,2026-04-11 09:31:21.4933333
AW00011766,1972-01-01,Female,2026-04-11 09:31:21.4933333
AW00011767,1977-05-20,Female,2026-04-11 09:31:21.4933333
AW00011768,1983-04-03,Male,2026-04-11 09:31:21.4933333
AW00011769,1979-02-14,Female,2026-04-11 09:31:21.4933333
AW00011770,1979-02-20,Male,2026-04-11 09:31:21.4933333
AW00011771,1979-04-07,Male,2026-04-11 09:31:21.4933333
AW00011772,1984-01-21,Male,2026-04-11 09:31:21.4933333
AW00011773,1979-01-03,Male,2026-04-11 09:31:21.4933333
AW00011774,1978-10-10,Female,2026-04-11 09:31:21.4933333
AW00011775,NULL,Female,2026-04-11 09:31:21.4933333
AW00011776,1978-12-31,Male,2026-04-11 09:31:21.4933333
AW00011777,1978-01-21,Female,2026-04-11 09:31:21.4933333
AW00011778,1976-09-17,Female,2026-04-11 09:31:21.4933333
AW00011779,1977-01-15,Female,2026-04-11 09:31:21.4933333
AW00011780,1977-05-19,Female,2026-04-11 09:31:21.4933333
AW00011781,1976-09-06,Male,2026-04-11 09:31:21.4933333
AW00011782,1982-03-13,Female,2026-04-11 09:31:21.4933333
AW00011783,1982-11-13,Female,2026-04-11 09:31:21.4933333
AW00011784,1978-06-18,Male,2026-04-11 09:31:21.4933333
AW00011785,1983-02-21,Male,2026-04-11 09:31:21.4933333
AW00011786,1978-03-13,Male,2026-04-11 09:31:21.4933333
AW00011787,1978-03-05,Male,2026-04-11 09:31:21.4933333
AW00011788,1977-08-18,Female,2026-04-11 09:31:21.4933333
AW00011789,1981-02-16,Female,2026-04-11 09:31:21.4933333
AW00011790,1981-05-17,Male,2026-04-11 09:31:21.4933333
AW00011791,1975-10-19,Male,2026-04-11 09:31:21.4933333
AW00011792,1974-11-24,Female,2026-04-11 09:31:21.4933333
AW00011793,1980-03-16,Male,2026-04-11 09:31:21.4933333
AW00011794,1975-05-01,Female,2026-04-11 09:31:21.4933333
AW00011795,1974-08-15,Female,2026-04-11 09:31:21.4933333
AW00011796,1985-08-03,Female,2026-04-11 09:31:21.4933333
AW00011797,1980-03-03,Male,2026-04-11 09:31:21.4933333
AW00011798,1974-08-12,Male,2026-04-11 09:31:21.4933333
AW00011799,1980-09-09,Male,2026-04-11 09:31:21.4933333
AW00011800,1975-05-07,Female,2026-04-11 09:31:21.4933333
AW00011801,1975-03-16,Male,2026-04-11 09:31:21.4933333
AW00011802,1977-02-05,Female,2026-04-11 09:31:21.4933333
AW00011803,1977-03-11,Female,2026-04-11 09:31:21.4933333
AW00011804,1976-10-15,Female,2026-04-11 09:31:21.4933333
AW00011805,1976-09-08,Male,2026-04-11 09:31:21.4933333
AW00011806,1982-08-06,Female,2026-04-11 09:31:21.4933333
AW00011807,1977-03-03,Male,2026-04-11 09:31:21.4933333
AW00011808,1974-10-10,Male,2026-04-11 09:31:21.4933333
AW00011809,1973-07-01,Male,2026-04-11 09:31:21.4933333
AW00011810,1978-01-03,Male,2026-04-11 09:31:21.4933333
AW00011811,1978-06-11,Female,2026-04-11 09:31:21.4933333
AW00011812,1973-03-21,Male,2026-04-11 09:31:21.4933333
AW00011813,1973-05-11,Female,2026-04-11 09:31:21.4933333
AW00011814,1976-01-05,Male,2026-04-11 09:31:21.4933333
AW00011815,1981-04-20,Female,2026-04-11 09:31:21.4933333
AW00011816,1981-10-19,Male,2026-04-11 09:31:21.4933333
AW00011817,1981-11-23,Female,2026-04-11 09:31:21.4933333
AW00011818,1975-10-20,Male,2026-04-11 09:31:21.4933333
AW00011819,1973-04-08,Male,2026-04-11 09:31:21.4933333
AW00011820,1977-08-22,Female,2026-04-11 09:31:21.4933333
AW00011821,1971-10-13,Male,2026-04-11 09:31:21.4933333
AW00011822,1971-12-11,Female,2026-04-11 09:31:21.4933333
AW00011823,1977-10-20,Female,2026-04-11 09:31:21.4933333
AW00011824,1977-10-03,Female,2026-04-11 09:31:21.4933333
AW00011825,1971-11-15,Female,2026-04-11 09:31:21.4933333
AW00011826,1971-08-15,Female,2026-04-11 09:31:21.4933333
AW00011827,1980-09-16,Female,2026-04-11 09:31:21.4933333
AW00011828,1980-06-04,Female,2026-04-11 09:31:21.4933333
AW00011829,1975-05-02,Female,2026-04-11 09:31:21.4933333
AW00011830,1974-07-15,Female,2026-04-11 09:31:21.4933333
AW00011831,1975-05-24,Male,2026-04-11 09:31:21.4933333
AW00011832,1976-04-01,Female,2026-04-11 09:31:21.4933333
AW00011833,1982-01-16,Male,2026-04-11 09:31:21.4933333
AW00011834,1982-04-20,Male,2026-04-11 09:31:21.4933333
AW00011835,1970-12-17,Male,2026-04-11 09:31:21.4933333
AW00011836,1970-10-25,Male,2026-04-11 09:31:21.4933333
AW00011837,1976-08-05,Female,2026-04-11 09:31:21.4933333
AW00011838,1970-08-09,Male,2026-04-11 09:31:21.4933333
AW00011839,1976-07-21,Male,2026-04-11 09:31:21.4933333
AW00011840,1976-05-13,Male,2026-04-11 09:31:21.4933333
AW00011841,1969-09-13,Male,2026-04-11 09:31:21.4933333
AW00011842,1970-04-03,Male,2026-04-11 09:31:21.4933333
AW00011843,1975-11-08,Female,2026-04-11 09:31:21.4933333
AW00011844,1969-10-06,Female,2026-04-11 09:31:21.4933333
AW00011845,1930-02-15,Female,2026-04-11 09:31:21.4933333
AW00011846,1969-12-13,Female,2026-04-11 09:31:21.4933333
AW00011847,1970-05-31,Female,2026-04-11 09:31:21.4933333
AW00011848,1975-02-24,Male,2026-04-11 09:31:21.4933333
AW00011849,1970-03-13,Female,2026-04-11 09:31:21.4933333
AW00011850,1980-09-16,Female,2026-04-11 09:31:21.4933333
AW00011851,1969-03-07,Female,2026-04-11 09:31:21.4933333
AW00011852,1969-04-23,Male,2026-04-11 09:31:21.4933333
AW00011853,1979-11-15,Female,2026-04-11 09:31:21.4933333
AW00011854,1973-10-16,Male,2026-04-11 09:31:21.4933333
AW00011855,1974-08-09,Male,2026-04-11 09:31:21.4933333
AW00011856,1969-02-13,Male,2026-04-11 09:31:21.4933333
AW00011857,1974-03-08,Female,2026-04-11 09:31:21.4933333
AW00011858,1968-06-05,Male,2026-04-11 09:31:21.4933333
AW00011859,1968-03-08,Male,2026-04-11 09:31:21.4933333
AW00011860,1967-07-09,Female,2026-04-11 09:31:21.4933333
AW00011861,1967-10-22,Female,2026-04-11 09:31:21.4933333
AW00011862,1972-09-11,Female,2026-04-11 09:31:21.4933333
AW00011863,1967-04-10,Female,2026-04-11 09:31:21.4933333
AW00011864,1967-03-06,Female,2026-04-11 09:31:21.4933333
AW00011865,1966-08-06,Female,2026-04-11 09:31:21.4933333
AW00011866,1966-12-30,Male,2026-04-11 09:31:21.4933333
AW00011867,1971-04-21,Male,2026-04-11 09:31:21.4933333
AW00011868,1973-01-31,Female,2026-04-11 09:31:21.4933333
AW00011869,1984-05-01,Female,2026-04-11 09:31:21.4933333
AW00011870,1978-07-10,Female,2026-04-11 09:31:21.4933333
AW00011871,1978-08-12,Male,2026-04-11 09:31:21.4933333
AW00011872,1978-07-17,Female,2026-04-11 09:31:21.4933333
AW00011873,1972-10-09,Male,2026-04-11 09:31:21.4933333
AW00011874,1978-03-06,Male,2026-04-11 09:31:21.4933333
AW00011875,1966-01-31,Male,2026-04-11 09:31:21.4933333
AW00011876,1966-05-13,Female,2026-04-11 09:31:21.4933333
AW00011877,1966-04-06,Female,2026-04-11 09:31:21.4933333
AW00011878,1971-02-04,Female,2026-04-11 09:31:21.4933333
AW00011879,1971-09-30,Male,2026-04-11 09:31:21.4933333
AW00011880,1965-02-16,Female,2026-04-11 09:31:21.4933333
AW00011881,1965-01-20,Male,2026-04-11 09:31:21.4933333
AW00011882,1975-09-05,Male,2026-04-11 09:31:21.4933333
AW00011883,1965-02-10,Female,2026-04-11 09:31:21.4933333
AW00011884,1970-04-22,Female,2026-04-11 09:31:21.4933333
AW00011885,1970-09-21,Male,2026-04-11 09:31:21.4933333
AW00011886,1963-07-20,Female,2026-04-11 09:31:21.4933333
AW00011887,1963-10-03,Male,2026-04-11 09:31:21.4933333
AW00011888,1969-12-18,Male,2026-04-11 09:31:21.4933333
AW00011889,1963-11-25,Male,2026-04-11 09:31:21.4933333
AW00011890,1964-05-14,Female,2026-04-11 09:31:21.4933333
AW00011891,1969-09-13,Female,2026-04-11 09:31:21.4933333
AW00011892,1975-04-07,Male,2026-04-11 09:31:21.4933333
AW00011893,1974-08-09,Male,2026-04-11 09:31:21.4933333
AW00011894,1980-04-30,Female,2026-04-11 09:31:21.4933333
AW00011895,1975-01-18,Male,2026-04-11 09:31:21.4933333
AW00011896,1975-05-18,Male,2026-04-11 09:31:21.4933333
AW00011897,1974-05-28,Male,2026-04-11 09:31:21.4933333
AW00011898,1975-12-31,Female,2026-04-11 09:31:21.4933333
AW00011899,1976-03-15,Female,2026-04-11 09:31:21.4933333
AW00011900,1981-03-03,Male,2026-04-11 09:31:21.4933333
AW00011901,1973-08-18,Female,2026-04-11 09:31:21.4933333
AW00011902,1972-09-14,Male,2026-04-11 09:31:21.4933333
AW00011903,1985-10-21,Female,2026-04-11 09:31:21.4933333
AW00011904,1986-05-05,Female,2026-04-11 09:31:21.4933333
AW00011905,1974-12-14,Male,2026-04-11 09:31:21.4933333
AW00011906,1972-08-17,Female,2026-04-11 09:31:21.4933333
AW00011907,1973-03-07,Female,2026-04-11 09:31:21.4933333
AW00011908,1972-01-08,Male,2026-04-11 09:31:21.4933333
AW00011909,1971-08-10,Female,2026-04-11 09:31:21.4933333
AW00011910,1971-12-10,Female,2026-04-11 09:31:21.4933333
AW00011911,1972-05-15,Female,2026-04-11 09:31:21.4933333
AW00011912,NULL,Female,2026-04-11 09:31:21.4933333
AW00011913,1970-12-09,Female,2026-04-11 09:31:21.4933333
AW00011914,1979-05-05,Female,2026-04-11 09:31:21.4933333
AW00011915,NULL,Male,2026-04-11 09:31:21.4933333
AW00011916,1976-09-03,Male,2026-04-11 09:31:21.4933333
AW00011917,1971-04-21,Male,2026-04-11 09:31:21.4933333
AW00011918,1969-08-31,Female,2026-04-11 09:31:21.4933333
AW00011919,1969-08-17,Male,2026-04-11 09:31:21.4933333
AW00011920,1975-02-24,Female,2026-04-11 09:31:21.4933333
AW00011921,1970-06-22,Male,2026-04-11 09:31:21.4933333
AW00011922,1985-02-13,Male,2026-04-11 09:31:21.4933333
AW00011923,1985-04-21,Female,2026-04-11 09:31:21.4933333
AW00011924,1985-04-23,Male,2026-04-11 09:31:21.4933333
AW00011925,1984-05-05,Female,2026-04-11 09:31:21.4933333
AW00011926,1983-09-15,Male,2026-04-11 09:31:21.4933333
AW00011927,1984-01-21,Female,2026-04-11 09:31:21.4933333
AW00011928,1984-03-06,Female,2026-04-11 09:31:21.4933333
AW00011929,1962-08-08,Female,2026-04-11 09:31:21.4933333
AW00011930,1952-10-31,Female,2026-04-11 09:31:21.4933333
AW00011931,1984-05-12,Male,2026-04-11 09:31:21.4933333
AW00011932,1984-02-08,Female,2026-04-11 09:31:21.4933333
AW00011933,1982-09-01,Male,2026-04-11 09:31:21.4933333
AW00011934,1983-04-13,Male,2026-04-11 09:31:21.4933333
AW00011935,1983-05-19,Female,2026-04-11 09:31:21.4933333
AW00011936,1982-10-09,Male,2026-04-11 09:31:21.4933333
AW00011937,1982-12-03,Male,2026-04-11 09:31:21.4933333
AW00011938,1983-03-21,Male,2026-04-11 09:31:21.4933333
AW00011939,1982-12-20,Male,2026-04-11 09:31:21.4933333
AW00011940,1983-01-09,Male,2026-04-11 09:31:21.4933333
AW00011941,1982-05-26,Male,2026-04-11 09:31:21.4933333
AW00011942,1954-12-11,Male,2026-04-11 09:31:21.4933333
AW00011943,1954-08-27,Female,2026-04-11 09:31:21.4933333
AW00011944,1956-04-13,Female,2026-04-11 09:31:21.4933333
AW00011945,1986-03-11,Male,2026-04-11 09:31:21.4933333
AW00011946,1956-07-02,Female,2026-04-11 09:31:21.4933333
AW00011947,1957-04-20,Female,2026-04-11 09:31:21.4933333
AW00011948,1956-10-07,Female,2026-04-11 09:31:21.4933333
AW00011949,1986-05-05,Female,2026-04-11 09:31:21.4933333
AW00011950,1985-03-09,Female,2026-04-11 09:31:21.4933333
AW00011951,1958-02-03,Female,2026-04-11 09:31:21.4933333
AW00011952,1960-03-22,Male,2026-04-11 09:31:21.4933333
AW00011953,1981-03-03,Female,2026-04-11 09:31:21.4933333
AW00011954,1981-02-13,Male,2026-04-11 09:31:21.4933333
AW00011955,1980-10-02,Male,2026-04-11 09:31:21.4933333
AW00011956,1985-08-30,Female,2026-04-11 09:31:21.4933333
AW00011957,1979-02-09,Female,2026-04-11 09:31:21.4933333
AW00011958,1978-07-06,Male,2026-04-11 09:31:21.4933333
AW00011959,1978-10-05,Female,2026-04-11 09:31:21.4933333
AW00011960,1978-12-31,Female,2026-04-11 09:31:21.4933333
AW00011961,1978-12-22,Female,2026-04-11 09:31:21.4933333
AW00011962,1982-05-28,Female,2026-04-11 09:31:21.4933333
AW00011963,1960-12-10,Male,2026-04-11 09:31:21.4933333
AW00011964,1967-02-13,Male,2026-04-11 09:31:21.4933333
AW00011965,1962-04-18,Female,2026-04-11 09:31:21.4933333
AW00011966,1967-02-13,Male,2026-04-11 09:31:21.4933333
AW00011967,1962-08-10,Female,2026-04-11 09:31:21.4933333
AW00011968,1964-04-19,Female,2026-04-11 09:31:21.4933333
AW00011969,1964-01-22,Male,2026-04-11 09:31:21.4933333
AW00011970,1984-11-12,Female,2026-04-11 09:31:21.4933333
AW00011971,1979-03-03,Female,2026-04-11 09:31:21.4933333
AW00011972,1979-09-20,Female,2026-04-11 09:31:21.4933333
AW00011973,1979-08-03,Female,2026-04-11 09:31:21.4933333
AW00011974,1979-08-07,Male,2026-04-11 09:31:21.4933333
AW00011975,1980-04-02,Female,2026-04-11 09:31:21.4933333
AW00011976,1970-05-22,Female,2026-04-11 09:31:21.4933333
AW00011977,1964-11-19,Female,2026-04-11 09:31:21.4933333
AW00011978,1977-10-18,Male,2026-04-11 09:31:21.4933333
AW00011979,1962-11-05,Male,2026-04-11 09:31:21.4933333
AW00011980,1963-06-17,Female,2026-04-11 09:31:21.4933333
AW00011981,1962-08-03,Female,2026-04-11 09:31:21.4933333
AW00011982,1962-10-02,Female,2026-04-11 09:31:21.4933333
AW00011983,1968-02-24,Female,2026-04-11 09:31:21.4933333
AW00011984,1962-12-04,Male,2026-04-11 09:31:21.4933333
AW00011985,1963-05-18,Female,2026-04-11 09:31:21.4933333
AW00011986,1969-01-20,Male,2026-04-11 09:31:21.4933333
AW00011987,1973-05-26,Female,2026-04-11 09:31:21.4933333
AW00011988,1968-02-17,Female,2026-04-11 09:31:21.4933333
AW00011989,1984-03-20,Female,2026-04-11 09:31:21.4933333
AW00011990,1968-01-12,Female,2026-04-11 09:31:21.4933333
AW00011991,1968-02-07,Male,2026-04-11 09:31:21.4933333
AW00011992,1972-06-09,Female,2026-04-11 09:31:21.4933333
AW00011993,1977-09-12,Female,2026-04-11 09:31:21.4933333
AW00011994,1977-10-18,Female,2026-04-11 09:31:21.4933333
AW00011995,1965-12-12,Male,2026-04-11 09:31:21.4933333
AW00011996,1966-01-30,Female,2026-04-11 09:31:21.4933333
AW00011997,1971-04-04,Female,2026-04-11 09:31:21.4933333
AW00011998,1966-02-07,Female,2026-04-11 09:31:21.4933333
AW00011999,1965-12-03,Male,2026-04-11 09:31:21.4933333
